Creator,Suggested Product 1,Product ID 1,Total GMV 1,Suggested Product 2,Product ID 2,Total GMV 2,Suggested Product 3,Product ID 3,Total GMV 3,Suggested Product 4,Product ID 4,Total GMV 4,Suggested Product 5,Product ID 5,Total GMV 5
_alanacalvs,Eleplus 3 Pieces Lightly Lined Wireless Bras for Women Comfy Plunge T Shirt Bra Pack Style Womenswear for Everyday & Bridal Events #SummerVibes,1731831726131155211,"$62,959.88",PrettyGarden Women's Oversized Cardigan Sweater Fall Long Lantern Sleeve Knit Open Front Lightweight Sweater Knitwear Tops,1731208195967717743,"$55,715.48",OEAK Womens Jelly Bras Wireless Comfortable Soft Push Up Bralettes Seamless Tshirts Bras Deep V Everyday Bras,1729714461980332262,"$51,540.70","2026 Dumpling Squishy Advent Calendar - Indoor Recreation Stress Relief Toy, 24 Surprise Kawaii Mini Food Squishy Figures, Cute Christmas Countdown Holiday Gift",1732609143065383676,"$48,688.45",DOBREVA Women's Unlined Balconette Bra No Padded Underwire Supportive Plus Size Smooth Scoop Neck,1731395246467027235,"$43,979.26"
_karina.michelle,"Bella Vita Luxury's Honey Oud | Eau de Parfum 100ml (3.4 fl oz) | Patchouli, Vanilla, Bergamot | Floral & Spicy | Made with Clean & Vegan Essentials Oils | Cruelty Free Fragrance Perfume",1729413742968869814,"$68,157.18","INIA CURVIFY EMS Booty Lift Shorts - Multi-Mode EMS Microcurrent, Glutes Sculpting, Pelvic Floor Support, Visible Results in 2-4 Wks, Ems Microcurr.,back to school,back to school haul,sohochic",1729479457563251986,"$27,147.61","2-Color、3-Color Smooth Eyeshadow Stick Set, Long-Lasting Waterproof Makeup Products, Matte Highlighter & Glossy Eye Pencil, Easy Colored Eyeshadow for Beginners",1732305739916809186,"$20,083.85",tarte colored clay CC undereye corrector,1729734769623929788,"$18,888.18",[Clinique] Black Honey Hi Gel Tech + High-Fi Mascara Duo | Makeup Set | Volumizing Mascara | Black Honey,1732438508669079905,"$16,426.67"
ababyandabulldog,Halara One Shoulder Long Sleeve Thumb Hole Curved Hem High Low Quick Dry Yoga Sports Top-Built-in Bra,1731918375289458980,"$94,220.19",Eleplus 3 Pieces Lightly Lined Wireless Bras for Women Comfy Plunge T Shirt Bra Pack Style Womenswear for Everyday & Bridal Events #SummerVibes,1731831726131155211,"$62,959.88",PrettyGarden Women's Oversized Cardigan Sweater Fall Long Lantern Sleeve Knit Open Front Lightweight Sweater Knitwear Tops,1731208195967717743,"$55,715.48",OEAK Womens Jelly Bras Wireless Comfortable Soft Push Up Bralettes Seamless Tshirts Bras Deep V Everyday Bras,1729714461980332262,"$51,540.70","2026 Dumpling Squishy Advent Calendar - Indoor Recreation Stress Relief Toy, 24 Surprise Kawaii Mini Food Squishy Figures, Cute Christmas Countdown Holiday Gift",1732609143065383676,"$48,688.45"
actinglikeimputtogether,To-Go Buddy - Universal Cup Insulator for to-go cups - Keeps Drinks Hot Cold 12+ Hours - Vacuum Insulated Tumbler,1729430518270038922,"$27,608.29",Frostbuddy Fall Collection,1732414112211899274,"$11,247.12",Frost Buddy Halloween,1732471007461348234,"$10,486.46",Bottle Buddy - Collegiate Edition - Dual Function lid Water Bottle - Stainless Steel - Double Wall Insulated,1730941375209313162,"$6,718.91","Universal Buddy - Fits 12oz Cans, Slim Cans, 12oz Bottles, 16oz Cans | Coffee Cup - Double Wall Insulated Drinkware",1729430519776777098,"$6,057.50"
alexagiacinto,"Aelfric Eden Hotfix Rhinestone Star Zip Up Hoodie Vintage Washed Hoodies Streetwear Hooded Sweatshirts Jackets Unisex zip up hoodie,sohochic",1731332436521488994,"$2,799.77",Pacsun Men's Subliminal Racing Full Zip Hoodie,1729612734629450394,"$2,541.58",Rhinestone Glitter Unisex Spring Oversized Hoodies Sparkly Long Sleeve Shirts Party Hooded Sweatshirts Tops,1731540039073370424,"$2,185.51","Aelfric Eden Men's High-Waist Panel Cotton Black Athleisure Style Sweatpants - Oversized Wide-Leg Barrel, Star Patch, Studded Stripe, Loose Drape Baggy Casual Sporty Streetwear Clothing Bottoms,sohochic",1732263852263248482,"$1,627.09","Women's Oversized Cotton T-Shirt - Light, Short-Fabric Glam Tiger Graphic Top, Everyday Y2K Baddie Aesthetic Summer Streetwear Funny Bubble Gum Animal Tee",1732469943488779100,"$1,405.69"
alexandracaste,"BUILT Bar Puff Protein Bar, Pumpkin Cookie Chunk, Protein Packed Snack, Collagen, 160 calories, Not Gluten Free, 12 Count Box",1731834460486013170,"$13,935.84",PASCAL Timeless Classic Diamond Watch for Women & Men 31mm & 36mm with White Lab-Grown Diamonds Swiss Ronda 763 Quartz Movement Stainless Steel Bracelet Everyday Luxury Gift,1732063642461639260,"$6,995.57",JASGOOD Women Wide Chunky Belt for Dresses Fashion Thick Suede Belt with Gold Buckle,1732071333641097693,"$6,951.21",GOO GOO Hair Extensions Seamless Clip in Human Hair Extensions Natural Straight Hair #sohochic #tiktokshopstockup,1729397696606998963,"$5,578.90",GOO GOO Hair Extensions Clip in Human Hair Natural Straight Remy Hair Easy To Style Soft Clip ins for Women #sohochic #tiktokshopstockup,1729388698832703923,"$5,231.76"
aliciamariecacho,Eleplus 3 Pieces Lightly Lined Wireless Bras for Women Comfy Plunge T Shirt Bra Pack Style Womenswear for Everyday & Bridal Events #SummerVibes,1731831726131155211,"$62,959.88",PrettyGarden Women's Oversized Cardigan Sweater Fall Long Lantern Sleeve Knit Open Front Lightweight Sweater Knitwear Tops,1731208195967717743,"$55,715.48",OEAK Womens Jelly Bras Wireless Comfortable Soft Push Up Bralettes Seamless Tshirts Bras Deep V Everyday Bras,1729714461980332262,"$51,540.70",DOBREVA Women's Unlined Balconette Bra No Padded Underwire Supportive Plus Size Smooth Scoop Neck,1731395246467027235,"$43,979.26",LUCKMEEY Women High Waisted Seamless Shapewear Shorts Tummy Control Butt Lift Faja Body Shaper Breathable Slimming High Waist Shaping Shorts with Built-in Crotch Invisible Fit for Everyday Wear#tiktokshopbacktoschool#sohochic,1730652584168165420,"$42,687.43"
alisammarie,Halara One Shoulder Long Sleeve Thumb Hole Curved Hem High Low Quick Dry Yoga Sports Top-Built-in Bra,1731918375289458980,"$94,220.19","2026 Dumpling Squishy Advent Calendar - Indoor Recreation Stress Relief Toy, 24 Surprise Kawaii Mini Food Squishy Figures, Cute Christmas Countdown Holiday Gift",1732609143065383676,"$48,688.45","Medium Firm Hybrid Memory Foam Mattress - 8/10/12/14 in Twin, Full, Queen, King Sizes, Lumbar Support, Ergonomic Design, for Home Rooms, Hotels, Boxed Furniture Gift, Memory Foam Mattresses, Queen Size Mattress,dorm essentials,home decor,sohochic",1730092261582738160,"$36,989.43",Halara UltraSculpt™ V-Shaped High Waisted Contrast Lace Yoga Flare Leggings with Pockets,1732311109215294302,"$25,061.12",【Creator’s Pick】Halara UltraSculpt High Waisted Tummy Control Pocket Shaping Training Leggings #BackToSchool,1729406821413261604,"$19,120.53"
alykate97,Eleplus 3 Pieces Lightly Lined Wireless Bras for Women Comfy Plunge T Shirt Bra Pack Style Womenswear for Everyday & Bridal Events #SummerVibes,1731831726131155211,"$62,959.88",PrettyGarden Women's Oversized Cardigan Sweater Fall Long Lantern Sleeve Knit Open Front Lightweight Sweater Knitwear Tops,1731208195967717743,"$55,715.48",OEAK Womens Jelly Bras Wireless Comfortable Soft Push Up Bralettes Seamless Tshirts Bras Deep V Everyday Bras,1729714461980332262,"$51,540.70",DOBREVA Women's Unlined Balconette Bra No Padded Underwire Supportive Plus Size Smooth Scoop Neck,1731395246467027235,"$43,979.26",LUCKMEEY Women High Waisted Seamless Shapewear Shorts Tummy Control Butt Lift Faja Body Shaper Breathable Slimming High Waist Shaping Shorts with Built-in Crotch Invisible Fit for Everyday Wear#tiktokshopbacktoschool#sohochic,1730652584168165420,"$42,687.43"
amanda_hadzimichalis,Halara One Shoulder Long Sleeve Thumb Hole Curved Hem High Low Quick Dry Yoga Sports Top-Built-in Bra,1731918375289458980,"$94,220.19",Eleplus 3 Pieces Lightly Lined Wireless Bras for Women Comfy Plunge T Shirt Bra Pack Style Womenswear for Everyday & Bridal Events #SummerVibes,1731831726131155211,"$62,959.88",PrettyGarden Women's Oversized Cardigan Sweater Fall Long Lantern Sleeve Knit Open Front Lightweight Sweater Knitwear Tops,1731208195967717743,"$55,715.48",OEAK Womens Jelly Bras Wireless Comfortable Soft Push Up Bralettes Seamless Tshirts Bras Deep V Everyday Bras,1729714461980332262,"$51,540.70","2026 Dumpling Squishy Advent Calendar - Indoor Recreation Stress Relief Toy, 24 Surprise Kawaii Mini Food Squishy Figures, Cute Christmas Countdown Holiday Gift",1732609143065383676,"$48,688.45"
amanda_pac,Eleplus 3 Pieces Lightly Lined Wireless Bras for Women Comfy Plunge T Shirt Bra Pack Style Womenswear for Everyday & Bridal Events #SummerVibes,1731831726131155211,"$62,959.88",PrettyGarden Women's Oversized Cardigan Sweater Fall Long Lantern Sleeve Knit Open Front Lightweight Sweater Knitwear Tops,1731208195967717743,"$55,715.48",OEAK Womens Jelly Bras Wireless Comfortable Soft Push Up Bralettes Seamless Tshirts Bras Deep V Everyday Bras,1729714461980332262,"$51,540.70","2026 Dumpling Squishy Advent Calendar - Indoor Recreation Stress Relief Toy, 24 Surprise Kawaii Mini Food Squishy Figures, Cute Christmas Countdown Holiday Gift",1732609143065383676,"$48,688.45",DOBREVA Women's Unlined Balconette Bra No Padded Underwire Supportive Plus Size Smooth Scoop Neck,1731395246467027235,"$43,979.26"
amandaaaapac,"Bella Vita Luxury's Honey Oud | Eau de Parfum 100ml (3.4 fl oz) | Patchouli, Vanilla, Bergamot | Floral & Spicy | Made with Clean & Vegan Essentials Oils | Cruelty Free Fragrance Perfume",1729413742968869814,"$68,157.18",tarte summer skin essentials - CC color-correcting tinted serum + creaseless setting powder,1732422500087993276,"$54,671.68","INIA CURVIFY EMS Booty Lift Shorts - Multi-Mode EMS Microcurrent, Glutes Sculpting, Pelvic Floor Support, Visible Results in 2-4 Wks, Ems Microcurr.,back to school,back to school haul,sohochic",1729479457563251986,"$27,147.61","2-Color、3-Color Smooth Eyeshadow Stick Set, Long-Lasting Waterproof Makeup Products, Matte Highlighter & Glossy Eye Pencil, Easy Colored Eyeshadow for Beginners",1732305739916809186,"$20,083.85",tarte colored clay CC undereye corrector,1729734769623929788,"$18,888.18"
amandaathome1,To-Go Buddy - Universal Cup Insulator for to-go cups - Keeps Drinks Hot Cold 12+ Hours - Vacuum Insulated Tumbler,1729430518270038922,"$27,608.29",Frostbuddy Fall Collection,1732414112211899274,"$11,247.12",Frost Buddy Halloween,1732471007461348234,"$10,486.46",Bottle Buddy - Collegiate Edition - Dual Function lid Water Bottle - Stainless Steel - Double Wall Insulated,1730941375209313162,"$6,718.91","Universal Buddy - Fits 12oz Cans, Slim Cans, 12oz Bottles, 16oz Cans | Coffee Cup - Double Wall Insulated Drinkware",1729430519776777098,"$6,057.50"
amandaburbank131,Halara One Shoulder Long Sleeve Thumb Hole Curved Hem High Low Quick Dry Yoga Sports Top-Built-in Bra,1731918375289458980,"$94,220.19","Bella Vita Luxury's Honey Oud | Eau de Parfum 100ml (3.4 fl oz) | Patchouli, Vanilla, Bergamot | Floral & Spicy | Made with Clean & Vegan Essentials Oils | Cruelty Free Fragrance Perfume",1729413742968869814,"$68,157.18",tarte summer skin essentials - CC color-correcting tinted serum + creaseless setting powder,1732422500087993276,"$54,671.68","2026 Dumpling Squishy Advent Calendar - Indoor Recreation Stress Relief Toy, 24 Surprise Kawaii Mini Food Squishy Figures, Cute Christmas Countdown Holiday Gift",1732609143065383676,"$48,688.45","INIA CURVIFY EMS Booty Lift Shorts - Multi-Mode EMS Microcurrent, Glutes Sculpting, Pelvic Floor Support, Visible Results in 2-4 Wks, Ems Microcurr.,back to school,back to school haul,sohochic",1729479457563251986,"$27,147.61"
amy.e.schmidt,Eleplus 3 Pieces Lightly Lined Wireless Bras for Women Comfy Plunge T Shirt Bra Pack Style Womenswear for Everyday & Bridal Events #SummerVibes,1731831726131155211,"$62,959.88",OEAK Womens Jelly Bras Wireless Comfortable Soft Push Up Bralettes Seamless Tshirts Bras Deep V Everyday Bras,1729714461980332262,"$51,540.70",DOBREVA Women's Unlined Balconette Bra No Padded Underwire Supportive Plus Size Smooth Scoop Neck,1731395246467027235,"$43,979.26",LUCKMEEY Women High Waisted Seamless Shapewear Shorts Tummy Control Butt Lift Faja Body Shaper Breathable Slimming High Waist Shaping Shorts with Built-in Crotch Invisible Fit for Everyday Wear#tiktokshopbacktoschool#sohochic,1730652584168165420,"$42,687.43",Freya ONESO Women Mid Rise High Stretchy BBL Jeans Butt Lifting Wide Leg Raw Hem Denim Pants Tummy Control Spring Basic Minimalist Woman Denim Bottom Comfortable Denim Jeans OSW8019 Plus Size Regular Size Fashion Daily Outfits DIY Inseams #SummerVibes,1731273402271240469,"$33,189.93"
anastasiya_ray,Eleplus 3 Pieces Lightly Lined Wireless Bras for Women Comfy Plunge T Shirt Bra Pack Style Womenswear for Everyday & Bridal Events #SummerVibes,1731831726131155211,"$62,959.88",PrettyGarden Women's Oversized Cardigan Sweater Fall Long Lantern Sleeve Knit Open Front Lightweight Sweater Knitwear Tops,1731208195967717743,"$55,715.48",OEAK Womens Jelly Bras Wireless Comfortable Soft Push Up Bralettes Seamless Tshirts Bras Deep V Everyday Bras,1729714461980332262,"$51,540.70","2026 Dumpling Squishy Advent Calendar - Indoor Recreation Stress Relief Toy, 24 Surprise Kawaii Mini Food Squishy Figures, Cute Christmas Countdown Holiday Gift",1732609143065383676,"$48,688.45",DOBREVA Women's Unlined Balconette Bra No Padded Underwire Supportive Plus Size Smooth Scoop Neck,1731395246467027235,"$43,979.26"
andrea_costanzo,Halara One Shoulder Long Sleeve Thumb Hole Curved Hem High Low Quick Dry Yoga Sports Top-Built-in Bra,1731918375289458980,"$94,220.19",Eleplus 3 Pieces Lightly Lined Wireless Bras for Women Comfy Plunge T Shirt Bra Pack Style Womenswear for Everyday & Bridal Events #SummerVibes,1731831726131155211,"$62,959.88",PrettyGarden Women's Oversized Cardigan Sweater Fall Long Lantern Sleeve Knit Open Front Lightweight Sweater Knitwear Tops,1731208195967717743,"$55,715.48",OEAK Womens Jelly Bras Wireless Comfortable Soft Push Up Bralettes Seamless Tshirts Bras Deep V Everyday Bras,1729714461980332262,"$51,540.70","2026 Dumpling Squishy Advent Calendar - Indoor Recreation Stress Relief Toy, 24 Surprise Kawaii Mini Food Squishy Figures, Cute Christmas Countdown Holiday Gift",1732609143065383676,"$48,688.45"
andthatsthelipton,Eleplus 3 Pieces Lightly Lined Wireless Bras for Women Comfy Plunge T Shirt Bra Pack Style Womenswear for Everyday & Bridal Events #SummerVibes,1731831726131155211,"$62,959.88",OEAK Womens Jelly Bras Wireless Comfortable Soft Push Up Bralettes Seamless Tshirts Bras Deep V Everyday Bras,1729714461980332262,"$51,540.70",DOBREVA Women's Unlined Balconette Bra No Padded Underwire Supportive Plus Size Smooth Scoop Neck,1731395246467027235,"$43,979.26",LUCKMEEY Women High Waisted Seamless Shapewear Shorts Tummy Control Butt Lift Faja Body Shaper Breathable Slimming High Waist Shaping Shorts with Built-in Crotch Invisible Fit for Everyday Wear#tiktokshopbacktoschool#sohochic,1730652584168165420,"$42,687.43",Freya ONESO Women Mid Rise High Stretchy BBL Jeans Butt Lifting Wide Leg Raw Hem Denim Pants Tummy Control Spring Basic Minimalist Woman Denim Bottom Comfortable Denim Jeans OSW8019 Plus Size Regular Size Fashion Daily Outfits DIY Inseams #SummerVibes,1731273402271240469,"$33,189.93"
angelacallisto123,Eleplus 3 Pieces Lightly Lined Wireless Bras for Women Comfy Plunge T Shirt Bra Pack Style Womenswear for Everyday & Bridal Events #SummerVibes,1731831726131155211,"$62,959.88",DOBREVA Women's Unlined Balconette Bra No Padded Underwire Supportive Plus Size Smooth Scoop Neck,1731395246467027235,"$43,979.26",LUCKMEEY Women High Waisted Seamless Shapewear Shorts Tummy Control Butt Lift Faja Body Shaper Breathable Slimming High Waist Shaping Shorts with Built-in Crotch Invisible Fit for Everyday Wear#tiktokshopbacktoschool#sohochic,1730652584168165420,"$42,687.43",Unlined Plunge Scoop Bra Lace Trim Balconette Sexy Underwire Demi Bras Deep V,1731992992760893731,"$32,610.10","Women's Original Magic Fleece Lined Tights - Plus Size Women's Clothing, Body Slimming Compression Band, 1-Seam Option, Closed Foot, XXS-3XL, 4 Shades, Light-Brown Fur Fleece, Cold Wash, Viralproducts",1729406693411230691,"$31,945.45"
annaslivka2,"Bella Vita Luxury's Honey Oud | Eau de Parfum 100ml (3.4 fl oz) | Patchouli, Vanilla, Bergamot | Floral & Spicy | Made with Clean & Vegan Essentials Oils | Cruelty Free Fragrance Perfume",1729413742968869814,"$68,157.18",tarte summer skin essentials - CC color-correcting tinted serum + creaseless setting powder,1732422500087993276,"$54,671.68","INIA CURVIFY EMS Booty Lift Shorts - Multi-Mode EMS Microcurrent, Glutes Sculpting, Pelvic Floor Support, Visible Results in 2-4 Wks, Ems Microcurr.,back to school,back to school haul,sohochic",1729479457563251986,"$27,147.61","2-Color、3-Color Smooth Eyeshadow Stick Set, Long-Lasting Waterproof Makeup Products, Matte Highlighter & Glossy Eye Pencil, Easy Colored Eyeshadow for Beginners",1732305739916809186,"$20,083.85",tarte colored clay CC undereye corrector,1729734769623929788,"$18,888.18"
aricandchristy,To-Go Buddy - Universal Cup Insulator for to-go cups - Keeps Drinks Hot Cold 12+ Hours - Vacuum Insulated Tumbler,1729430518270038922,"$27,608.29",Frostbuddy Fall Collection,1732414112211899274,"$11,247.12",Frost Buddy Halloween,1732471007461348234,"$10,486.46",VASAIKO 6-in-1 Portable Indoor Environment Monitor with Temperature & Humidity Monitoring Plug-and-Play Design High-Definition Display Accurate Alerts Ideal for Kitchen Garage RVs Apartments sohochic,1732022410216050952,"$8,485.93","DEBAOBULB Rechargeable Emergency LED Light Bulb - E26 Base, 120V, 9W (60W Equivalent), 6000K Daylight, 1200mAh Batteries, Hook, Energy Saving, Multiple Brightness, for Home Power Outage, Outdoor Camping Hurricane Safety Tools",1730264570695685026,"$7,176.41"
arsy_vartanian,"Bella Vita Luxury's Honey Oud | Eau de Parfum 100ml (3.4 fl oz) | Patchouli, Vanilla, Bergamot | Floral & Spicy | Made with Clean & Vegan Essentials Oils | Cruelty Free Fragrance Perfume",1729413742968869814,"$68,157.18",tarte summer skin essentials - CC color-correcting tinted serum + creaseless setting powder,1732422500087993276,"$54,671.68","【2026 Newly Upgraded】Trucozie T350 Rechargeable Cordless Vacuums, 8-in-1 Lightweight Upright Floor Cleaning Vacuums with 2 Bonus HEPA Filters, 2-in-1 Brush, Hands-Free Design, 45-Min Runtime, 33 kPa Suction, Housewarming Gift for Hardwood Floors, Pet Hair",1729406319708377732,"$46,652.60","INIA CURVIFY EMS Booty Lift Shorts - Multi-Mode EMS Microcurrent, Glutes Sculpting, Pelvic Floor Support, Visible Results in 2-4 Wks, Ems Microcurr.,back to school,back to school haul,sohochic",1729479457563251986,"$27,147.61","2-Color、3-Color Smooth Eyeshadow Stick Set, Long-Lasting Waterproof Makeup Products, Matte Highlighter & Glossy Eye Pencil, Easy Colored Eyeshadow for Beginners",1732305739916809186,"$20,083.85"
ashleyinfl,Eleplus 3 Pieces Lightly Lined Wireless Bras for Women Comfy Plunge T Shirt Bra Pack Style Womenswear for Everyday & Bridal Events #SummerVibes,1731831726131155211,"$62,959.88",PrettyGarden Women's Oversized Cardigan Sweater Fall Long Lantern Sleeve Knit Open Front Lightweight Sweater Knitwear Tops,1731208195967717743,"$55,715.48",OEAK Womens Jelly Bras Wireless Comfortable Soft Push Up Bralettes Seamless Tshirts Bras Deep V Everyday Bras,1729714461980332262,"$51,540.70",DOBREVA Women's Unlined Balconette Bra No Padded Underwire Supportive Plus Size Smooth Scoop Neck,1731395246467027235,"$43,979.26",LUCKMEEY Women High Waisted Seamless Shapewear Shorts Tummy Control Butt Lift Faja Body Shaper Breathable Slimming High Waist Shaping Shorts with Built-in Crotch Invisible Fit for Everyday Wear#tiktokshopbacktoschool#sohochic,1730652584168165420,"$42,687.43"
ashleyorganic,"Bella Vita Luxury's Honey Oud | Eau de Parfum 100ml (3.4 fl oz) | Patchouli, Vanilla, Bergamot | Floral & Spicy | Made with Clean & Vegan Essentials Oils | Cruelty Free Fragrance Perfume",1729413742968869814,"$68,157.18",tarte summer skin essentials - CC color-correcting tinted serum + creaseless setting powder,1732422500087993276,"$54,671.68","Women's Striped/rhombus/leaf/dot Cloud Handbag, Clip Closure Crossbody Bag, Lightweight Foldable for Daily Use, Gifts for Friends and Valentine's Day",1732227985172828427,"$27,973.16","INIA CURVIFY EMS Booty Lift Shorts - Multi-Mode EMS Microcurrent, Glutes Sculpting, Pelvic Floor Support, Visible Results in 2-4 Wks, Ems Microcurr.,back to school,back to school haul,sohochic",1729479457563251986,"$27,147.61","2-Color、3-Color Smooth Eyeshadow Stick Set, Long-Lasting Waterproof Makeup Products, Matte Highlighter & Glossy Eye Pencil, Easy Colored Eyeshadow for Beginners",1732305739916809186,"$20,083.85"
ashleyorganicedits,"Bella Vita Luxury's Honey Oud | Eau de Parfum 100ml (3.4 fl oz) | Patchouli, Vanilla, Bergamot | Floral & Spicy | Made with Clean & Vegan Essentials Oils | Cruelty Free Fragrance Perfume",1729413742968869814,"$68,157.18",tarte summer skin essentials - CC color-correcting tinted serum + creaseless setting powder,1732422500087993276,"$54,671.68","INIA CURVIFY EMS Booty Lift Shorts - Multi-Mode EMS Microcurrent, Glutes Sculpting, Pelvic Floor Support, Visible Results in 2-4 Wks, Ems Microcurr.,back to school,back to school haul,sohochic",1729479457563251986,"$27,147.61","2-Color、3-Color Smooth Eyeshadow Stick Set, Long-Lasting Waterproof Makeup Products, Matte Highlighter & Glossy Eye Pencil, Easy Colored Eyeshadow for Beginners",1732305739916809186,"$20,083.85",tarte colored clay CC undereye corrector,1729734769623929788,"$18,888.18"
avas.fav.finds,"Bella Vita Luxury's Honey Oud | Eau de Parfum 100ml (3.4 fl oz) | Patchouli, Vanilla, Bergamot | Floral & Spicy | Made with Clean & Vegan Essentials Oils | Cruelty Free Fragrance Perfume",1729413742968869814,"$68,157.18",tarte summer skin essentials - CC color-correcting tinted serum + creaseless setting powder,1732422500087993276,"$54,671.68","INIA CURVIFY EMS Booty Lift Shorts - Multi-Mode EMS Microcurrent, Glutes Sculpting, Pelvic Floor Support, Visible Results in 2-4 Wks, Ems Microcurr.,back to school,back to school haul,sohochic",1729479457563251986,"$27,147.61","2-Color、3-Color Smooth Eyeshadow Stick Set, Long-Lasting Waterproof Makeup Products, Matte Highlighter & Glossy Eye Pencil, Easy Colored Eyeshadow for Beginners",1732305739916809186,"$20,083.85",tarte colored clay CC undereye corrector,1729734769623929788,"$18,888.18"
ayeitsanju,"Women's Striped/rhombus/leaf/dot Cloud Handbag, Clip Closure Crossbody Bag, Lightweight Foldable for Daily Use, Gifts for Friends and Valentine's Day",1732227985172828427,"$27,973.16",Kelce Brown Football Clear Bag,1731463315645960563,"$19,706.48","Bears with Benefits Biotin Gummies for Hair Growth, Skin & Nails –  5000 mcg Biotin + Vitamins C & E + Zinc - 30 Gummies - Vegan Wild Berry Flavor - 1 Month Supply",1730755223971074070,"$13,272.63",Cefiro Urban Envelope Bag Large - Stylish Urban Envelope Crossbody Bag Vegan Leather with Gold Hardware and Detachable Strap for Everyday Use,1732080603864469523,"$10,855.80","LOVEVOOK Colorblock Carry-On Travel Backpack with 3 Packing Cubes and Laptop Compartment - Personal Item,TSA-Friendly, Travel Essentials, Airline Approved Travel Bag for Hiking, Weekend, TikTokShopBackToSchool",1729417326447727282,"$8,229.60"
backnjennaup,"Bella Vita Luxury's Honey Oud | Eau de Parfum 100ml (3.4 fl oz) | Patchouli, Vanilla, Bergamot | Floral & Spicy | Made with Clean & Vegan Essentials Oils | Cruelty Free Fragrance Perfume",1729413742968869814,"$68,157.18",tarte summer skin essentials - CC color-correcting tinted serum + creaseless setting powder,1732422500087993276,"$54,671.68","Medium Firm Hybrid Memory Foam Mattress - 8/10/12/14 in Twin, Full, Queen, King Sizes, Lumbar Support, Ergonomic Design, for Home Rooms, Hotels, Boxed Furniture Gift, Memory Foam Mattresses, Queen Size Mattress,dorm essentials,home decor,sohochic",1730092261582738160,"$36,989.43","INIA CURVIFY EMS Booty Lift Shorts - Multi-Mode EMS Microcurrent, Glutes Sculpting, Pelvic Floor Support, Visible Results in 2-4 Wks, Ems Microcurr.,back to school,back to school haul,sohochic",1729479457563251986,"$27,147.61","2-Color、3-Color Smooth Eyeshadow Stick Set, Long-Lasting Waterproof Makeup Products, Matte Highlighter & Glossy Eye Pencil, Easy Colored Eyeshadow for Beginners",1732305739916809186,"$20,083.85"
baileyyoliverr,Halara One Shoulder Long Sleeve Thumb Hole Curved Hem High Low Quick Dry Yoga Sports Top-Built-in Bra,1731918375289458980,"$94,220.19",Eleplus 3 Pieces Lightly Lined Wireless Bras for Women Comfy Plunge T Shirt Bra Pack Style Womenswear for Everyday & Bridal Events #SummerVibes,1731831726131155211,"$62,959.88",PrettyGarden Women's Oversized Cardigan Sweater Fall Long Lantern Sleeve Knit Open Front Lightweight Sweater Knitwear Tops,1731208195967717743,"$55,715.48",OEAK Womens Jelly Bras Wireless Comfortable Soft Push Up Bralettes Seamless Tshirts Bras Deep V Everyday Bras,1729714461980332262,"$51,540.70","2026 Dumpling Squishy Advent Calendar - Indoor Recreation Stress Relief Toy, 24 Surprise Kawaii Mini Food Squishy Figures, Cute Christmas Countdown Holiday Gift",1732609143065383676,"$48,688.45"
becsreview,"Bella Vita Luxury's Honey Oud | Eau de Parfum 100ml (3.4 fl oz) | Patchouli, Vanilla, Bergamot | Floral & Spicy | Made with Clean & Vegan Essentials Oils | Cruelty Free Fragrance Perfume",1729413742968869814,"$68,157.18",tarte summer skin essentials - CC color-correcting tinted serum + creaseless setting powder,1732422500087993276,"$54,671.68","Medium Firm Hybrid Memory Foam Mattress - 8/10/12/14 in Twin, Full, Queen, King Sizes, Lumbar Support, Ergonomic Design, for Home Rooms, Hotels, Boxed Furniture Gift, Memory Foam Mattresses, Queen Size Mattress,dorm essentials,home decor,sohochic",1730092261582738160,"$36,989.43","INIA CURVIFY EMS Booty Lift Shorts - Multi-Mode EMS Microcurrent, Glutes Sculpting, Pelvic Floor Support, Visible Results in 2-4 Wks, Ems Microcurr.,back to school,back to school haul,sohochic",1729479457563251986,"$27,147.61","2-Color、3-Color Smooth Eyeshadow Stick Set, Long-Lasting Waterproof Makeup Products, Matte Highlighter & Glossy Eye Pencil, Easy Colored Eyeshadow for Beginners",1732305739916809186,"$20,083.85"
bestiebriitt,"Bella Vita Luxury's Honey Oud | Eau de Parfum 100ml (3.4 fl oz) | Patchouli, Vanilla, Bergamot | Floral & Spicy | Made with Clean & Vegan Essentials Oils | Cruelty Free Fragrance Perfume",1729413742968869814,"$68,157.18",tarte summer skin essentials - CC color-correcting tinted serum + creaseless setting powder,1732422500087993276,"$54,671.68","INIA CURVIFY EMS Booty Lift Shorts - Multi-Mode EMS Microcurrent, Glutes Sculpting, Pelvic Floor Support, Visible Results in 2-4 Wks, Ems Microcurr.,back to school,back to school haul,sohochic",1729479457563251986,"$27,147.61","2-Color、3-Color Smooth Eyeshadow Stick Set, Long-Lasting Waterproof Makeup Products, Matte Highlighter & Glossy Eye Pencil, Easy Colored Eyeshadow for Beginners",1732305739916809186,"$20,083.85",tarte colored clay CC undereye corrector,1729734769623929788,"$18,888.18"
bkewwwl1507,"Bella Vita Luxury's Honey Oud | Eau de Parfum 100ml (3.4 fl oz) | Patchouli, Vanilla, Bergamot | Floral & Spicy | Made with Clean & Vegan Essentials Oils | Cruelty Free Fragrance Perfume",1729413742968869814,"$68,157.18","INIA CURVIFY EMS Booty Lift Shorts - Multi-Mode EMS Microcurrent, Glutes Sculpting, Pelvic Floor Support, Visible Results in 2-4 Wks, Ems Microcurr.,back to school,back to school haul,sohochic",1729479457563251986,"$27,147.61","2-Color、3-Color Smooth Eyeshadow Stick Set, Long-Lasting Waterproof Makeup Products, Matte Highlighter & Glossy Eye Pencil, Easy Colored Eyeshadow for Beginners",1732305739916809186,"$20,083.85",tarte colored clay CC undereye corrector,1729734769623929788,"$18,888.18",[Clinique] Black Honey Hi Gel Tech + High-Fi Mascara Duo | Makeup Set | Volumizing Mascara | Black Honey,1732438508669079905,"$16,426.67"
brandie1234,Eleplus 3 Pieces Lightly Lined Wireless Bras for Women Comfy Plunge T Shirt Bra Pack Style Womenswear for Everyday & Bridal Events #SummerVibes,1731831726131155211,"$62,959.88",OEAK Womens Jelly Bras Wireless Comfortable Soft Push Up Bralettes Seamless Tshirts Bras Deep V Everyday Bras,1729714461980332262,"$51,540.70",DOBREVA Women's Unlined Balconette Bra No Padded Underwire Supportive Plus Size Smooth Scoop Neck,1731395246467027235,"$43,979.26",LUCKMEEY Women High Waisted Seamless Shapewear Shorts Tummy Control Butt Lift Faja Body Shaper Breathable Slimming High Waist Shaping Shorts with Built-in Crotch Invisible Fit for Everyday Wear#tiktokshopbacktoschool#sohochic,1730652584168165420,"$42,687.43",Freya ONESO Women Mid Rise High Stretchy BBL Jeans Butt Lifting Wide Leg Raw Hem Denim Pants Tummy Control Spring Basic Minimalist Woman Denim Bottom Comfortable Denim Jeans OSW8019 Plus Size Regular Size Fashion Daily Outfits DIY Inseams #SummerVibes,1731273402271240469,"$33,189.93"
brandienicole27,"Bella Vita Luxury's Honey Oud | Eau de Parfum 100ml (3.4 fl oz) | Patchouli, Vanilla, Bergamot | Floral & Spicy | Made with Clean & Vegan Essentials Oils | Cruelty Free Fragrance Perfume",1729413742968869814,"$68,157.18","Women's Striped/rhombus/leaf/dot Cloud Handbag, Clip Closure Crossbody Bag, Lightweight Foldable for Daily Use, Gifts for Friends and Valentine's Day",1732227985172828427,"$27,973.16","INIA CURVIFY EMS Booty Lift Shorts - Multi-Mode EMS Microcurrent, Glutes Sculpting, Pelvic Floor Support, Visible Results in 2-4 Wks, Ems Microcurr.,back to school,back to school haul,sohochic",1729479457563251986,"$27,147.61","2-Color、3-Color Smooth Eyeshadow Stick Set, Long-Lasting Waterproof Makeup Products, Matte Highlighter & Glossy Eye Pencil, Easy Colored Eyeshadow for Beginners",1732305739916809186,"$20,083.85",[Clinique] Black Honey Hi Gel Tech + High-Fi Mascara Duo | Makeup Set | Volumizing Mascara | Black Honey,1732438508669079905,"$16,426.67"
brando23454,Halara One Shoulder Long Sleeve Thumb Hole Curved Hem High Low Quick Dry Yoga Sports Top-Built-in Bra,1731918375289458980,"$94,220.19","2026 Dumpling Squishy Advent Calendar - Indoor Recreation Stress Relief Toy, 24 Surprise Kawaii Mini Food Squishy Figures, Cute Christmas Countdown Holiday Gift",1732609143065383676,"$48,688.45",Halara UltraSculpt™ V-Shaped High Waisted Contrast Lace Yoga Flare Leggings with Pockets,1732311109215294302,"$25,061.12",【Creator’s Pick】Halara UltraSculpt High Waisted Tummy Control Pocket Shaping Training Leggings #BackToSchool,1729406821413261604,"$19,120.53",Halara Flex DayStretch High Waisted Pocket Straight Leg Work Pants #BackToSchool,1729535261465612580,"$17,974.77"
brehyah,Halara One Shoulder Long Sleeve Thumb Hole Curved Hem High Low Quick Dry Yoga Sports Top-Built-in Bra,1731918375289458980,"$94,220.19","2026 Dumpling Squishy Advent Calendar - Indoor Recreation Stress Relief Toy, 24 Surprise Kawaii Mini Food Squishy Figures, Cute Christmas Countdown Holiday Gift",1732609143065383676,"$48,688.45",Halara UltraSculpt™ V-Shaped High Waisted Contrast Lace Yoga Flare Leggings with Pockets,1732311109215294302,"$25,061.12",【Creator’s Pick】Halara UltraSculpt High Waisted Tummy Control Pocket Shaping Training Leggings #BackToSchool,1729406821413261604,"$19,120.53",Halara Flex DayStretch High Waisted Pocket Straight Leg Work Pants #BackToSchool,1729535261465612580,"$17,974.77"
bretthayes24,Dr. Scholl's Women's Joplin Fashion Boot,1731896531264573800,"$39,752.59","EVELLYHOOTD Women's Sohochic Leopard Print Genuine Suede Leather Loafers - Mules Clogs, Slip-On Casual Shoes with Arch Support, Comfortable Animal Print Footwear for Everyday Wear, Women's Gifts",1732171696888648231,"$28,977.79","Dr. Scholl's Women's Joplin Low Fashion Boot, Casual Minimalist Design, Comfortable Heels, Block Heel, Leather & Faux Leather Construction",1732469048422666600,"$22,967.11",Vince Camuto Adjustable Slingback Pumps - Thanya,1732491617205392327,"$21,524.09","Stylish Women's High Heeled Shoes, Slingback Stiletto Heels, Minimalist Slingback Pumps, European Style Patent Leather, Elegant Party Shoes Hollow Side Design, Classy Fashion Slimming Look, Exquisite Heels for Parties and Events, Elegant Footwear",1732180721823158836,"$9,619.10"
brittany.fnp,"Skillmatics Peelies – Reusable Sticker Activity Book Mess-Free, 100+ Reusable Stickers, DIY Scrapbooking Kit for Toddlers & Preschoolers, Travel Toy, Gifts for Ages 3 to 7",1732148327640896289,"$5,983.65","Costzon Toddler Slide Rocking Toy with Basketball Hoop, Rocking Horse,  Foldable Climber Rocking slide playset for Both Indoors Outdoor Use, mothersdaygift",1729442692279013891,"$4,763.02","Halloween Dumpling Stress Relief Toys, 1pcs/3pcs/6pcs/8pcs/12pcs with Steamer Storage Boxes,Slow‑rebound maltose squishy toys, ideal for Halloween party gifts, featuring grimace pumpkin and little devil designs，12pcs Mini Dumpling(5cm）",1732534855764971527,"$3,083.08","Egofuntoy Erasable Reusable Watercolor Pen Doodle Set for 1-4 Year Old Toddlers - Colorful Marker Pen, Drawing Art Supplies, Painting Supplies Kit, 12 Markers, 14-Page Unicorn Book, Car Travel Kids Toys Cool Gifts, Cool Gifts For Kids,sohochic",1729476492327489974,"$2,815.72","Claire Monroe Kids' Systematic Theology Book - English, Ages 6-9, Full Colour, 88 Visual Concepts, NLT Bible Verses, Easy Explanations, Bible Discussion Activities, Q&A Reflection Questions for Knowing God",1732273429270925737,"$2,566.66"
brittanydejardo,Eleplus 3 Pieces Lightly Lined Wireless Bras for Women Comfy Plunge T Shirt Bra Pack Style Womenswear for Everyday & Bridal Events #SummerVibes,1731831726131155211,"$62,959.88",PrettyGarden Women's Oversized Cardigan Sweater Fall Long Lantern Sleeve Knit Open Front Lightweight Sweater Knitwear Tops,1731208195967717743,"$55,715.48",OEAK Womens Jelly Bras Wireless Comfortable Soft Push Up Bralettes Seamless Tshirts Bras Deep V Everyday Bras,1729714461980332262,"$51,540.70",DOBREVA Women's Unlined Balconette Bra No Padded Underwire Supportive Plus Size Smooth Scoop Neck,1731395246467027235,"$43,979.26",LUCKMEEY Women High Waisted Seamless Shapewear Shorts Tummy Control Butt Lift Faja Body Shaper Breathable Slimming High Waist Shaping Shorts with Built-in Crotch Invisible Fit for Everyday Wear#tiktokshopbacktoschool#sohochic,1730652584168165420,"$42,687.43"
brittnymarch,"Bella Vita Luxury's Honey Oud | Eau de Parfum 100ml (3.4 fl oz) | Patchouli, Vanilla, Bergamot | Floral & Spicy | Made with Clean & Vegan Essentials Oils | Cruelty Free Fragrance Perfume",1729413742968869814,"$68,157.18",Eleplus 3 Pieces Lightly Lined Wireless Bras for Women Comfy Plunge T Shirt Bra Pack Style Womenswear for Everyday & Bridal Events #SummerVibes,1731831726131155211,"$62,959.88",PrettyGarden Women's Oversized Cardigan Sweater Fall Long Lantern Sleeve Knit Open Front Lightweight Sweater Knitwear Tops,1731208195967717743,"$55,715.48",tarte summer skin essentials - CC color-correcting tinted serum + creaseless setting powder,1732422500087993276,"$54,671.68",OEAK Womens Jelly Bras Wireless Comfortable Soft Push Up Bralettes Seamless Tshirts Bras Deep V Everyday Bras,1729714461980332262,"$51,540.70"
bryttani_mingo,"Bella Vita Luxury's Honey Oud | Eau de Parfum 100ml (3.4 fl oz) | Patchouli, Vanilla, Bergamot | Floral & Spicy | Made with Clean & Vegan Essentials Oils | Cruelty Free Fragrance Perfume",1729413742968869814,"$68,157.18",tarte summer skin essentials - CC color-correcting tinted serum + creaseless setting powder,1732422500087993276,"$54,671.68","INIA CURVIFY EMS Booty Lift Shorts - Multi-Mode EMS Microcurrent, Glutes Sculpting, Pelvic Floor Support, Visible Results in 2-4 Wks, Ems Microcurr.,back to school,back to school haul,sohochic",1729479457563251986,"$27,147.61","2-Color、3-Color Smooth Eyeshadow Stick Set, Long-Lasting Waterproof Makeup Products, Matte Highlighter & Glossy Eye Pencil, Easy Colored Eyeshadow for Beginners",1732305739916809186,"$20,083.85",tarte colored clay CC undereye corrector,1729734769623929788,"$18,888.18"
btbeautyx,"Bella Vita Luxury's Honey Oud | Eau de Parfum 100ml (3.4 fl oz) | Patchouli, Vanilla, Bergamot | Floral & Spicy | Made with Clean & Vegan Essentials Oils | Cruelty Free Fragrance Perfume",1729413742968869814,"$68,157.18",Eleplus 3 Pieces Lightly Lined Wireless Bras for Women Comfy Plunge T Shirt Bra Pack Style Womenswear for Everyday & Bridal Events #SummerVibes,1731831726131155211,"$62,959.88",PrettyGarden Women's Oversized Cardigan Sweater Fall Long Lantern Sleeve Knit Open Front Lightweight Sweater Knitwear Tops,1731208195967717743,"$55,715.48",tarte summer skin essentials - CC color-correcting tinted serum + creaseless setting powder,1732422500087993276,"$54,671.68",OEAK Womens Jelly Bras Wireless Comfortable Soft Push Up Bralettes Seamless Tshirts Bras Deep V Everyday Bras,1729714461980332262,"$51,540.70"
by.bren2,Eleplus 3 Pieces Lightly Lined Wireless Bras for Women Comfy Plunge T Shirt Bra Pack Style Womenswear for Everyday & Bridal Events #SummerVibes,1731831726131155211,"$62,959.88",PrettyGarden Women's Oversized Cardigan Sweater Fall Long Lantern Sleeve Knit Open Front Lightweight Sweater Knitwear Tops,1731208195967717743,"$55,715.48",OEAK Womens Jelly Bras Wireless Comfortable Soft Push Up Bralettes Seamless Tshirts Bras Deep V Everyday Bras,1729714461980332262,"$51,540.70",DOBREVA Women's Unlined Balconette Bra No Padded Underwire Supportive Plus Size Smooth Scoop Neck,1731395246467027235,"$43,979.26",LUCKMEEY Women High Waisted Seamless Shapewear Shorts Tummy Control Butt Lift Faja Body Shaper Breathable Slimming High Waist Shaping Shorts with Built-in Crotch Invisible Fit for Everyday Wear#tiktokshopbacktoschool#sohochic,1730652584168165420,"$42,687.43"
calebrichhh,"Bella Vita Luxury's Honey Oud | Eau de Parfum 100ml (3.4 fl oz) | Patchouli, Vanilla, Bergamot | Floral & Spicy | Made with Clean & Vegan Essentials Oils | Cruelty Free Fragrance Perfume",1729413742968869814,"$68,157.18",tarte summer skin essentials - CC color-correcting tinted serum + creaseless setting powder,1732422500087993276,"$54,671.68","INIA CURVIFY EMS Booty Lift Shorts - Multi-Mode EMS Microcurrent, Glutes Sculpting, Pelvic Floor Support, Visible Results in 2-4 Wks, Ems Microcurr.,back to school,back to school haul,sohochic",1729479457563251986,"$27,147.61","2-Color、3-Color Smooth Eyeshadow Stick Set, Long-Lasting Waterproof Makeup Products, Matte Highlighter & Glossy Eye Pencil, Easy Colored Eyeshadow for Beginners",1732305739916809186,"$20,083.85",tarte colored clay CC undereye corrector,1729734769623929788,"$18,888.18"
candidly.betsy,Halara One Shoulder Long Sleeve Thumb Hole Curved Hem High Low Quick Dry Yoga Sports Top-Built-in Bra,1731918375289458980,"$94,220.19",Halara UltraSculpt™ V-Shaped High Waisted Contrast Lace Yoga Flare Leggings with Pockets,1732311109215294302,"$25,061.12",【Creator’s Pick】Halara UltraSculpt High Waisted Tummy Control Pocket Shaping Training Leggings #BackToSchool,1729406821413261604,"$19,120.53",Halara Flex DayStretch High Waisted Pocket Straight Leg Work Pants #BackToSchool,1729535261465612580,"$17,974.77",【Creator’s Pick】Halara Flex High Waisted Pocket Wide Leg Waffle Work Pants #BackToSchool,1729408758258766116,"$16,319.95"
carlosesparza,Eleplus 3 Pieces Lightly Lined Wireless Bras for Women Comfy Plunge T Shirt Bra Pack Style Womenswear for Everyday & Bridal Events #SummerVibes,1731831726131155211,"$62,959.88",PrettyGarden Women's Oversized Cardigan Sweater Fall Long Lantern Sleeve Knit Open Front Lightweight Sweater Knitwear Tops,1731208195967717743,"$55,715.48",OEAK Womens Jelly Bras Wireless Comfortable Soft Push Up Bralettes Seamless Tshirts Bras Deep V Everyday Bras,1729714461980332262,"$51,540.70",DOBREVA Women's Unlined Balconette Bra No Padded Underwire Supportive Plus Size Smooth Scoop Neck,1731395246467027235,"$43,979.26",LUCKMEEY Women High Waisted Seamless Shapewear Shorts Tummy Control Butt Lift Faja Body Shaper Breathable Slimming High Waist Shaping Shorts with Built-in Crotch Invisible Fit for Everyday Wear#tiktokshopbacktoschool#sohochic,1730652584168165420,"$42,687.43"
carlymanninggg,"Bella Vita Luxury's Honey Oud | Eau de Parfum 100ml (3.4 fl oz) | Patchouli, Vanilla, Bergamot | Floral & Spicy | Made with Clean & Vegan Essentials Oils | Cruelty Free Fragrance Perfume",1729413742968869814,"$68,157.18",tarte summer skin essentials - CC color-correcting tinted serum + creaseless setting powder,1732422500087993276,"$54,671.68","INIA CURVIFY EMS Booty Lift Shorts - Multi-Mode EMS Microcurrent, Glutes Sculpting, Pelvic Floor Support, Visible Results in 2-4 Wks, Ems Microcurr.,back to school,back to school haul,sohochic",1729479457563251986,"$27,147.61","2-Color、3-Color Smooth Eyeshadow Stick Set, Long-Lasting Waterproof Makeup Products, Matte Highlighter & Glossy Eye Pencil, Easy Colored Eyeshadow for Beginners",1732305739916809186,"$20,083.85",[Clinique] Black Honey Hi Gel Tech + High-Fi Mascara Duo | Makeup Set | Volumizing Mascara | Black Honey,1732438508669079905,"$16,426.67"
caro_manning,"Bella Vita Luxury's Honey Oud | Eau de Parfum 100ml (3.4 fl oz) | Patchouli, Vanilla, Bergamot | Floral & Spicy | Made with Clean & Vegan Essentials Oils | Cruelty Free Fragrance Perfume",1729413742968869814,"$68,157.18","INIA CURVIFY EMS Booty Lift Shorts - Multi-Mode EMS Microcurrent, Glutes Sculpting, Pelvic Floor Support, Visible Results in 2-4 Wks, Ems Microcurr.,back to school,back to school haul,sohochic",1729479457563251986,"$27,147.61","2-Color、3-Color Smooth Eyeshadow Stick Set, Long-Lasting Waterproof Makeup Products, Matte Highlighter & Glossy Eye Pencil, Easy Colored Eyeshadow for Beginners",1732305739916809186,"$20,083.85",[Clinique] Black Honey Hi Gel Tech + High-Fi Mascara Duo | Makeup Set | Volumizing Mascara | Black Honey,1732438508669079905,"$16,426.67","[EPAIS Official Shop] Essential Eyelash Growth Serum, Jumbo Size 0.5fl.oz - Safe & Gentle Lashes Care, Fuller, Thicker in 2 Weeks, Non-Prostaglandin, Hormone-free",1729583305380172048,"$15,501.36"
carringtonchronicles,"Bella Vita Luxury's Honey Oud | Eau de Parfum 100ml (3.4 fl oz) | Patchouli, Vanilla, Bergamot | Floral & Spicy | Made with Clean & Vegan Essentials Oils | Cruelty Free Fragrance Perfume",1729413742968869814,"$68,157.18",tarte summer skin essentials - CC color-correcting tinted serum + creaseless setting powder,1732422500087993276,"$54,671.68","INIA CURVIFY EMS Booty Lift Shorts - Multi-Mode EMS Microcurrent, Glutes Sculpting, Pelvic Floor Support, Visible Results in 2-4 Wks, Ems Microcurr.,back to school,back to school haul,sohochic",1729479457563251986,"$27,147.61","2-Color、3-Color Smooth Eyeshadow Stick Set, Long-Lasting Waterproof Makeup Products, Matte Highlighter & Glossy Eye Pencil, Easy Colored Eyeshadow for Beginners",1732305739916809186,"$20,083.85",tarte colored clay CC undereye corrector,1729734769623929788,"$18,888.18"
cassycass00,Halara One Shoulder Long Sleeve Thumb Hole Curved Hem High Low Quick Dry Yoga Sports Top-Built-in Bra,1731918375289458980,"$94,220.19","Bella Vita Luxury's Honey Oud | Eau de Parfum 100ml (3.4 fl oz) | Patchouli, Vanilla, Bergamot | Floral & Spicy | Made with Clean & Vegan Essentials Oils | Cruelty Free Fragrance Perfume",1729413742968869814,"$68,157.18","2026 Dumpling Squishy Advent Calendar - Indoor Recreation Stress Relief Toy, 24 Surprise Kawaii Mini Food Squishy Figures, Cute Christmas Countdown Holiday Gift",1732609143065383676,"$48,688.45","INIA CURVIFY EMS Booty Lift Shorts - Multi-Mode EMS Microcurrent, Glutes Sculpting, Pelvic Floor Support, Visible Results in 2-4 Wks, Ems Microcurr.,back to school,back to school haul,sohochic",1729479457563251986,"$27,147.61",Halara UltraSculpt™ V-Shaped High Waisted Contrast Lace Yoga Flare Leggings with Pockets,1732311109215294302,"$25,061.12"
cassymedwards_,"Bella Vita Luxury's Honey Oud | Eau de Parfum 100ml (3.4 fl oz) | Patchouli, Vanilla, Bergamot | Floral & Spicy | Made with Clean & Vegan Essentials Oils | Cruelty Free Fragrance Perfume",1729413742968869814,"$68,157.18",tarte summer skin essentials - CC color-correcting tinted serum + creaseless setting powder,1732422500087993276,"$54,671.68","INIA CURVIFY EMS Booty Lift Shorts - Multi-Mode EMS Microcurrent, Glutes Sculpting, Pelvic Floor Support, Visible Results in 2-4 Wks, Ems Microcurr.,back to school,back to school haul,sohochic",1729479457563251986,"$27,147.61","2-Color、3-Color Smooth Eyeshadow Stick Set, Long-Lasting Waterproof Makeup Products, Matte Highlighter & Glossy Eye Pencil, Easy Colored Eyeshadow for Beginners",1732305739916809186,"$20,083.85",[Clinique] Black Honey Hi Gel Tech + High-Fi Mascara Duo | Makeup Set | Volumizing Mascara | Black Honey,1732438508669079905,"$16,426.67"
cheerockafellaa,"Bella Vita Luxury's Honey Oud | Eau de Parfum 100ml (3.4 fl oz) | Patchouli, Vanilla, Bergamot | Floral & Spicy | Made with Clean & Vegan Essentials Oils | Cruelty Free Fragrance Perfume",1729413742968869814,"$68,157.18",tarte summer skin essentials - CC color-correcting tinted serum + creaseless setting powder,1732422500087993276,"$54,671.68","INIA CURVIFY EMS Booty Lift Shorts - Multi-Mode EMS Microcurrent, Glutes Sculpting, Pelvic Floor Support, Visible Results in 2-4 Wks, Ems Microcurr.,back to school,back to school haul,sohochic",1729479457563251986,"$27,147.61","2-Color、3-Color Smooth Eyeshadow Stick Set, Long-Lasting Waterproof Makeup Products, Matte Highlighter & Glossy Eye Pencil, Easy Colored Eyeshadow for Beginners",1732305739916809186,"$20,083.85",tarte colored clay CC undereye corrector,1729734769623929788,"$18,888.18"
chelsleebmoney,"Bella Vita Luxury's Honey Oud | Eau de Parfum 100ml (3.4 fl oz) | Patchouli, Vanilla, Bergamot | Floral & Spicy | Made with Clean & Vegan Essentials Oils | Cruelty Free Fragrance Perfume",1729413742968869814,"$68,157.18",tarte summer skin essentials - CC color-correcting tinted serum + creaseless setting powder,1732422500087993276,"$54,671.68","INIA CURVIFY EMS Booty Lift Shorts - Multi-Mode EMS Microcurrent, Glutes Sculpting, Pelvic Floor Support, Visible Results in 2-4 Wks, Ems Microcurr.,back to school,back to school haul,sohochic",1729479457563251986,"$27,147.61","2-Color、3-Color Smooth Eyeshadow Stick Set, Long-Lasting Waterproof Makeup Products, Matte Highlighter & Glossy Eye Pencil, Easy Colored Eyeshadow for Beginners",1732305739916809186,"$20,083.85",tarte colored clay CC undereye corrector,1729734769623929788,"$18,888.18"
christinaliddo,Eleplus 3 Pieces Lightly Lined Wireless Bras for Women Comfy Plunge T Shirt Bra Pack Style Womenswear for Everyday & Bridal Events #SummerVibes,1731831726131155211,"$62,959.88",PrettyGarden Women's Oversized Cardigan Sweater Fall Long Lantern Sleeve Knit Open Front Lightweight Sweater Knitwear Tops,1731208195967717743,"$55,715.48",OEAK Womens Jelly Bras Wireless Comfortable Soft Push Up Bralettes Seamless Tshirts Bras Deep V Everyday Bras,1729714461980332262,"$51,540.70",DOBREVA Women's Unlined Balconette Bra No Padded Underwire Supportive Plus Size Smooth Scoop Neck,1731395246467027235,"$43,979.26",LUCKMEEY Women High Waisted Seamless Shapewear Shorts Tummy Control Butt Lift Faja Body Shaper Breathable Slimming High Waist Shaping Shorts with Built-in Crotch Invisible Fit for Everyday Wear#tiktokshopbacktoschool#sohochic,1730652584168165420,"$42,687.43"
christylong40,"Bella Vita Luxury's Honey Oud | Eau de Parfum 100ml (3.4 fl oz) | Patchouli, Vanilla, Bergamot | Floral & Spicy | Made with Clean & Vegan Essentials Oils | Cruelty Free Fragrance Perfume",1729413742968869814,"$68,157.18",tarte summer skin essentials - CC color-correcting tinted serum + creaseless setting powder,1732422500087993276,"$54,671.68","INIA CURVIFY EMS Booty Lift Shorts - Multi-Mode EMS Microcurrent, Glutes Sculpting, Pelvic Floor Support, Visible Results in 2-4 Wks, Ems Microcurr.,back to school,back to school haul,sohochic",1729479457563251986,"$27,147.61","2-Color、3-Color Smooth Eyeshadow Stick Set, Long-Lasting Waterproof Makeup Products, Matte Highlighter & Glossy Eye Pencil, Easy Colored Eyeshadow for Beginners",1732305739916809186,"$20,083.85",tarte colored clay CC undereye corrector,1729734769623929788,"$18,888.18"
colleen_fusco,"Bella Vita Luxury's Honey Oud | Eau de Parfum 100ml (3.4 fl oz) | Patchouli, Vanilla, Bergamot | Floral & Spicy | Made with Clean & Vegan Essentials Oils | Cruelty Free Fragrance Perfume",1729413742968869814,"$68,157.18",Eleplus 3 Pieces Lightly Lined Wireless Bras for Women Comfy Plunge T Shirt Bra Pack Style Womenswear for Everyday & Bridal Events #SummerVibes,1731831726131155211,"$62,959.88",PrettyGarden Women's Oversized Cardigan Sweater Fall Long Lantern Sleeve Knit Open Front Lightweight Sweater Knitwear Tops,1731208195967717743,"$55,715.48",OEAK Womens Jelly Bras Wireless Comfortable Soft Push Up Bralettes Seamless Tshirts Bras Deep V Everyday Bras,1729714461980332262,"$51,540.70",DOBREVA Women's Unlined Balconette Bra No Padded Underwire Supportive Plus Size Smooth Scoop Neck,1731395246467027235,"$43,979.26"
creatorsalley,Halara One Shoulder Long Sleeve Thumb Hole Curved Hem High Low Quick Dry Yoga Sports Top-Built-in Bra,1731918375289458980,"$94,220.19","2026 Dumpling Squishy Advent Calendar - Indoor Recreation Stress Relief Toy, 24 Surprise Kawaii Mini Food Squishy Figures, Cute Christmas Countdown Holiday Gift",1732609143065383676,"$48,688.45","Medium Firm Hybrid Memory Foam Mattress - 8/10/12/14 in Twin, Full, Queen, King Sizes, Lumbar Support, Ergonomic Design, for Home Rooms, Hotels, Boxed Furniture Gift, Memory Foam Mattresses, Queen Size Mattress,dorm essentials,home decor,sohochic",1730092261582738160,"$36,989.43",Halara UltraSculpt™ V-Shaped High Waisted Contrast Lace Yoga Flare Leggings with Pockets,1732311109215294302,"$25,061.12",【Creator’s Pick】Halara UltraSculpt High Waisted Tummy Control Pocket Shaping Training Leggings #BackToSchool,1729406821413261604,"$19,120.53"
deniece0110,Eleplus 3 Pieces Lightly Lined Wireless Bras for Women Comfy Plunge T Shirt Bra Pack Style Womenswear for Everyday & Bridal Events #SummerVibes,1731831726131155211,"$62,959.88",OEAK Womens Jelly Bras Wireless Comfortable Soft Push Up Bralettes Seamless Tshirts Bras Deep V Everyday Bras,1729714461980332262,"$51,540.70",DOBREVA Women's Unlined Balconette Bra No Padded Underwire Supportive Plus Size Smooth Scoop Neck,1731395246467027235,"$43,979.26",LUCKMEEY Women High Waisted Seamless Shapewear Shorts Tummy Control Butt Lift Faja Body Shaper Breathable Slimming High Waist Shaping Shorts with Built-in Crotch Invisible Fit for Everyday Wear#tiktokshopbacktoschool#sohochic,1730652584168165420,"$42,687.43",Dr. Scholl's Women's Joplin Fashion Boot,1731896531264573800,"$39,752.59"
diaryofamaterialgurl,"Bella Vita Luxury's Honey Oud | Eau de Parfum 100ml (3.4 fl oz) | Patchouli, Vanilla, Bergamot | Floral & Spicy | Made with Clean & Vegan Essentials Oils | Cruelty Free Fragrance Perfume",1729413742968869814,"$68,157.18",Eleplus 3 Pieces Lightly Lined Wireless Bras for Women Comfy Plunge T Shirt Bra Pack Style Womenswear for Everyday & Bridal Events #SummerVibes,1731831726131155211,"$62,959.88",PrettyGarden Women's Oversized Cardigan Sweater Fall Long Lantern Sleeve Knit Open Front Lightweight Sweater Knitwear Tops,1731208195967717743,"$55,715.48",tarte summer skin essentials - CC color-correcting tinted serum + creaseless setting powder,1732422500087993276,"$54,671.68",OEAK Womens Jelly Bras Wireless Comfortable Soft Push Up Bralettes Seamless Tshirts Bras Deep V Everyday Bras,1729714461980332262,"$51,540.70"
digitaljinxy,tarte summer skin essentials - CC color-correcting tinted serum + creaseless setting powder,1732422500087993276,"$54,671.68","INIA CURVIFY EMS Booty Lift Shorts - Multi-Mode EMS Microcurrent, Glutes Sculpting, Pelvic Floor Support, Visible Results in 2-4 Wks, Ems Microcurr.,back to school,back to school haul,sohochic",1729479457563251986,"$27,147.61","2-Color、3-Color Smooth Eyeshadow Stick Set, Long-Lasting Waterproof Makeup Products, Matte Highlighter & Glossy Eye Pencil, Easy Colored Eyeshadow for Beginners",1732305739916809186,"$20,083.85",tarte colored clay CC undereye corrector,1729734769623929788,"$18,888.18",[Clinique] Black Honey Hi Gel Tech + High-Fi Mascara Duo | Makeup Set | Volumizing Mascara | Black Honey,1732438508669079905,"$16,426.67"
dinakxoxo,Eleplus 3 Pieces Lightly Lined Wireless Bras for Women Comfy Plunge T Shirt Bra Pack Style Womenswear for Everyday & Bridal Events #SummerVibes,1731831726131155211,"$62,959.88",PrettyGarden Women's Oversized Cardigan Sweater Fall Long Lantern Sleeve Knit Open Front Lightweight Sweater Knitwear Tops,1731208195967717743,"$55,715.48",OEAK Womens Jelly Bras Wireless Comfortable Soft Push Up Bralettes Seamless Tshirts Bras Deep V Everyday Bras,1729714461980332262,"$51,540.70","2026 Dumpling Squishy Advent Calendar - Indoor Recreation Stress Relief Toy, 24 Surprise Kawaii Mini Food Squishy Figures, Cute Christmas Countdown Holiday Gift",1732609143065383676,"$48,688.45",DOBREVA Women's Unlined Balconette Bra No Padded Underwire Supportive Plus Size Smooth Scoop Neck,1731395246467027235,"$43,979.26"
ellencherry_,Eleplus 3 Pieces Lightly Lined Wireless Bras for Women Comfy Plunge T Shirt Bra Pack Style Womenswear for Everyday & Bridal Events #SummerVibes,1731831726131155211,"$62,959.88",PrettyGarden Women's Oversized Cardigan Sweater Fall Long Lantern Sleeve Knit Open Front Lightweight Sweater Knitwear Tops,1731208195967717743,"$55,715.48",OEAK Womens Jelly Bras Wireless Comfortable Soft Push Up Bralettes Seamless Tshirts Bras Deep V Everyday Bras,1729714461980332262,"$51,540.70",DOBREVA Women's Unlined Balconette Bra No Padded Underwire Supportive Plus Size Smooth Scoop Neck,1731395246467027235,"$43,979.26",LUCKMEEY Women High Waisted Seamless Shapewear Shorts Tummy Control Butt Lift Faja Body Shaper Breathable Slimming High Waist Shaping Shorts with Built-in Crotch Invisible Fit for Everyday Wear#tiktokshopbacktoschool#sohochic,1730652584168165420,"$42,687.43"
emileys.drafts,tarte summer skin essentials - CC color-correcting tinted serum + creaseless setting powder,1732422500087993276,"$54,671.68","INIA CURVIFY EMS Booty Lift Shorts - Multi-Mode EMS Microcurrent, Glutes Sculpting, Pelvic Floor Support, Visible Results in 2-4 Wks, Ems Microcurr.,back to school,back to school haul,sohochic",1729479457563251986,"$27,147.61","2-Color、3-Color Smooth Eyeshadow Stick Set, Long-Lasting Waterproof Makeup Products, Matte Highlighter & Glossy Eye Pencil, Easy Colored Eyeshadow for Beginners",1732305739916809186,"$20,083.85",tarte colored clay CC undereye corrector,1729734769623929788,"$18,888.18",[Clinique] Black Honey Hi Gel Tech + High-Fi Mascara Duo | Makeup Set | Volumizing Mascara | Black Honey,1732438508669079905,"$16,426.67"
errrcat,Eleplus 3 Pieces Lightly Lined Wireless Bras for Women Comfy Plunge T Shirt Bra Pack Style Womenswear for Everyday & Bridal Events #SummerVibes,1731831726131155211,"$62,959.88",PrettyGarden Women's Oversized Cardigan Sweater Fall Long Lantern Sleeve Knit Open Front Lightweight Sweater Knitwear Tops,1731208195967717743,"$55,715.48",OEAK Womens Jelly Bras Wireless Comfortable Soft Push Up Bralettes Seamless Tshirts Bras Deep V Everyday Bras,1729714461980332262,"$51,540.70",DOBREVA Women's Unlined Balconette Bra No Padded Underwire Supportive Plus Size Smooth Scoop Neck,1731395246467027235,"$43,979.26",LUCKMEEY Women High Waisted Seamless Shapewear Shorts Tummy Control Butt Lift Faja Body Shaper Breathable Slimming High Waist Shaping Shorts with Built-in Crotch Invisible Fit for Everyday Wear#tiktokshopbacktoschool#sohochic,1730652584168165420,"$42,687.43"
everydayaudur,"Bella Vita Luxury's Honey Oud | Eau de Parfum 100ml (3.4 fl oz) | Patchouli, Vanilla, Bergamot | Floral & Spicy | Made with Clean & Vegan Essentials Oils | Cruelty Free Fragrance Perfume",1729413742968869814,"$68,157.18",tarte summer skin essentials - CC color-correcting tinted serum + creaseless setting powder,1732422500087993276,"$54,671.68","Comfrt | The Dreamer Blanket | Oversized, Cozy, Soft Warm Throw",1729931833196778371,"$37,491.53","INIA CURVIFY EMS Booty Lift Shorts - Multi-Mode EMS Microcurrent, Glutes Sculpting, Pelvic Floor Support, Visible Results in 2-4 Wks, Ems Microcurr.,back to school,back to school haul,sohochic",1729479457563251986,"$27,147.61","2-Color、3-Color Smooth Eyeshadow Stick Set, Long-Lasting Waterproof Makeup Products, Matte Highlighter & Glossy Eye Pencil, Easy Colored Eyeshadow for Beginners",1732305739916809186,"$20,083.85"
foodfashionfun12,"BUILT Bar Puff Protein Bar, Pumpkin Cookie Chunk, Protein Packed Snack, Collagen, 160 calories, Not Gluten Free, 12 Count Box",1731834460486013170,"$13,935.84","Bears with Benefits Biotin Gummies for Hair Growth, Skin & Nails –  5000 mcg Biotin + Vitamins C & E + Zinc - 30 Gummies - Vegan Wild Berry Flavor - 1 Month Supply",1730755223971074070,"$13,272.63","New! Double Trouble Variety Pack - Bloom Sparkling Energy Variety Carton 12oz 12pk (LTO) - Pear Scare (6), Crisp Apple (6)",1732511048459785147,"$3,353.03","BODYHEALTH PerfectAmino Fitness & Gym Powder - Essential Amino Acids for Muscle Recovery (6x Whey Protein Power), Vegan, Allergen-Free (Gluten, Dairy, Soy, MSG), Sugar-Free, Skin Care Collagen Supplement (6 Flavors Including Vanilla)",1731349100249977343,"$3,217.55",Iron Hammer Herbal Tea,1729412598545289712,"$2,488.36"
freekbass,"Skillmatics Peelies – Reusable Sticker Activity Book Mess-Free, 100+ Reusable Stickers, DIY Scrapbooking Kit for Toddlers & Preschoolers, Travel Toy, Gifts for Ages 3 to 7",1732148327640896289,"$5,983.65","Costzon Toddler Slide Rocking Toy with Basketball Hoop, Rocking Horse,  Foldable Climber Rocking slide playset for Both Indoors Outdoor Use, mothersdaygift",1729442692279013891,"$4,763.02","Halloween Dumpling Stress Relief Toys, 1pcs/3pcs/6pcs/8pcs/12pcs with Steamer Storage Boxes,Slow‑rebound maltose squishy toys, ideal for Halloween party gifts, featuring grimace pumpkin and little devil designs，12pcs Mini Dumpling(5cm）",1732534855764971527,"$3,083.08","Egofuntoy Erasable Reusable Watercolor Pen Doodle Set for 1-4 Year Old Toddlers - Colorful Marker Pen, Drawing Art Supplies, Painting Supplies Kit, 12 Markers, 14-Page Unicorn Book, Car Travel Kids Toys Cool Gifts, Cool Gifts For Kids,sohochic",1729476492327489974,"$2,815.72","QPAU 1/2 PCS Bouncy Animal Hopper Toys - Large for 5+, Inflatable Ride-On Jumping Bouncer with Hand Pump, Heavy Duty Giant Bouncy Pal, 220lbs Load Capacity, Indoor & Outdoor Energy Release Toy for Kids Adults, Halloween sohochic",1730790946487702520,"$1,854.16"
gabbrieluh,Eleplus 3 Pieces Lightly Lined Wireless Bras for Women Comfy Plunge T Shirt Bra Pack Style Womenswear for Everyday & Bridal Events #SummerVibes,1731831726131155211,"$62,959.88",PrettyGarden Women's Oversized Cardigan Sweater Fall Long Lantern Sleeve Knit Open Front Lightweight Sweater Knitwear Tops,1731208195967717743,"$55,715.48",OEAK Womens Jelly Bras Wireless Comfortable Soft Push Up Bralettes Seamless Tshirts Bras Deep V Everyday Bras,1729714461980332262,"$51,540.70",DOBREVA Women's Unlined Balconette Bra No Padded Underwire Supportive Plus Size Smooth Scoop Neck,1731395246467027235,"$43,979.26",LUCKMEEY Women High Waisted Seamless Shapewear Shorts Tummy Control Butt Lift Faja Body Shaper Breathable Slimming High Waist Shaping Shorts with Built-in Crotch Invisible Fit for Everyday Wear#tiktokshopbacktoschool#sohochic,1730652584168165420,"$42,687.43"
grayson.finks,Eleplus 3 Pieces Lightly Lined Wireless Bras for Women Comfy Plunge T Shirt Bra Pack Style Womenswear for Everyday & Bridal Events #SummerVibes,1731831726131155211,"$62,959.88",PrettyGarden Women's Oversized Cardigan Sweater Fall Long Lantern Sleeve Knit Open Front Lightweight Sweater Knitwear Tops,1731208195967717743,"$55,715.48",OEAK Womens Jelly Bras Wireless Comfortable Soft Push Up Bralettes Seamless Tshirts Bras Deep V Everyday Bras,1729714461980332262,"$51,540.70",DOBREVA Women's Unlined Balconette Bra No Padded Underwire Supportive Plus Size Smooth Scoop Neck,1731395246467027235,"$43,979.26",LUCKMEEY Women High Waisted Seamless Shapewear Shorts Tummy Control Butt Lift Faja Body Shaper Breathable Slimming High Waist Shaping Shorts with Built-in Crotch Invisible Fit for Everyday Wear#tiktokshopbacktoschool#sohochic,1730652584168165420,"$42,687.43"
hanaisfinechina,"Bella Vita Luxury's Honey Oud | Eau de Parfum 100ml (3.4 fl oz) | Patchouli, Vanilla, Bergamot | Floral & Spicy | Made with Clean & Vegan Essentials Oils | Cruelty Free Fragrance Perfume",1729413742968869814,"$68,157.18",Eleplus 3 Pieces Lightly Lined Wireless Bras for Women Comfy Plunge T Shirt Bra Pack Style Womenswear for Everyday & Bridal Events #SummerVibes,1731831726131155211,"$62,959.88",PrettyGarden Women's Oversized Cardigan Sweater Fall Long Lantern Sleeve Knit Open Front Lightweight Sweater Knitwear Tops,1731208195967717743,"$55,715.48",tarte summer skin essentials - CC color-correcting tinted serum + creaseless setting powder,1732422500087993276,"$54,671.68",OEAK Womens Jelly Bras Wireless Comfortable Soft Push Up Bralettes Seamless Tshirts Bras Deep V Everyday Bras,1729714461980332262,"$51,540.70"
happyhealthyabbie,Eleplus 3 Pieces Lightly Lined Wireless Bras for Women Comfy Plunge T Shirt Bra Pack Style Womenswear for Everyday & Bridal Events #SummerVibes,1731831726131155211,"$62,959.88",PrettyGarden Women's Oversized Cardigan Sweater Fall Long Lantern Sleeve Knit Open Front Lightweight Sweater Knitwear Tops,1731208195967717743,"$55,715.48",OEAK Womens Jelly Bras Wireless Comfortable Soft Push Up Bralettes Seamless Tshirts Bras Deep V Everyday Bras,1729714461980332262,"$51,540.70",DOBREVA Women's Unlined Balconette Bra No Padded Underwire Supportive Plus Size Smooth Scoop Neck,1731395246467027235,"$43,979.26",LUCKMEEY Women High Waisted Seamless Shapewear Shorts Tummy Control Butt Lift Faja Body Shaper Breathable Slimming High Waist Shaping Shorts with Built-in Crotch Invisible Fit for Everyday Wear#tiktokshopbacktoschool#sohochic,1730652584168165420,"$42,687.43"
hayleyyrichardson,Eleplus 3 Pieces Lightly Lined Wireless Bras for Women Comfy Plunge T Shirt Bra Pack Style Womenswear for Everyday & Bridal Events #SummerVibes,1731831726131155211,"$62,959.88",PrettyGarden Women's Oversized Cardigan Sweater Fall Long Lantern Sleeve Knit Open Front Lightweight Sweater Knitwear Tops,1731208195967717743,"$55,715.48",OEAK Womens Jelly Bras Wireless Comfortable Soft Push Up Bralettes Seamless Tshirts Bras Deep V Everyday Bras,1729714461980332262,"$51,540.70",DOBREVA Women's Unlined Balconette Bra No Padded Underwire Supportive Plus Size Smooth Scoop Neck,1731395246467027235,"$43,979.26",LUCKMEEY Women High Waisted Seamless Shapewear Shorts Tummy Control Butt Lift Faja Body Shaper Breathable Slimming High Waist Shaping Shorts with Built-in Crotch Invisible Fit for Everyday Wear#tiktokshopbacktoschool#sohochic,1730652584168165420,"$42,687.43"
hkapproved,"Bella Vita Luxury's Honey Oud | Eau de Parfum 100ml (3.4 fl oz) | Patchouli, Vanilla, Bergamot | Floral & Spicy | Made with Clean & Vegan Essentials Oils | Cruelty Free Fragrance Perfume",1729413742968869814,"$68,157.18",Eleplus 3 Pieces Lightly Lined Wireless Bras for Women Comfy Plunge T Shirt Bra Pack Style Womenswear for Everyday & Bridal Events #SummerVibes,1731831726131155211,"$62,959.88",PrettyGarden Women's Oversized Cardigan Sweater Fall Long Lantern Sleeve Knit Open Front Lightweight Sweater Knitwear Tops,1731208195967717743,"$55,715.48",tarte summer skin essentials - CC color-correcting tinted serum + creaseless setting powder,1732422500087993276,"$54,671.68",OEAK Womens Jelly Bras Wireless Comfortable Soft Push Up Bralettes Seamless Tshirts Bras Deep V Everyday Bras,1729714461980332262,"$51,540.70"
honestamandafinds,"Medium Firm Hybrid Memory Foam Mattress - 8/10/12/14 in Twin, Full, Queen, King Sizes, Lumbar Support, Ergonomic Design, for Home Rooms, Hotels, Boxed Furniture Gift, Memory Foam Mattresses, Queen Size Mattress,dorm essentials,home decor,sohochic",1730092261582738160,"$36,989.43","Skillmatics Peelies – Reusable Sticker Activity Book Mess-Free, 100+ Reusable Stickers, DIY Scrapbooking Kit for Toddlers & Preschoolers, Travel Toy, Gifts for Ages 3 to 7",1732148327640896289,"$5,983.65","SHA CERLIN Storage Bed Frame Modern Linen Upholstered Headboard Lift Up Storage Platform Bed Frame, Two Style Headboard, Heavy Duty Gas Lift Support, No Box Spring Needed,Wood Slats Support, Full Queen King Size, sohochic",1729537141726810464,"$5,621.57","Halloween Dumpling Stress Relief Toys, 1pcs/3pcs/6pcs/8pcs/12pcs with Steamer Storage Boxes,Slow‑rebound maltose squishy toys, ideal for Halloween party gifts, featuring grimace pumpkin and little devil designs，12pcs Mini Dumpling(5cm）",1732534855764971527,"$3,083.08","Egofuntoy Erasable Reusable Watercolor Pen Doodle Set for 1-4 Year Old Toddlers - Colorful Marker Pen, Drawing Art Supplies, Painting Supplies Kit, 12 Markers, 14-Page Unicorn Book, Car Travel Kids Toys Cool Gifts, Cool Gifts For Kids,sohochic",1729476492327489974,"$2,815.72"
honeyquiche,"Bella Vita Luxury's Honey Oud | Eau de Parfum 100ml (3.4 fl oz) | Patchouli, Vanilla, Bergamot | Floral & Spicy | Made with Clean & Vegan Essentials Oils | Cruelty Free Fragrance Perfume",1729413742968869814,"$68,157.18",PrettyGarden Women's Oversized Cardigan Sweater Fall Long Lantern Sleeve Knit Open Front Lightweight Sweater Knitwear Tops,1731208195967717743,"$55,715.48",tarte summer skin essentials - CC color-correcting tinted serum + creaseless setting powder,1732422500087993276,"$54,671.68",LUCKMEEY Women High Waisted Seamless Shapewear Shorts Tummy Control Butt Lift Faja Body Shaper Breathable Slimming High Waist Shaping Shorts with Built-in Crotch Invisible Fit for Everyday Wear#tiktokshopbacktoschool#sohochic,1730652584168165420,"$42,687.43",Freya ONESO Women Mid Rise High Stretchy BBL Jeans Butt Lifting Wide Leg Raw Hem Denim Pants Tummy Control Spring Basic Minimalist Woman Denim Bottom Comfortable Denim Jeans OSW8019 Plus Size Regular Size Fashion Daily Outfits DIY Inseams #SummerVibes,1731273402271240469,"$33,189.93"
itschlospamm,Eleplus 3 Pieces Lightly Lined Wireless Bras for Women Comfy Plunge T Shirt Bra Pack Style Womenswear for Everyday & Bridal Events #SummerVibes,1731831726131155211,"$62,959.88",PrettyGarden Women's Oversized Cardigan Sweater Fall Long Lantern Sleeve Knit Open Front Lightweight Sweater Knitwear Tops,1731208195967717743,"$55,715.48",OEAK Womens Jelly Bras Wireless Comfortable Soft Push Up Bralettes Seamless Tshirts Bras Deep V Everyday Bras,1729714461980332262,"$51,540.70",DOBREVA Women's Unlined Balconette Bra No Padded Underwire Supportive Plus Size Smooth Scoop Neck,1731395246467027235,"$43,979.26",LUCKMEEY Women High Waisted Seamless Shapewear Shorts Tummy Control Butt Lift Faja Body Shaper Breathable Slimming High Waist Shaping Shorts with Built-in Crotch Invisible Fit for Everyday Wear#tiktokshopbacktoschool#sohochic,1730652584168165420,"$42,687.43"
itsgenise,"Bella Vita Luxury's Honey Oud | Eau de Parfum 100ml (3.4 fl oz) | Patchouli, Vanilla, Bergamot | Floral & Spicy | Made with Clean & Vegan Essentials Oils | Cruelty Free Fragrance Perfume",1729413742968869814,"$68,157.18",tarte summer skin essentials - CC color-correcting tinted serum + creaseless setting powder,1732422500087993276,"$54,671.68","INIA CURVIFY EMS Booty Lift Shorts - Multi-Mode EMS Microcurrent, Glutes Sculpting, Pelvic Floor Support, Visible Results in 2-4 Wks, Ems Microcurr.,back to school,back to school haul,sohochic",1729479457563251986,"$27,147.61","2-Color、3-Color Smooth Eyeshadow Stick Set, Long-Lasting Waterproof Makeup Products, Matte Highlighter & Glossy Eye Pencil, Easy Colored Eyeshadow for Beginners",1732305739916809186,"$20,083.85",tarte colored clay CC undereye corrector,1729734769623929788,"$18,888.18"
itsjesslaw,"Medium Firm Hybrid Memory Foam Mattress - 8/10/12/14 in Twin, Full, Queen, King Sizes, Lumbar Support, Ergonomic Design, for Home Rooms, Hotels, Boxed Furniture Gift, Memory Foam Mattresses, Queen Size Mattress,dorm essentials,home decor,sohochic",1730092261582738160,"$36,989.43","【Back to school】Dowinx Big and Tall Office Chair with Pocket Spring Cushion,High Back Computer Gaming Chairs with Linkage Armrests,Executive Desk Chairs with Footrest,PU Leather",1732199719185846685,"$15,323.56","SHA CERLIN Storage Bed Frame Modern Linen Upholstered Headboard Lift Up Storage Platform Bed Frame, Two Style Headboard, Heavy Duty Gas Lift Support, No Box Spring Needed,Wood Slats Support, Full Queen King Size, sohochic",1729537141726810464,"$5,621.57","【Back to school】Dowinx Big and Tall Ergonomic Office Chair, High Back Reclining Gaming Desk Chair, Teddy Fleece Criss Cross Computer Chair with Thick Cushion, Wide Seat & Armrests, Foot Rest, Gray",1732379066796511645,"$3,017.72","Dowinx High Office Chair, with Pocket Spring Pad and waist Rest, High Back Computer Game Chair, Adjustable Armrests, Footrested",1729864514876444926,"$2,563.26"
itsmakenzietaylor,Halara One Shoulder Long Sleeve Thumb Hole Curved Hem High Low Quick Dry Yoga Sports Top-Built-in Bra,1731918375289458980,"$94,220.19",Eleplus 3 Pieces Lightly Lined Wireless Bras for Women Comfy Plunge T Shirt Bra Pack Style Womenswear for Everyday & Bridal Events #SummerVibes,1731831726131155211,"$62,959.88",PrettyGarden Women's Oversized Cardigan Sweater Fall Long Lantern Sleeve Knit Open Front Lightweight Sweater Knitwear Tops,1731208195967717743,"$55,715.48",OEAK Womens Jelly Bras Wireless Comfortable Soft Push Up Bralettes Seamless Tshirts Bras Deep V Everyday Bras,1729714461980332262,"$51,540.70","2026 Dumpling Squishy Advent Calendar - Indoor Recreation Stress Relief Toy, 24 Surprise Kawaii Mini Food Squishy Figures, Cute Christmas Countdown Holiday Gift",1732609143065383676,"$48,688.45"
itsmekaycee77,Eleplus 3 Pieces Lightly Lined Wireless Bras for Women Comfy Plunge T Shirt Bra Pack Style Womenswear for Everyday & Bridal Events #SummerVibes,1731831726131155211,"$62,959.88",PrettyGarden Women's Oversized Cardigan Sweater Fall Long Lantern Sleeve Knit Open Front Lightweight Sweater Knitwear Tops,1731208195967717743,"$55,715.48",OEAK Womens Jelly Bras Wireless Comfortable Soft Push Up Bralettes Seamless Tshirts Bras Deep V Everyday Bras,1729714461980332262,"$51,540.70",DOBREVA Women's Unlined Balconette Bra No Padded Underwire Supportive Plus Size Smooth Scoop Neck,1731395246467027235,"$43,979.26",LUCKMEEY Women High Waisted Seamless Shapewear Shorts Tummy Control Butt Lift Faja Body Shaper Breathable Slimming High Waist Shaping Shorts with Built-in Crotch Invisible Fit for Everyday Wear#tiktokshopbacktoschool#sohochic,1730652584168165420,"$42,687.43"
jacobien233,tarte summer skin essentials - CC color-correcting tinted serum + creaseless setting powder,1732422500087993276,"$54,671.68","INIA CURVIFY EMS Booty Lift Shorts - Multi-Mode EMS Microcurrent, Glutes Sculpting, Pelvic Floor Support, Visible Results in 2-4 Wks, Ems Microcurr.,back to school,back to school haul,sohochic",1729479457563251986,"$27,147.61","2-Color、3-Color Smooth Eyeshadow Stick Set, Long-Lasting Waterproof Makeup Products, Matte Highlighter & Glossy Eye Pencil, Easy Colored Eyeshadow for Beginners",1732305739916809186,"$20,083.85",tarte colored clay CC undereye corrector,1729734769623929788,"$18,888.18",[Clinique] Black Honey Hi Gel Tech + High-Fi Mascara Duo | Makeup Set | Volumizing Mascara | Black Honey,1732438508669079905,"$16,426.67"
jaimehillathome,"【2026 Newly Upgraded】Trucozie T350 Rechargeable Cordless Vacuums, 8-in-1 Lightweight Upright Floor Cleaning Vacuums with 2 Bonus HEPA Filters, 2-in-1 Brush, Hands-Free Design, 45-Min Runtime, 33 kPa Suction, Housewarming Gift for Hardwood Floors, Pet Hair",1729406319708377732,"$46,652.60","【2026 New Arrivals】Trucozie T550 Cordless Vacuum Cleaner, 40kPa Powerful Suction Smart Stick Vacuum with 50 Mins Runtime, 8-in-1 Lightweight Handheld/Upright Vacuum for Hardwood Floor, Carpet, Pet Hair & Car, Cordless Handheld Vacuum, Home Cleaning Tool,s",1731578192195392132,"$8,015.42","Topyangs 2-Pack Stainless Steel Cat Litter Box, Extra Large Non-Stick Rust-Proof Metal Tray with High Sides Splash Guard, Leak Proof, Easy Cleanup for Multi-Cat Households,sohochic",1731999342311543122,"$4,971.45","VEVOR Portable Dog Blow Dryer, 2000W/2.7HP Pet Grooming Dryer with Metal Housing, Safe Heating, Quick Drying, Adjustable Speed, Temperature Control, 4 Nozzles, Extendable Hose, Auto Shut-Off, Black (Father's Day Gift Option), Easy To Connect, Safe And Com",1729433235356618926,"$2,459.90",Ninja BlendBOSS Tumbler Blender with 26oz Travel Tumbler & Removable Straw - DB351,1732268325178150997,"$1,973.58"
jalisasahm,Eleplus 3 Pieces Lightly Lined Wireless Bras for Women Comfy Plunge T Shirt Bra Pack Style Womenswear for Everyday & Bridal Events #SummerVibes,1731831726131155211,"$62,959.88",PrettyGarden Women's Oversized Cardigan Sweater Fall Long Lantern Sleeve Knit Open Front Lightweight Sweater Knitwear Tops,1731208195967717743,"$55,715.48",OEAK Womens Jelly Bras Wireless Comfortable Soft Push Up Bralettes Seamless Tshirts Bras Deep V Everyday Bras,1729714461980332262,"$51,540.70",DOBREVA Women's Unlined Balconette Bra No Padded Underwire Supportive Plus Size Smooth Scoop Neck,1731395246467027235,"$43,979.26",LUCKMEEY Women High Waisted Seamless Shapewear Shorts Tummy Control Butt Lift Faja Body Shaper Breathable Slimming High Waist Shaping Shorts with Built-in Crotch Invisible Fit for Everyday Wear#tiktokshopbacktoschool#sohochic,1730652584168165420,"$42,687.43"
jaslovesreviews,Halara One Shoulder Long Sleeve Thumb Hole Curved Hem High Low Quick Dry Yoga Sports Top-Built-in Bra,1731918375289458980,"$94,220.19","2026 Dumpling Squishy Advent Calendar - Indoor Recreation Stress Relief Toy, 24 Surprise Kawaii Mini Food Squishy Figures, Cute Christmas Countdown Holiday Gift",1732609143065383676,"$48,688.45",Dr. Scholl's Women's Joplin Fashion Boot,1731896531264573800,"$39,752.59","EVELLYHOOTD Women's Sohochic Leopard Print Genuine Suede Leather Loafers - Mules Clogs, Slip-On Casual Shoes with Arch Support, Comfortable Animal Print Footwear for Everyday Wear, Women's Gifts",1732171696888648231,"$28,977.79",Halara UltraSculpt™ V-Shaped High Waisted Contrast Lace Yoga Flare Leggings with Pockets,1732311109215294302,"$25,061.12"
jasmineashley22,"Bella Vita Luxury's Honey Oud | Eau de Parfum 100ml (3.4 fl oz) | Patchouli, Vanilla, Bergamot | Floral & Spicy | Made with Clean & Vegan Essentials Oils | Cruelty Free Fragrance Perfume",1729413742968869814,"$68,157.18",Eleplus 3 Pieces Lightly Lined Wireless Bras for Women Comfy Plunge T Shirt Bra Pack Style Womenswear for Everyday & Bridal Events #SummerVibes,1731831726131155211,"$62,959.88",PrettyGarden Women's Oversized Cardigan Sweater Fall Long Lantern Sleeve Knit Open Front Lightweight Sweater Knitwear Tops,1731208195967717743,"$55,715.48",tarte summer skin essentials - CC color-correcting tinted serum + creaseless setting powder,1732422500087993276,"$54,671.68",OEAK Womens Jelly Bras Wireless Comfortable Soft Push Up Bralettes Seamless Tshirts Bras Deep V Everyday Bras,1729714461980332262,"$51,540.70"
jasminebrownie1,Halara One Shoulder Long Sleeve Thumb Hole Curved Hem High Low Quick Dry Yoga Sports Top-Built-in Bra,1731918375289458980,"$94,220.19",Eleplus 3 Pieces Lightly Lined Wireless Bras for Women Comfy Plunge T Shirt Bra Pack Style Womenswear for Everyday & Bridal Events #SummerVibes,1731831726131155211,"$62,959.88",PrettyGarden Women's Oversized Cardigan Sweater Fall Long Lantern Sleeve Knit Open Front Lightweight Sweater Knitwear Tops,1731208195967717743,"$55,715.48",OEAK Womens Jelly Bras Wireless Comfortable Soft Push Up Bralettes Seamless Tshirts Bras Deep V Everyday Bras,1729714461980332262,"$51,540.70","2026 Dumpling Squishy Advent Calendar - Indoor Recreation Stress Relief Toy, 24 Surprise Kawaii Mini Food Squishy Figures, Cute Christmas Countdown Holiday Gift",1732609143065383676,"$48,688.45"
jaxandbrynco,"Bella Vita Luxury's Honey Oud | Eau de Parfum 100ml (3.4 fl oz) | Patchouli, Vanilla, Bergamot | Floral & Spicy | Made with Clean & Vegan Essentials Oils | Cruelty Free Fragrance Perfume",1729413742968869814,"$68,157.18",Eleplus 3 Pieces Lightly Lined Wireless Bras for Women Comfy Plunge T Shirt Bra Pack Style Womenswear for Everyday & Bridal Events #SummerVibes,1731831726131155211,"$62,959.88",PrettyGarden Women's Oversized Cardigan Sweater Fall Long Lantern Sleeve Knit Open Front Lightweight Sweater Knitwear Tops,1731208195967717743,"$55,715.48",OEAK Womens Jelly Bras Wireless Comfortable Soft Push Up Bralettes Seamless Tshirts Bras Deep V Everyday Bras,1729714461980332262,"$51,540.70",DOBREVA Women's Unlined Balconette Bra No Padded Underwire Supportive Plus Size Smooth Scoop Neck,1731395246467027235,"$43,979.26"
jdubshopfaves,Halara One Shoulder Long Sleeve Thumb Hole Curved Hem High Low Quick Dry Yoga Sports Top-Built-in Bra,1731918375289458980,"$94,220.19","2026 Dumpling Squishy Advent Calendar - Indoor Recreation Stress Relief Toy, 24 Surprise Kawaii Mini Food Squishy Figures, Cute Christmas Countdown Holiday Gift",1732609143065383676,"$48,688.45",Halara UltraSculpt™ V-Shaped High Waisted Contrast Lace Yoga Flare Leggings with Pockets,1732311109215294302,"$25,061.12","Dr. Scholl's Women's Joplin Low Fashion Boot, Casual Minimalist Design, Comfortable Heels, Block Heel, Leather & Faux Leather Construction",1732469048422666600,"$22,967.11",Vince Camuto Adjustable Slingback Pumps - Thanya,1732491617205392327,"$21,524.09"
jeca050709,"Magnetic Photo Frames 2""x2"" Clear Acrylic DIY Fridge Magnets with Adhesive Backing – Square Magnets for Crafts, Kitchen, Classroom, Party & Office Decoration Back to School College Dorm Essentials #HomeEssentials #TikTokShopBackToSchool",1732288674913947952,"$5,465.01",Reliant Pet Mouse Repellent Pouches - Rodent Repellent Made in USA (12 Pouches) - Keep Rodents Out of Cars - Mouse Deterrents with Peppermint Oil,1729662519422718968,"$4,190.41",Lug Classic Zip Accessory Stand & Storage - Slumber,1732476764390724551,"$3,766.83",Evergreen Set of 3 Lighted Halloween WitchStakes,1731081757354464199,"$3,692.34","Women’s Soft PU Leather 2-Piece Classic Checkered Makeup Bag Set - Durable Reinforced Stitch Makeup Pouch, Lipstick Organizer, Bathroom Countertop Storage, Christmas Gift for Travel Use",1729474518842119875,"$3,460.96"
jenlashay,"Medium Firm Hybrid Memory Foam Mattress - 8/10/12/14 in Twin, Full, Queen, King Sizes, Lumbar Support, Ergonomic Design, for Home Rooms, Hotels, Boxed Furniture Gift, Memory Foam Mattresses, Queen Size Mattress,dorm essentials,home decor,sohochic",1730092261582738160,"$36,989.43","Women's Striped/rhombus/leaf/dot Cloud Handbag, Clip Closure Crossbody Bag, Lightweight Foldable for Daily Use, Gifts for Friends and Valentine's Day",1732227985172828427,"$27,973.16",Kelce Brown Football Clear Bag,1731463315645960563,"$19,706.48","【Back to school】Dowinx Big and Tall Office Chair with Pocket Spring Cushion,High Back Computer Gaming Chairs with Linkage Armrests,Executive Desk Chairs with Footrest,PU Leather",1732199719185846685,"$15,323.56",Cefiro Urban Envelope Bag Large - Stylish Urban Envelope Crossbody Bag Vegan Leather with Gold Hardware and Detachable Strap for Everyday Use,1732080603864469523,"$10,855.80"
jenn_lyles,Halara One Shoulder Long Sleeve Thumb Hole Curved Hem High Low Quick Dry Yoga Sports Top-Built-in Bra,1731918375289458980,"$94,220.19",Eleplus 3 Pieces Lightly Lined Wireless Bras for Women Comfy Plunge T Shirt Bra Pack Style Womenswear for Everyday & Bridal Events #SummerVibes,1731831726131155211,"$62,959.88",PrettyGarden Women's Oversized Cardigan Sweater Fall Long Lantern Sleeve Knit Open Front Lightweight Sweater Knitwear Tops,1731208195967717743,"$55,715.48","2026 Dumpling Squishy Advent Calendar - Indoor Recreation Stress Relief Toy, 24 Surprise Kawaii Mini Food Squishy Figures, Cute Christmas Countdown Holiday Gift",1732609143065383676,"$48,688.45",DOBREVA Women's Unlined Balconette Bra No Padded Underwire Supportive Plus Size Smooth Scoop Neck,1731395246467027235,"$43,979.26"
jennababiolakis,"Comfrt | The Dreamer Blanket | Oversized, Cozy, Soft Warm Throw",1729931833196778371,"$37,491.53","BUILT Bar Puff Protein Bar, Pumpkin Cookie Chunk, Protein Packed Snack, Collagen, 160 calories, Not Gluten Free, 12 Count Box",1731834460486013170,"$13,935.84","[Back to School] WeCharmer Extra Thick Bedding Mattress Topper, 1000GSM Plush Down Alternative Overfill Bamboo Topper Mattress, Cooling Cloud-Like Pillow Top, 360° Elastic Hold 8-21In Deep Pocket for Back Pain Relief",1729457680158658805,"$4,844.42","New! Double Trouble Variety Pack - Bloom Sparkling Energy Variety Carton 12oz 12pk (LTO) - Pear Scare (6), Crisp Apple (6)",1732511048459785147,"$3,353.03","Litanika 3-Piece Tufted Boho Bedding Set - Fluffy Farmhouse Comforter with 2 Pillowcases, Geometric Tufts, All-Season, for Aesthetic Room Decor, Room Decor (King Size Option Available),back to school,back to school shopping,home decor,sohochic",1731434518914896427,"$2,797.79"
julie_trimble,Halara One Shoulder Long Sleeve Thumb Hole Curved Hem High Low Quick Dry Yoga Sports Top-Built-in Bra,1731918375289458980,"$94,220.19",Eleplus 3 Pieces Lightly Lined Wireless Bras for Women Comfy Plunge T Shirt Bra Pack Style Womenswear for Everyday & Bridal Events #SummerVibes,1731831726131155211,"$62,959.88",PrettyGarden Women's Oversized Cardigan Sweater Fall Long Lantern Sleeve Knit Open Front Lightweight Sweater Knitwear Tops,1731208195967717743,"$55,715.48",OEAK Womens Jelly Bras Wireless Comfortable Soft Push Up Bralettes Seamless Tshirts Bras Deep V Everyday Bras,1729714461980332262,"$51,540.70","2026 Dumpling Squishy Advent Calendar - Indoor Recreation Stress Relief Toy, 24 Surprise Kawaii Mini Food Squishy Figures, Cute Christmas Countdown Holiday Gift",1732609143065383676,"$48,688.45"
justjess111,Halara One Shoulder Long Sleeve Thumb Hole Curved Hem High Low Quick Dry Yoga Sports Top-Built-in Bra,1731918375289458980,"$94,220.19","Bella Vita Luxury's Honey Oud | Eau de Parfum 100ml (3.4 fl oz) | Patchouli, Vanilla, Bergamot | Floral & Spicy | Made with Clean & Vegan Essentials Oils | Cruelty Free Fragrance Perfume",1729413742968869814,"$68,157.18",tarte summer skin essentials - CC color-correcting tinted serum + creaseless setting powder,1732422500087993276,"$54,671.68","2026 Dumpling Squishy Advent Calendar - Indoor Recreation Stress Relief Toy, 24 Surprise Kawaii Mini Food Squishy Figures, Cute Christmas Countdown Holiday Gift",1732609143065383676,"$48,688.45","INIA CURVIFY EMS Booty Lift Shorts - Multi-Mode EMS Microcurrent, Glutes Sculpting, Pelvic Floor Support, Visible Results in 2-4 Wks, Ems Microcurr.,back to school,back to school haul,sohochic",1729479457563251986,"$27,147.61"
justjessyxo,Halara One Shoulder Long Sleeve Thumb Hole Curved Hem High Low Quick Dry Yoga Sports Top-Built-in Bra,1731918375289458980,"$94,220.19",Eleplus 3 Pieces Lightly Lined Wireless Bras for Women Comfy Plunge T Shirt Bra Pack Style Womenswear for Everyday & Bridal Events #SummerVibes,1731831726131155211,"$62,959.88",OEAK Womens Jelly Bras Wireless Comfortable Soft Push Up Bralettes Seamless Tshirts Bras Deep V Everyday Bras,1729714461980332262,"$51,540.70","2026 Dumpling Squishy Advent Calendar - Indoor Recreation Stress Relief Toy, 24 Surprise Kawaii Mini Food Squishy Figures, Cute Christmas Countdown Holiday Gift",1732609143065383676,"$48,688.45",DOBREVA Women's Unlined Balconette Bra No Padded Underwire Supportive Plus Size Smooth Scoop Neck,1731395246467027235,"$43,979.26"
justjonxx,Halara One Shoulder Long Sleeve Thumb Hole Curved Hem High Low Quick Dry Yoga Sports Top-Built-in Bra,1731918375289458980,"$94,220.19","2026 Dumpling Squishy Advent Calendar - Indoor Recreation Stress Relief Toy, 24 Surprise Kawaii Mini Food Squishy Figures, Cute Christmas Countdown Holiday Gift",1732609143065383676,"$48,688.45",Halara UltraSculpt™ V-Shaped High Waisted Contrast Lace Yoga Flare Leggings with Pockets,1732311109215294302,"$25,061.12",【Creator’s Pick】Halara UltraSculpt High Waisted Tummy Control Pocket Shaping Training Leggings #BackToSchool,1729406821413261604,"$19,120.53",Halara Flex DayStretch High Waisted Pocket Straight Leg Work Pants #BackToSchool,1729535261465612580,"$17,974.77"
kaseyas0920,"Comfrt | The Dreamer Blanket | Oversized, Cozy, Soft Warm Throw",1729931833196778371,"$37,491.53","Skillmatics Peelies – Reusable Sticker Activity Book Mess-Free, 100+ Reusable Stickers, DIY Scrapbooking Kit for Toddlers & Preschoolers, Travel Toy, Gifts for Ages 3 to 7",1732148327640896289,"$5,983.65","[Back to School] WeCharmer Extra Thick Bedding Mattress Topper, 1000GSM Plush Down Alternative Overfill Bamboo Topper Mattress, Cooling Cloud-Like Pillow Top, 360° Elastic Hold 8-21In Deep Pocket for Back Pain Relief",1729457680158658805,"$4,844.42","Costzon Toddler Slide Rocking Toy with Basketball Hoop, Rocking Horse,  Foldable Climber Rocking slide playset for Both Indoors Outdoor Use, mothersdaygift",1729442692279013891,"$4,763.02","Halloween Dumpling Stress Relief Toys, 1pcs/3pcs/6pcs/8pcs/12pcs with Steamer Storage Boxes,Slow‑rebound maltose squishy toys, ideal for Halloween party gifts, featuring grimace pumpkin and little devil designs，12pcs Mini Dumpling(5cm）",1732534855764971527,"$3,083.08"
kaseys0920,"Women's Striped/rhombus/leaf/dot Cloud Handbag, Clip Closure Crossbody Bag, Lightweight Foldable for Daily Use, Gifts for Friends and Valentine's Day",1732227985172828427,"$27,973.16",Kelce Brown Football Clear Bag,1731463315645960563,"$19,706.48",Cefiro Urban Envelope Bag Large - Stylish Urban Envelope Crossbody Bag Vegan Leather with Gold Hardware and Detachable Strap for Everyday Use,1732080603864469523,"$10,855.80",VASAIKO 6-in-1 Portable Indoor Environment Monitor with Temperature & Humidity Monitoring Plug-and-Play Design High-Definition Display Accurate Alerts Ideal for Kitchen Garage RVs Apartments sohochic,1732022410216050952,"$8,485.93","LOVEVOOK Colorblock Carry-On Travel Backpack with 3 Packing Cubes and Laptop Compartment - Personal Item,TSA-Friendly, Travel Essentials, Airline Approved Travel Bag for Hiking, Weekend, TikTokShopBackToSchool",1729417326447727282,"$8,229.60"
kategrauss,"Bella Vita Luxury's Honey Oud | Eau de Parfum 100ml (3.4 fl oz) | Patchouli, Vanilla, Bergamot | Floral & Spicy | Made with Clean & Vegan Essentials Oils | Cruelty Free Fragrance Perfume",1729413742968869814,"$68,157.18",tarte summer skin essentials - CC color-correcting tinted serum + creaseless setting powder,1732422500087993276,"$54,671.68","INIA CURVIFY EMS Booty Lift Shorts - Multi-Mode EMS Microcurrent, Glutes Sculpting, Pelvic Floor Support, Visible Results in 2-4 Wks, Ems Microcurr.,back to school,back to school haul,sohochic",1729479457563251986,"$27,147.61","2-Color、3-Color Smooth Eyeshadow Stick Set, Long-Lasting Waterproof Makeup Products, Matte Highlighter & Glossy Eye Pencil, Easy Colored Eyeshadow for Beginners",1732305739916809186,"$20,083.85",tarte colored clay CC undereye corrector,1729734769623929788,"$18,888.18"
kategrs,Dr. Scholl's Women's Joplin Fashion Boot,1731896531264573800,"$39,752.59","EVELLYHOOTD Women's Sohochic Leopard Print Genuine Suede Leather Loafers - Mules Clogs, Slip-On Casual Shoes with Arch Support, Comfortable Animal Print Footwear for Everyday Wear, Women's Gifts",1732171696888648231,"$28,977.79","Dr. Scholl's Women's Joplin Low Fashion Boot, Casual Minimalist Design, Comfortable Heels, Block Heel, Leather & Faux Leather Construction",1732469048422666600,"$22,967.11",Vince Camuto Adjustable Slingback Pumps - Thanya,1732491617205392327,"$21,524.09","Stylish Women's High Heeled Shoes, Slingback Stiletto Heels, Minimalist Slingback Pumps, European Style Patent Leather, Elegant Party Shoes Hollow Side Design, Classy Fashion Slimming Look, Exquisite Heels for Parties and Events, Elegant Footwear",1732180721823158836,"$9,619.10"
kathryn_scoco,"DEBAOBULB Rechargeable Emergency LED Light Bulb - E26 Base, 120V, 9W (60W Equivalent), 6000K Daylight, 1200mAh Batteries, Hook, Energy Saving, Multiple Brightness, for Home Power Outage, Outdoor Camping Hurricane Safety Tools",1730264570695685026,"$7,176.41",Ninja BlendBOSS Tumbler Blender with 26oz Travel Tumbler & Removable Straw - DB351,1732268325178150997,"$1,973.58","BELIFE S8 Cordless Stick Vacuum Cleaner, 8-in-1 Cleaning Supplies with 48Kpa Powerful Suction, 65-Min Run Time, Self-Standing, Lightweight Anti-Tangle Rechargeable, Wall Mount, Touchscreen for Apartment Stuff, Floors/Carpets/Pet Hair",1731504546233094388,"$1,898.63","FEPPO Vacuum Steamer for Clothes, Handheld Garment Steamer with Suction, 2-in-1 Steam & Iron, LED Display, Adjustable Suction & Steam Modes, One-Hand Vacuum Steamer for Home (For 110-120V),back to school,back to school haul,sohochic",1729489286334944993,"$1,830.59","Teant Mattress Vacuum Cleaner for Dust Mites – 16kPa Powerful Suction UV-C Mattress Cleaner with Intelligent LED Display, 149°F Hot Air Sterilization, Aroma & Anion, HEPA Filter, Lightweight Deep Cleaner for Pet Hair on Bed, Sofa for Clean Living,sohochic",1729650692833382757,"$1,722.42"
katrinagmoore,Eleplus 3 Pieces Lightly Lined Wireless Bras for Women Comfy Plunge T Shirt Bra Pack Style Womenswear for Everyday & Bridal Events #SummerVibes,1731831726131155211,"$62,959.88",OEAK Womens Jelly Bras Wireless Comfortable Soft Push Up Bralettes Seamless Tshirts Bras Deep V Everyday Bras,1729714461980332262,"$51,540.70",DOBREVA Women's Unlined Balconette Bra No Padded Underwire Supportive Plus Size Smooth Scoop Neck,1731395246467027235,"$43,979.26",LUCKMEEY Women High Waisted Seamless Shapewear Shorts Tummy Control Butt Lift Faja Body Shaper Breathable Slimming High Waist Shaping Shorts with Built-in Crotch Invisible Fit for Everyday Wear#tiktokshopbacktoschool#sohochic,1730652584168165420,"$42,687.43",Tanming Womens Baggy Wide Leg Pants Relaxed Palazzo Harem Pants Elastic Waist with Pockets,1729491434710208659,"$33,160.14"
kay_caputo,"Bella Vita Luxury's Honey Oud | Eau de Parfum 100ml (3.4 fl oz) | Patchouli, Vanilla, Bergamot | Floral & Spicy | Made with Clean & Vegan Essentials Oils | Cruelty Free Fragrance Perfume",1729413742968869814,"$68,157.18",Eleplus 3 Pieces Lightly Lined Wireless Bras for Women Comfy Plunge T Shirt Bra Pack Style Womenswear for Everyday & Bridal Events #SummerVibes,1731831726131155211,"$62,959.88",PrettyGarden Women's Oversized Cardigan Sweater Fall Long Lantern Sleeve Knit Open Front Lightweight Sweater Knitwear Tops,1731208195967717743,"$55,715.48",tarte summer skin essentials - CC color-correcting tinted serum + creaseless setting powder,1732422500087993276,"$54,671.68",OEAK Womens Jelly Bras Wireless Comfortable Soft Push Up Bralettes Seamless Tshirts Bras Deep V Everyday Bras,1729714461980332262,"$51,540.70"
kelliecrowther,"Bella Vita Luxury's Honey Oud | Eau de Parfum 100ml (3.4 fl oz) | Patchouli, Vanilla, Bergamot | Floral & Spicy | Made with Clean & Vegan Essentials Oils | Cruelty Free Fragrance Perfume",1729413742968869814,"$68,157.18","INIA CURVIFY EMS Booty Lift Shorts - Multi-Mode EMS Microcurrent, Glutes Sculpting, Pelvic Floor Support, Visible Results in 2-4 Wks, Ems Microcurr.,back to school,back to school haul,sohochic",1729479457563251986,"$27,147.61","2-Color、3-Color Smooth Eyeshadow Stick Set, Long-Lasting Waterproof Makeup Products, Matte Highlighter & Glossy Eye Pencil, Easy Colored Eyeshadow for Beginners",1732305739916809186,"$20,083.85",[Clinique] Black Honey Hi Gel Tech + High-Fi Mascara Duo | Makeup Set | Volumizing Mascara | Black Honey,1732438508669079905,"$16,426.67","[EPAIS Official Shop] Essential Eyelash Growth Serum, Jumbo Size 0.5fl.oz - Safe & Gentle Lashes Care, Fuller, Thicker in 2 Weeks, Non-Prostaglandin, Hormone-free",1729583305380172048,"$15,501.36"
kelliesfaves,"Bella Vita Luxury's Honey Oud | Eau de Parfum 100ml (3.4 fl oz) | Patchouli, Vanilla, Bergamot | Floral & Spicy | Made with Clean & Vegan Essentials Oils | Cruelty Free Fragrance Perfume",1729413742968869814,"$68,157.18",tarte summer skin essentials - CC color-correcting tinted serum + creaseless setting powder,1732422500087993276,"$54,671.68","INIA CURVIFY EMS Booty Lift Shorts - Multi-Mode EMS Microcurrent, Glutes Sculpting, Pelvic Floor Support, Visible Results in 2-4 Wks, Ems Microcurr.,back to school,back to school haul,sohochic",1729479457563251986,"$27,147.61","2-Color、3-Color Smooth Eyeshadow Stick Set, Long-Lasting Waterproof Makeup Products, Matte Highlighter & Glossy Eye Pencil, Easy Colored Eyeshadow for Beginners",1732305739916809186,"$20,083.85",tarte colored clay CC undereye corrector,1729734769623929788,"$18,888.18"
kelsi.campbell,"Bella Vita Luxury's Honey Oud | Eau de Parfum 100ml (3.4 fl oz) | Patchouli, Vanilla, Bergamot | Floral & Spicy | Made with Clean & Vegan Essentials Oils | Cruelty Free Fragrance Perfume",1729413742968869814,"$68,157.18",tarte summer skin essentials - CC color-correcting tinted serum + creaseless setting powder,1732422500087993276,"$54,671.68","【2026 Newly Upgraded】Trucozie T350 Rechargeable Cordless Vacuums, 8-in-1 Lightweight Upright Floor Cleaning Vacuums with 2 Bonus HEPA Filters, 2-in-1 Brush, Hands-Free Design, 45-Min Runtime, 33 kPa Suction, Housewarming Gift for Hardwood Floors, Pet Hair",1729406319708377732,"$46,652.60","INIA CURVIFY EMS Booty Lift Shorts - Multi-Mode EMS Microcurrent, Glutes Sculpting, Pelvic Floor Support, Visible Results in 2-4 Wks, Ems Microcurr.,back to school,back to school haul,sohochic",1729479457563251986,"$27,147.61","2-Color、3-Color Smooth Eyeshadow Stick Set, Long-Lasting Waterproof Makeup Products, Matte Highlighter & Glossy Eye Pencil, Easy Colored Eyeshadow for Beginners",1732305739916809186,"$20,083.85"
keyajames,"Bella Vita Luxury's Honey Oud | Eau de Parfum 100ml (3.4 fl oz) | Patchouli, Vanilla, Bergamot | Floral & Spicy | Made with Clean & Vegan Essentials Oils | Cruelty Free Fragrance Perfume",1729413742968869814,"$68,157.18",Eleplus 3 Pieces Lightly Lined Wireless Bras for Women Comfy Plunge T Shirt Bra Pack Style Womenswear for Everyday & Bridal Events #SummerVibes,1731831726131155211,"$62,959.88",PrettyGarden Women's Oversized Cardigan Sweater Fall Long Lantern Sleeve Knit Open Front Lightweight Sweater Knitwear Tops,1731208195967717743,"$55,715.48",tarte summer skin essentials - CC color-correcting tinted serum + creaseless setting powder,1732422500087993276,"$54,671.68",OEAK Womens Jelly Bras Wireless Comfortable Soft Push Up Bralettes Seamless Tshirts Bras Deep V Everyday Bras,1729714461980332262,"$51,540.70"
kindafitky,Halara One Shoulder Long Sleeve Thumb Hole Curved Hem High Low Quick Dry Yoga Sports Top-Built-in Bra,1731918375289458980,"$94,220.19","2026 Dumpling Squishy Advent Calendar - Indoor Recreation Stress Relief Toy, 24 Surprise Kawaii Mini Food Squishy Figures, Cute Christmas Countdown Holiday Gift",1732609143065383676,"$48,688.45",Halara UltraSculpt™ V-Shaped High Waisted Contrast Lace Yoga Flare Leggings with Pockets,1732311109215294302,"$25,061.12",【Creator’s Pick】Halara UltraSculpt High Waisted Tummy Control Pocket Shaping Training Leggings #BackToSchool,1729406821413261604,"$19,120.53",Halara Flex DayStretch High Waisted Pocket Straight Leg Work Pants #BackToSchool,1729535261465612580,"$17,974.77"
kristinadunnn,Halara One Shoulder Long Sleeve Thumb Hole Curved Hem High Low Quick Dry Yoga Sports Top-Built-in Bra,1731918375289458980,"$94,220.19",Eleplus 3 Pieces Lightly Lined Wireless Bras for Women Comfy Plunge T Shirt Bra Pack Style Womenswear for Everyday & Bridal Events #SummerVibes,1731831726131155211,"$62,959.88",PrettyGarden Women's Oversized Cardigan Sweater Fall Long Lantern Sleeve Knit Open Front Lightweight Sweater Knitwear Tops,1731208195967717743,"$55,715.48",OEAK Womens Jelly Bras Wireless Comfortable Soft Push Up Bralettes Seamless Tshirts Bras Deep V Everyday Bras,1729714461980332262,"$51,540.70","2026 Dumpling Squishy Advent Calendar - Indoor Recreation Stress Relief Toy, 24 Surprise Kawaii Mini Food Squishy Figures, Cute Christmas Countdown Holiday Gift",1732609143065383676,"$48,688.45"
kristinanicoletall,Halara One Shoulder Long Sleeve Thumb Hole Curved Hem High Low Quick Dry Yoga Sports Top-Built-in Bra,1731918375289458980,"$94,220.19",Eleplus 3 Pieces Lightly Lined Wireless Bras for Women Comfy Plunge T Shirt Bra Pack Style Womenswear for Everyday & Bridal Events #SummerVibes,1731831726131155211,"$62,959.88",PrettyGarden Women's Oversized Cardigan Sweater Fall Long Lantern Sleeve Knit Open Front Lightweight Sweater Knitwear Tops,1731208195967717743,"$55,715.48",OEAK Womens Jelly Bras Wireless Comfortable Soft Push Up Bralettes Seamless Tshirts Bras Deep V Everyday Bras,1729714461980332262,"$51,540.70","2026 Dumpling Squishy Advent Calendar - Indoor Recreation Stress Relief Toy, 24 Surprise Kawaii Mini Food Squishy Figures, Cute Christmas Countdown Holiday Gift",1732609143065383676,"$48,688.45"
kristiscustomcreations,Halara One Shoulder Long Sleeve Thumb Hole Curved Hem High Low Quick Dry Yoga Sports Top-Built-in Bra,1731918375289458980,"$94,220.19","2026 Dumpling Squishy Advent Calendar - Indoor Recreation Stress Relief Toy, 24 Surprise Kawaii Mini Food Squishy Figures, Cute Christmas Countdown Holiday Gift",1732609143065383676,"$48,688.45",Halara UltraSculpt™ V-Shaped High Waisted Contrast Lace Yoga Flare Leggings with Pockets,1732311109215294302,"$25,061.12",【Creator’s Pick】Halara UltraSculpt High Waisted Tummy Control Pocket Shaping Training Leggings #BackToSchool,1729406821413261604,"$19,120.53",Halara Flex DayStretch High Waisted Pocket Straight Leg Work Pants #BackToSchool,1729535261465612580,"$17,974.77"
kseniasenn,"Bella Vita Luxury's Honey Oud | Eau de Parfum 100ml (3.4 fl oz) | Patchouli, Vanilla, Bergamot | Floral & Spicy | Made with Clean & Vegan Essentials Oils | Cruelty Free Fragrance Perfume",1729413742968869814,"$68,157.18",tarte summer skin essentials - CC color-correcting tinted serum + creaseless setting powder,1732422500087993276,"$54,671.68","INIA CURVIFY EMS Booty Lift Shorts - Multi-Mode EMS Microcurrent, Glutes Sculpting, Pelvic Floor Support, Visible Results in 2-4 Wks, Ems Microcurr.,back to school,back to school haul,sohochic",1729479457563251986,"$27,147.61",tarte colored clay CC undereye corrector,1729734769623929788,"$18,888.18",[Clinique] Black Honey Hi Gel Tech + High-Fi Mascara Duo | Makeup Set | Volumizing Mascara | Black Honey,1732438508669079905,"$16,426.67"
kylikamiller44,Halara One Shoulder Long Sleeve Thumb Hole Curved Hem High Low Quick Dry Yoga Sports Top-Built-in Bra,1731918375289458980,"$94,220.19",Eleplus 3 Pieces Lightly Lined Wireless Bras for Women Comfy Plunge T Shirt Bra Pack Style Womenswear for Everyday & Bridal Events #SummerVibes,1731831726131155211,"$62,959.88",PrettyGarden Women's Oversized Cardigan Sweater Fall Long Lantern Sleeve Knit Open Front Lightweight Sweater Knitwear Tops,1731208195967717743,"$55,715.48",OEAK Womens Jelly Bras Wireless Comfortable Soft Push Up Bralettes Seamless Tshirts Bras Deep V Everyday Bras,1729714461980332262,"$51,540.70","2026 Dumpling Squishy Advent Calendar - Indoor Recreation Stress Relief Toy, 24 Surprise Kawaii Mini Food Squishy Figures, Cute Christmas Countdown Holiday Gift",1732609143065383676,"$48,688.45"
kynleebeau,"Bella Vita Luxury's Honey Oud | Eau de Parfum 100ml (3.4 fl oz) | Patchouli, Vanilla, Bergamot | Floral & Spicy | Made with Clean & Vegan Essentials Oils | Cruelty Free Fragrance Perfume",1729413742968869814,"$68,157.18",tarte summer skin essentials - CC color-correcting tinted serum + creaseless setting powder,1732422500087993276,"$54,671.68","INIA CURVIFY EMS Booty Lift Shorts - Multi-Mode EMS Microcurrent, Glutes Sculpting, Pelvic Floor Support, Visible Results in 2-4 Wks, Ems Microcurr.,back to school,back to school haul,sohochic",1729479457563251986,"$27,147.61","2-Color、3-Color Smooth Eyeshadow Stick Set, Long-Lasting Waterproof Makeup Products, Matte Highlighter & Glossy Eye Pencil, Easy Colored Eyeshadow for Beginners",1732305739916809186,"$20,083.85",tarte colored clay CC undereye corrector,1729734769623929788,"$18,888.18"
laurenluto,Eleplus 3 Pieces Lightly Lined Wireless Bras for Women Comfy Plunge T Shirt Bra Pack Style Womenswear for Everyday & Bridal Events #SummerVibes,1731831726131155211,"$62,959.88",PrettyGarden Women's Oversized Cardigan Sweater Fall Long Lantern Sleeve Knit Open Front Lightweight Sweater Knitwear Tops,1731208195967717743,"$55,715.48",OEAK Womens Jelly Bras Wireless Comfortable Soft Push Up Bralettes Seamless Tshirts Bras Deep V Everyday Bras,1729714461980332262,"$51,540.70",DOBREVA Women's Unlined Balconette Bra No Padded Underwire Supportive Plus Size Smooth Scoop Neck,1731395246467027235,"$43,979.26",LUCKMEEY Women High Waisted Seamless Shapewear Shorts Tummy Control Butt Lift Faja Body Shaper Breathable Slimming High Waist Shaping Shorts with Built-in Crotch Invisible Fit for Everyday Wear#tiktokshopbacktoschool#sohochic,1730652584168165420,"$42,687.43"
laurenmichellebell,Eleplus 3 Pieces Lightly Lined Wireless Bras for Women Comfy Plunge T Shirt Bra Pack Style Womenswear for Everyday & Bridal Events #SummerVibes,1731831726131155211,"$62,959.88",PrettyGarden Women's Oversized Cardigan Sweater Fall Long Lantern Sleeve Knit Open Front Lightweight Sweater Knitwear Tops,1731208195967717743,"$55,715.48",OEAK Womens Jelly Bras Wireless Comfortable Soft Push Up Bralettes Seamless Tshirts Bras Deep V Everyday Bras,1729714461980332262,"$51,540.70",DOBREVA Women's Unlined Balconette Bra No Padded Underwire Supportive Plus Size Smooth Scoop Neck,1731395246467027235,"$43,979.26",LUCKMEEY Women High Waisted Seamless Shapewear Shorts Tummy Control Butt Lift Faja Body Shaper Breathable Slimming High Waist Shaping Shorts with Built-in Crotch Invisible Fit for Everyday Wear#tiktokshopbacktoschool#sohochic,1730652584168165420,"$42,687.43"
leahmstapleton,"Bella Vita Luxury's Honey Oud | Eau de Parfum 100ml (3.4 fl oz) | Patchouli, Vanilla, Bergamot | Floral & Spicy | Made with Clean & Vegan Essentials Oils | Cruelty Free Fragrance Perfume",1729413742968869814,"$68,157.18",tarte summer skin essentials - CC color-correcting tinted serum + creaseless setting powder,1732422500087993276,"$54,671.68","INIA CURVIFY EMS Booty Lift Shorts - Multi-Mode EMS Microcurrent, Glutes Sculpting, Pelvic Floor Support, Visible Results in 2-4 Wks, Ems Microcurr.,back to school,back to school haul,sohochic",1729479457563251986,"$27,147.61","2-Color、3-Color Smooth Eyeshadow Stick Set, Long-Lasting Waterproof Makeup Products, Matte Highlighter & Glossy Eye Pencil, Easy Colored Eyeshadow for Beginners",1732305739916809186,"$20,083.85",tarte colored clay CC undereye corrector,1729734769623929788,"$18,888.18"
lesettey,"Bella Vita Luxury's Honey Oud | Eau de Parfum 100ml (3.4 fl oz) | Patchouli, Vanilla, Bergamot | Floral & Spicy | Made with Clean & Vegan Essentials Oils | Cruelty Free Fragrance Perfume",1729413742968869814,"$68,157.18",tarte summer skin essentials - CC color-correcting tinted serum + creaseless setting powder,1732422500087993276,"$54,671.68","EVELLYHOOTD Women's Sohochic Leopard Print Genuine Suede Leather Loafers - Mules Clogs, Slip-On Casual Shoes with Arch Support, Comfortable Animal Print Footwear for Everyday Wear, Women's Gifts",1732171696888648231,"$28,977.79","INIA CURVIFY EMS Booty Lift Shorts - Multi-Mode EMS Microcurrent, Glutes Sculpting, Pelvic Floor Support, Visible Results in 2-4 Wks, Ems Microcurr.,back to school,back to school haul,sohochic",1729479457563251986,"$27,147.61",Vince Camuto Adjustable Slingback Pumps - Thanya,1732491617205392327,"$21,524.09"
lifewithangiemae,"Bella Vita Luxury's Honey Oud | Eau de Parfum 100ml (3.4 fl oz) | Patchouli, Vanilla, Bergamot | Floral & Spicy | Made with Clean & Vegan Essentials Oils | Cruelty Free Fragrance Perfume",1729413742968869814,"$68,157.18",Eleplus 3 Pieces Lightly Lined Wireless Bras for Women Comfy Plunge T Shirt Bra Pack Style Womenswear for Everyday & Bridal Events #SummerVibes,1731831726131155211,"$62,959.88",PrettyGarden Women's Oversized Cardigan Sweater Fall Long Lantern Sleeve Knit Open Front Lightweight Sweater Knitwear Tops,1731208195967717743,"$55,715.48",tarte summer skin essentials - CC color-correcting tinted serum + creaseless setting powder,1732422500087993276,"$54,671.68",OEAK Womens Jelly Bras Wireless Comfortable Soft Push Up Bralettes Seamless Tshirts Bras Deep V Everyday Bras,1729714461980332262,"$51,540.70"
lil.bbykay,"Bella Vita Luxury's Honey Oud | Eau de Parfum 100ml (3.4 fl oz) | Patchouli, Vanilla, Bergamot | Floral & Spicy | Made with Clean & Vegan Essentials Oils | Cruelty Free Fragrance Perfume",1729413742968869814,"$68,157.18",Eleplus 3 Pieces Lightly Lined Wireless Bras for Women Comfy Plunge T Shirt Bra Pack Style Womenswear for Everyday & Bridal Events #SummerVibes,1731831726131155211,"$62,959.88",PrettyGarden Women's Oversized Cardigan Sweater Fall Long Lantern Sleeve Knit Open Front Lightweight Sweater Knitwear Tops,1731208195967717743,"$55,715.48",tarte summer skin essentials - CC color-correcting tinted serum + creaseless setting powder,1732422500087993276,"$54,671.68",OEAK Womens Jelly Bras Wireless Comfortable Soft Push Up Bralettes Seamless Tshirts Bras Deep V Everyday Bras,1729714461980332262,"$51,540.70"
lil.mishr00m,Eleplus 3 Pieces Lightly Lined Wireless Bras for Women Comfy Plunge T Shirt Bra Pack Style Womenswear for Everyday & Bridal Events #SummerVibes,1731831726131155211,"$62,959.88",PrettyGarden Women's Oversized Cardigan Sweater Fall Long Lantern Sleeve Knit Open Front Lightweight Sweater Knitwear Tops,1731208195967717743,"$55,715.48",OEAK Womens Jelly Bras Wireless Comfortable Soft Push Up Bralettes Seamless Tshirts Bras Deep V Everyday Bras,1729714461980332262,"$51,540.70",DOBREVA Women's Unlined Balconette Bra No Padded Underwire Supportive Plus Size Smooth Scoop Neck,1731395246467027235,"$43,979.26",LUCKMEEY Women High Waisted Seamless Shapewear Shorts Tummy Control Butt Lift Faja Body Shaper Breathable Slimming High Waist Shaping Shorts with Built-in Crotch Invisible Fit for Everyday Wear#tiktokshopbacktoschool#sohochic,1730652584168165420,"$42,687.43"
lillian_harriss,"Bella Vita Luxury's Honey Oud | Eau de Parfum 100ml (3.4 fl oz) | Patchouli, Vanilla, Bergamot | Floral & Spicy | Made with Clean & Vegan Essentials Oils | Cruelty Free Fragrance Perfume",1729413742968869814,"$68,157.18",Eleplus 3 Pieces Lightly Lined Wireless Bras for Women Comfy Plunge T Shirt Bra Pack Style Womenswear for Everyday & Bridal Events #SummerVibes,1731831726131155211,"$62,959.88",PrettyGarden Women's Oversized Cardigan Sweater Fall Long Lantern Sleeve Knit Open Front Lightweight Sweater Knitwear Tops,1731208195967717743,"$55,715.48",tarte summer skin essentials - CC color-correcting tinted serum + creaseless setting powder,1732422500087993276,"$54,671.68",OEAK Womens Jelly Bras Wireless Comfortable Soft Push Up Bralettes Seamless Tshirts Bras Deep V Everyday Bras,1729714461980332262,"$51,540.70"
linzbuzzard,"Medium Firm Hybrid Memory Foam Mattress - 8/10/12/14 in Twin, Full, Queen, King Sizes, Lumbar Support, Ergonomic Design, for Home Rooms, Hotels, Boxed Furniture Gift, Memory Foam Mattresses, Queen Size Mattress,dorm essentials,home decor,sohochic",1730092261582738160,"$36,989.43","【Back to school】Dowinx Big and Tall Office Chair with Pocket Spring Cushion,High Back Computer Gaming Chairs with Linkage Armrests,Executive Desk Chairs with Footrest,PU Leather",1732199719185846685,"$15,323.56",PASCAL Timeless Classic Diamond Watch for Women & Men 31mm & 36mm with White Lab-Grown Diamonds Swiss Ronda 763 Quartz Movement Stainless Steel Bracelet Everyday Luxury Gift,1732063642461639260,"$6,995.57",JASGOOD Women Wide Chunky Belt for Dresses Fashion Thick Suede Belt with Gold Buckle,1732071333641097693,"$6,951.21","SHA CERLIN Storage Bed Frame Modern Linen Upholstered Headboard Lift Up Storage Platform Bed Frame, Two Style Headboard, Heavy Duty Gas Lift Support, No Box Spring Needed,Wood Slats Support, Full Queen King Size, sohochic",1729537141726810464,"$5,621.57"
little__j,"Bella Vita Luxury's Honey Oud | Eau de Parfum 100ml (3.4 fl oz) | Patchouli, Vanilla, Bergamot | Floral & Spicy | Made with Clean & Vegan Essentials Oils | Cruelty Free Fragrance Perfume",1729413742968869814,"$68,157.18",Eleplus 3 Pieces Lightly Lined Wireless Bras for Women Comfy Plunge T Shirt Bra Pack Style Womenswear for Everyday & Bridal Events #SummerVibes,1731831726131155211,"$62,959.88",PrettyGarden Women's Oversized Cardigan Sweater Fall Long Lantern Sleeve Knit Open Front Lightweight Sweater Knitwear Tops,1731208195967717743,"$55,715.48",tarte summer skin essentials - CC color-correcting tinted serum + creaseless setting powder,1732422500087993276,"$54,671.68",OEAK Womens Jelly Bras Wireless Comfortable Soft Push Up Bralettes Seamless Tshirts Bras Deep V Everyday Bras,1729714461980332262,"$51,540.70"
livingwith.lindsay,Eleplus 3 Pieces Lightly Lined Wireless Bras for Women Comfy Plunge T Shirt Bra Pack Style Womenswear for Everyday & Bridal Events #SummerVibes,1731831726131155211,"$62,959.88",OEAK Womens Jelly Bras Wireless Comfortable Soft Push Up Bralettes Seamless Tshirts Bras Deep V Everyday Bras,1729714461980332262,"$51,540.70",DOBREVA Women's Unlined Balconette Bra No Padded Underwire Supportive Plus Size Smooth Scoop Neck,1731395246467027235,"$43,979.26",LUCKMEEY Women High Waisted Seamless Shapewear Shorts Tummy Control Butt Lift Faja Body Shaper Breathable Slimming High Waist Shaping Shorts with Built-in Crotch Invisible Fit for Everyday Wear#tiktokshopbacktoschool#sohochic,1730652584168165420,"$42,687.43",Freya ONESO Women Mid Rise High Stretchy BBL Jeans Butt Lifting Wide Leg Raw Hem Denim Pants Tummy Control Spring Basic Minimalist Woman Denim Bottom Comfortable Denim Jeans OSW8019 Plus Size Regular Size Fashion Daily Outfits DIY Inseams #SummerVibes,1731273402271240469,"$33,189.93"
lizshops,Halara One Shoulder Long Sleeve Thumb Hole Curved Hem High Low Quick Dry Yoga Sports Top-Built-in Bra,1731918375289458980,"$94,220.19",Eleplus 3 Pieces Lightly Lined Wireless Bras for Women Comfy Plunge T Shirt Bra Pack Style Womenswear for Everyday & Bridal Events #SummerVibes,1731831726131155211,"$62,959.88",PrettyGarden Women's Oversized Cardigan Sweater Fall Long Lantern Sleeve Knit Open Front Lightweight Sweater Knitwear Tops,1731208195967717743,"$55,715.48",OEAK Womens Jelly Bras Wireless Comfortable Soft Push Up Bralettes Seamless Tshirts Bras Deep V Everyday Bras,1729714461980332262,"$51,540.70","2026 Dumpling Squishy Advent Calendar - Indoor Recreation Stress Relief Toy, 24 Surprise Kawaii Mini Food Squishy Figures, Cute Christmas Countdown Holiday Gift",1732609143065383676,"$48,688.45"
lizzmi45,Halara One Shoulder Long Sleeve Thumb Hole Curved Hem High Low Quick Dry Yoga Sports Top-Built-in Bra,1731918375289458980,"$94,220.19",Eleplus 3 Pieces Lightly Lined Wireless Bras for Women Comfy Plunge T Shirt Bra Pack Style Womenswear for Everyday & Bridal Events #SummerVibes,1731831726131155211,"$62,959.88",OEAK Womens Jelly Bras Wireless Comfortable Soft Push Up Bralettes Seamless Tshirts Bras Deep V Everyday Bras,1729714461980332262,"$51,540.70","2026 Dumpling Squishy Advent Calendar - Indoor Recreation Stress Relief Toy, 24 Surprise Kawaii Mini Food Squishy Figures, Cute Christmas Countdown Holiday Gift",1732609143065383676,"$48,688.45",DOBREVA Women's Unlined Balconette Bra No Padded Underwire Supportive Plus Size Smooth Scoop Neck,1731395246467027235,"$43,979.26"
lizzv23,Halara One Shoulder Long Sleeve Thumb Hole Curved Hem High Low Quick Dry Yoga Sports Top-Built-in Bra,1731918375289458980,"$94,220.19",Eleplus 3 Pieces Lightly Lined Wireless Bras for Women Comfy Plunge T Shirt Bra Pack Style Womenswear for Everyday & Bridal Events #SummerVibes,1731831726131155211,"$62,959.88",PrettyGarden Women's Oversized Cardigan Sweater Fall Long Lantern Sleeve Knit Open Front Lightweight Sweater Knitwear Tops,1731208195967717743,"$55,715.48",OEAK Womens Jelly Bras Wireless Comfortable Soft Push Up Bralettes Seamless Tshirts Bras Deep V Everyday Bras,1729714461980332262,"$51,540.70","2026 Dumpling Squishy Advent Calendar - Indoor Recreation Stress Relief Toy, 24 Surprise Kawaii Mini Food Squishy Figures, Cute Christmas Countdown Holiday Gift",1732609143065383676,"$48,688.45"
london_bridges_the_gap,Eleplus 3 Pieces Lightly Lined Wireless Bras for Women Comfy Plunge T Shirt Bra Pack Style Womenswear for Everyday & Bridal Events #SummerVibes,1731831726131155211,"$62,959.88",PrettyGarden Women's Oversized Cardigan Sweater Fall Long Lantern Sleeve Knit Open Front Lightweight Sweater Knitwear Tops,1731208195967717743,"$55,715.48",OEAK Womens Jelly Bras Wireless Comfortable Soft Push Up Bralettes Seamless Tshirts Bras Deep V Everyday Bras,1729714461980332262,"$51,540.70",DOBREVA Women's Unlined Balconette Bra No Padded Underwire Supportive Plus Size Smooth Scoop Neck,1731395246467027235,"$43,979.26",LUCKMEEY Women High Waisted Seamless Shapewear Shorts Tummy Control Butt Lift Faja Body Shaper Breathable Slimming High Waist Shaping Shorts with Built-in Crotch Invisible Fit for Everyday Wear#tiktokshopbacktoschool#sohochic,1730652584168165420,"$42,687.43"
lydiaaulozzi_,"Bella Vita Luxury's Honey Oud | Eau de Parfum 100ml (3.4 fl oz) | Patchouli, Vanilla, Bergamot | Floral & Spicy | Made with Clean & Vegan Essentials Oils | Cruelty Free Fragrance Perfume",1729413742968869814,"$68,157.18",tarte summer skin essentials - CC color-correcting tinted serum + creaseless setting powder,1732422500087993276,"$54,671.68","INIA CURVIFY EMS Booty Lift Shorts - Multi-Mode EMS Microcurrent, Glutes Sculpting, Pelvic Floor Support, Visible Results in 2-4 Wks, Ems Microcurr.,back to school,back to school haul,sohochic",1729479457563251986,"$27,147.61","2-Color、3-Color Smooth Eyeshadow Stick Set, Long-Lasting Waterproof Makeup Products, Matte Highlighter & Glossy Eye Pencil, Easy Colored Eyeshadow for Beginners",1732305739916809186,"$20,083.85",tarte colored clay CC undereye corrector,1729734769623929788,"$18,888.18"
lyndatrann,"Bella Vita Luxury's Honey Oud | Eau de Parfum 100ml (3.4 fl oz) | Patchouli, Vanilla, Bergamot | Floral & Spicy | Made with Clean & Vegan Essentials Oils | Cruelty Free Fragrance Perfume",1729413742968869814,"$68,157.18",tarte summer skin essentials - CC color-correcting tinted serum + creaseless setting powder,1732422500087993276,"$54,671.68","INIA CURVIFY EMS Booty Lift Shorts - Multi-Mode EMS Microcurrent, Glutes Sculpting, Pelvic Floor Support, Visible Results in 2-4 Wks, Ems Microcurr.,back to school,back to school haul,sohochic",1729479457563251986,"$27,147.61","2-Color、3-Color Smooth Eyeshadow Stick Set, Long-Lasting Waterproof Makeup Products, Matte Highlighter & Glossy Eye Pencil, Easy Colored Eyeshadow for Beginners",1732305739916809186,"$20,083.85",[Clinique] Black Honey Hi Gel Tech + High-Fi Mascara Duo | Makeup Set | Volumizing Mascara | Black Honey,1732438508669079905,"$16,426.67"
mahoganylox,"Bella Vita Luxury's Honey Oud | Eau de Parfum 100ml (3.4 fl oz) | Patchouli, Vanilla, Bergamot | Floral & Spicy | Made with Clean & Vegan Essentials Oils | Cruelty Free Fragrance Perfume",1729413742968869814,"$68,157.18",tarte summer skin essentials - CC color-correcting tinted serum + creaseless setting powder,1732422500087993276,"$54,671.68","Women's Striped/rhombus/leaf/dot Cloud Handbag, Clip Closure Crossbody Bag, Lightweight Foldable for Daily Use, Gifts for Friends and Valentine's Day",1732227985172828427,"$27,973.16","INIA CURVIFY EMS Booty Lift Shorts - Multi-Mode EMS Microcurrent, Glutes Sculpting, Pelvic Floor Support, Visible Results in 2-4 Wks, Ems Microcurr.,back to school,back to school haul,sohochic",1729479457563251986,"$27,147.61","2-Color、3-Color Smooth Eyeshadow Stick Set, Long-Lasting Waterproof Makeup Products, Matte Highlighter & Glossy Eye Pencil, Easy Colored Eyeshadow for Beginners",1732305739916809186,"$20,083.85"
mama.of.boys7,Halara One Shoulder Long Sleeve Thumb Hole Curved Hem High Low Quick Dry Yoga Sports Top-Built-in Bra,1731918375289458980,"$94,220.19","2026 Dumpling Squishy Advent Calendar - Indoor Recreation Stress Relief Toy, 24 Surprise Kawaii Mini Food Squishy Figures, Cute Christmas Countdown Holiday Gift",1732609143065383676,"$48,688.45",Halara UltraSculpt™ V-Shaped High Waisted Contrast Lace Yoga Flare Leggings with Pockets,1732311109215294302,"$25,061.12",【Creator’s Pick】Halara UltraSculpt High Waisted Tummy Control Pocket Shaping Training Leggings #BackToSchool,1729406821413261604,"$19,120.53",Halara Flex DayStretch High Waisted Pocket Straight Leg Work Pants #BackToSchool,1729535261465612580,"$17,974.77"
mariebriii,"Bella Vita Luxury's Honey Oud | Eau de Parfum 100ml (3.4 fl oz) | Patchouli, Vanilla, Bergamot | Floral & Spicy | Made with Clean & Vegan Essentials Oils | Cruelty Free Fragrance Perfume",1729413742968869814,"$68,157.18",tarte summer skin essentials - CC color-correcting tinted serum + creaseless setting powder,1732422500087993276,"$54,671.68","INIA CURVIFY EMS Booty Lift Shorts - Multi-Mode EMS Microcurrent, Glutes Sculpting, Pelvic Floor Support, Visible Results in 2-4 Wks, Ems Microcurr.,back to school,back to school haul,sohochic",1729479457563251986,"$27,147.61","2-Color、3-Color Smooth Eyeshadow Stick Set, Long-Lasting Waterproof Makeup Products, Matte Highlighter & Glossy Eye Pencil, Easy Colored Eyeshadow for Beginners",1732305739916809186,"$20,083.85",tarte colored clay CC undereye corrector,1729734769623929788,"$18,888.18"
mariefloree,"Bella Vita Luxury's Honey Oud | Eau de Parfum 100ml (3.4 fl oz) | Patchouli, Vanilla, Bergamot | Floral & Spicy | Made with Clean & Vegan Essentials Oils | Cruelty Free Fragrance Perfume",1729413742968869814,"$68,157.18",tarte summer skin essentials - CC color-correcting tinted serum + creaseless setting powder,1732422500087993276,"$54,671.68","Medium Firm Hybrid Memory Foam Mattress - 8/10/12/14 in Twin, Full, Queen, King Sizes, Lumbar Support, Ergonomic Design, for Home Rooms, Hotels, Boxed Furniture Gift, Memory Foam Mattresses, Queen Size Mattress,dorm essentials,home decor,sohochic",1730092261582738160,"$36,989.43","INIA CURVIFY EMS Booty Lift Shorts - Multi-Mode EMS Microcurrent, Glutes Sculpting, Pelvic Floor Support, Visible Results in 2-4 Wks, Ems Microcurr.,back to school,back to school haul,sohochic",1729479457563251986,"$27,147.61","2-Color、3-Color Smooth Eyeshadow Stick Set, Long-Lasting Waterproof Makeup Products, Matte Highlighter & Glossy Eye Pencil, Easy Colored Eyeshadow for Beginners",1732305739916809186,"$20,083.85"
meganlouise2319,Hanes Ecosmart Boys' Tank 5-pack Underwear Multi Pack Comfortable Fit Soft Stretch Fabric Breathable Brlta5,1731045157806380004,"$4,382.16","4-in-1 Kawaii Theme Dinosaur & Astronaut Mini Multicolor Pens, 20/30/50Pcs Bulk Office Stationery, Back to School Haul Supplies for Kids Ages 8+, Mini Gifts for Birthdays/Party Favors",1731220844494426246,"$3,512.83",Comfrt Kids | Camo Sweatpants | Soft Kids Camo Jogger Sweatpants,1730874087014830979,"$2,098.85","Hadley Designs My First Busy Book For Toddlers 3-5 - Preschool Montessori Activity Book, Homeschool Quiet Book Ages 5-7",1731812523317564380,"$1,228.93","Nicpro Iridescent Metallic Paint Artist Set, 8.45oz/250ml Bulk Pack, Color-Shifting Non-Toxic Optical Pigment Arts and Crafts Supplies with Paint Knife, Color Wheel for Canvas, Fabric",1729543101527069005,"$1,222.98"
michaelascott20,"Bella Vita Luxury's Honey Oud | Eau de Parfum 100ml (3.4 fl oz) | Patchouli, Vanilla, Bergamot | Floral & Spicy | Made with Clean & Vegan Essentials Oils | Cruelty Free Fragrance Perfume",1729413742968869814,"$68,157.18",Eleplus 3 Pieces Lightly Lined Wireless Bras for Women Comfy Plunge T Shirt Bra Pack Style Womenswear for Everyday & Bridal Events #SummerVibes,1731831726131155211,"$62,959.88",PrettyGarden Women's Oversized Cardigan Sweater Fall Long Lantern Sleeve Knit Open Front Lightweight Sweater Knitwear Tops,1731208195967717743,"$55,715.48",tarte summer skin essentials - CC color-correcting tinted serum + creaseless setting powder,1732422500087993276,"$54,671.68",OEAK Womens Jelly Bras Wireless Comfortable Soft Push Up Bralettes Seamless Tshirts Bras Deep V Everyday Bras,1729714461980332262,"$51,540.70"
michaelashops,"Bella Vita Luxury's Honey Oud | Eau de Parfum 100ml (3.4 fl oz) | Patchouli, Vanilla, Bergamot | Floral & Spicy | Made with Clean & Vegan Essentials Oils | Cruelty Free Fragrance Perfume",1729413742968869814,"$68,157.18",Eleplus 3 Pieces Lightly Lined Wireless Bras for Women Comfy Plunge T Shirt Bra Pack Style Womenswear for Everyday & Bridal Events #SummerVibes,1731831726131155211,"$62,959.88",PrettyGarden Women's Oversized Cardigan Sweater Fall Long Lantern Sleeve Knit Open Front Lightweight Sweater Knitwear Tops,1731208195967717743,"$55,715.48",tarte summer skin essentials - CC color-correcting tinted serum + creaseless setting powder,1732422500087993276,"$54,671.68",OEAK Womens Jelly Bras Wireless Comfortable Soft Push Up Bralettes Seamless Tshirts Bras Deep V Everyday Bras,1729714461980332262,"$51,540.70"
michelledemoda,"Bella Vita Luxury's Honey Oud | Eau de Parfum 100ml (3.4 fl oz) | Patchouli, Vanilla, Bergamot | Floral & Spicy | Made with Clean & Vegan Essentials Oils | Cruelty Free Fragrance Perfume",1729413742968869814,"$68,157.18",Eleplus 3 Pieces Lightly Lined Wireless Bras for Women Comfy Plunge T Shirt Bra Pack Style Womenswear for Everyday & Bridal Events #SummerVibes,1731831726131155211,"$62,959.88",PrettyGarden Women's Oversized Cardigan Sweater Fall Long Lantern Sleeve Knit Open Front Lightweight Sweater Knitwear Tops,1731208195967717743,"$55,715.48",OEAK Womens Jelly Bras Wireless Comfortable Soft Push Up Bralettes Seamless Tshirts Bras Deep V Everyday Bras,1729714461980332262,"$51,540.70",DOBREVA Women's Unlined Balconette Bra No Padded Underwire Supportive Plus Size Smooth Scoop Neck,1731395246467027235,"$43,979.26"
mish1977,"Bella Vita Luxury's Honey Oud | Eau de Parfum 100ml (3.4 fl oz) | Patchouli, Vanilla, Bergamot | Floral & Spicy | Made with Clean & Vegan Essentials Oils | Cruelty Free Fragrance Perfume",1729413742968869814,"$68,157.18",tarte summer skin essentials - CC color-correcting tinted serum + creaseless setting powder,1732422500087993276,"$54,671.68","INIA CURVIFY EMS Booty Lift Shorts - Multi-Mode EMS Microcurrent, Glutes Sculpting, Pelvic Floor Support, Visible Results in 2-4 Wks, Ems Microcurr.,back to school,back to school haul,sohochic",1729479457563251986,"$27,147.61","2-Color、3-Color Smooth Eyeshadow Stick Set, Long-Lasting Waterproof Makeup Products, Matte Highlighter & Glossy Eye Pencil, Easy Colored Eyeshadow for Beginners",1732305739916809186,"$20,083.85",tarte colored clay CC undereye corrector,1729734769623929788,"$18,888.18"
mobilemerchant,"Bella Vita Luxury's Honey Oud | Eau de Parfum 100ml (3.4 fl oz) | Patchouli, Vanilla, Bergamot | Floral & Spicy | Made with Clean & Vegan Essentials Oils | Cruelty Free Fragrance Perfume",1729413742968869814,"$68,157.18",tarte summer skin essentials - CC color-correcting tinted serum + creaseless setting powder,1732422500087993276,"$54,671.68","INIA CURVIFY EMS Booty Lift Shorts - Multi-Mode EMS Microcurrent, Glutes Sculpting, Pelvic Floor Support, Visible Results in 2-4 Wks, Ems Microcurr.,back to school,back to school haul,sohochic",1729479457563251986,"$27,147.61","2-Color、3-Color Smooth Eyeshadow Stick Set, Long-Lasting Waterproof Makeup Products, Matte Highlighter & Glossy Eye Pencil, Easy Colored Eyeshadow for Beginners",1732305739916809186,"$20,083.85",tarte colored clay CC undereye corrector,1729734769623929788,"$18,888.18"
mommarynn,"Bella Vita Luxury's Honey Oud | Eau de Parfum 100ml (3.4 fl oz) | Patchouli, Vanilla, Bergamot | Floral & Spicy | Made with Clean & Vegan Essentials Oils | Cruelty Free Fragrance Perfume",1729413742968869814,"$68,157.18",tarte summer skin essentials - CC color-correcting tinted serum + creaseless setting powder,1732422500087993276,"$54,671.68","INIA CURVIFY EMS Booty Lift Shorts - Multi-Mode EMS Microcurrent, Glutes Sculpting, Pelvic Floor Support, Visible Results in 2-4 Wks, Ems Microcurr.,back to school,back to school haul,sohochic",1729479457563251986,"$27,147.61","2-Color、3-Color Smooth Eyeshadow Stick Set, Long-Lasting Waterproof Makeup Products, Matte Highlighter & Glossy Eye Pencil, Easy Colored Eyeshadow for Beginners",1732305739916809186,"$20,083.85",tarte colored clay CC undereye corrector,1729734769623929788,"$18,888.18"
momsapprovedfinds,Eleplus 3 Pieces Lightly Lined Wireless Bras for Women Comfy Plunge T Shirt Bra Pack Style Womenswear for Everyday & Bridal Events #SummerVibes,1731831726131155211,"$62,959.88",PrettyGarden Women's Oversized Cardigan Sweater Fall Long Lantern Sleeve Knit Open Front Lightweight Sweater Knitwear Tops,1731208195967717743,"$55,715.48",OEAK Womens Jelly Bras Wireless Comfortable Soft Push Up Bralettes Seamless Tshirts Bras Deep V Everyday Bras,1729714461980332262,"$51,540.70",DOBREVA Women's Unlined Balconette Bra No Padded Underwire Supportive Plus Size Smooth Scoop Neck,1731395246467027235,"$43,979.26",LUCKMEEY Women High Waisted Seamless Shapewear Shorts Tummy Control Butt Lift Faja Body Shaper Breathable Slimming High Waist Shaping Shorts with Built-in Crotch Invisible Fit for Everyday Wear#tiktokshopbacktoschool#sohochic,1730652584168165420,"$42,687.43"
natachacarlile,Halara One Shoulder Long Sleeve Thumb Hole Curved Hem High Low Quick Dry Yoga Sports Top-Built-in Bra,1731918375289458980,"$94,220.19",Eleplus 3 Pieces Lightly Lined Wireless Bras for Women Comfy Plunge T Shirt Bra Pack Style Womenswear for Everyday & Bridal Events #SummerVibes,1731831726131155211,"$62,959.88",PrettyGarden Women's Oversized Cardigan Sweater Fall Long Lantern Sleeve Knit Open Front Lightweight Sweater Knitwear Tops,1731208195967717743,"$55,715.48",OEAK Womens Jelly Bras Wireless Comfortable Soft Push Up Bralettes Seamless Tshirts Bras Deep V Everyday Bras,1729714461980332262,"$51,540.70","2026 Dumpling Squishy Advent Calendar - Indoor Recreation Stress Relief Toy, 24 Surprise Kawaii Mini Food Squishy Figures, Cute Christmas Countdown Holiday Gift",1732609143065383676,"$48,688.45"
nataleezyy,"Bella Vita Luxury's Honey Oud | Eau de Parfum 100ml (3.4 fl oz) | Patchouli, Vanilla, Bergamot | Floral & Spicy | Made with Clean & Vegan Essentials Oils | Cruelty Free Fragrance Perfume",1729413742968869814,"$68,157.18",tarte summer skin essentials - CC color-correcting tinted serum + creaseless setting powder,1732422500087993276,"$54,671.68","INIA CURVIFY EMS Booty Lift Shorts - Multi-Mode EMS Microcurrent, Glutes Sculpting, Pelvic Floor Support, Visible Results in 2-4 Wks, Ems Microcurr.,back to school,back to school haul,sohochic",1729479457563251986,"$27,147.61",tarte colored clay CC undereye corrector,1729734769623929788,"$18,888.18",[Clinique] Black Honey Hi Gel Tech + High-Fi Mascara Duo | Makeup Set | Volumizing Mascara | Black Honey,1732438508669079905,"$16,426.67"
nataleezyyirl,Eleplus 3 Pieces Lightly Lined Wireless Bras for Women Comfy Plunge T Shirt Bra Pack Style Womenswear for Everyday & Bridal Events #SummerVibes,1731831726131155211,"$62,959.88",PrettyGarden Women's Oversized Cardigan Sweater Fall Long Lantern Sleeve Knit Open Front Lightweight Sweater Knitwear Tops,1731208195967717743,"$55,715.48",OEAK Womens Jelly Bras Wireless Comfortable Soft Push Up Bralettes Seamless Tshirts Bras Deep V Everyday Bras,1729714461980332262,"$51,540.70",DOBREVA Women's Unlined Balconette Bra No Padded Underwire Supportive Plus Size Smooth Scoop Neck,1731395246467027235,"$43,979.26",LUCKMEEY Women High Waisted Seamless Shapewear Shorts Tummy Control Butt Lift Faja Body Shaper Breathable Slimming High Waist Shaping Shorts with Built-in Crotch Invisible Fit for Everyday Wear#tiktokshopbacktoschool#sohochic,1730652584168165420,"$42,687.43"
natalieporretta,"Bella Vita Luxury's Honey Oud | Eau de Parfum 100ml (3.4 fl oz) | Patchouli, Vanilla, Bergamot | Floral & Spicy | Made with Clean & Vegan Essentials Oils | Cruelty Free Fragrance Perfume",1729413742968869814,"$68,157.18",Eleplus 3 Pieces Lightly Lined Wireless Bras for Women Comfy Plunge T Shirt Bra Pack Style Womenswear for Everyday & Bridal Events #SummerVibes,1731831726131155211,"$62,959.88",PrettyGarden Women's Oversized Cardigan Sweater Fall Long Lantern Sleeve Knit Open Front Lightweight Sweater Knitwear Tops,1731208195967717743,"$55,715.48",tarte summer skin essentials - CC color-correcting tinted serum + creaseless setting powder,1732422500087993276,"$54,671.68",OEAK Womens Jelly Bras Wireless Comfortable Soft Push Up Bralettes Seamless Tshirts Bras Deep V Everyday Bras,1729714461980332262,"$51,540.70"
natalietucc,"Bella Vita Luxury's Honey Oud | Eau de Parfum 100ml (3.4 fl oz) | Patchouli, Vanilla, Bergamot | Floral & Spicy | Made with Clean & Vegan Essentials Oils | Cruelty Free Fragrance Perfume",1729413742968869814,"$68,157.18","INIA CURVIFY EMS Booty Lift Shorts - Multi-Mode EMS Microcurrent, Glutes Sculpting, Pelvic Floor Support, Visible Results in 2-4 Wks, Ems Microcurr.,back to school,back to school haul,sohochic",1729479457563251986,"$27,147.61","2-Color、3-Color Smooth Eyeshadow Stick Set, Long-Lasting Waterproof Makeup Products, Matte Highlighter & Glossy Eye Pencil, Easy Colored Eyeshadow for Beginners",1732305739916809186,"$20,083.85",tarte colored clay CC undereye corrector,1729734769623929788,"$18,888.18",[Clinique] Black Honey Hi Gel Tech + High-Fi Mascara Duo | Makeup Set | Volumizing Mascara | Black Honey,1732438508669079905,"$16,426.67"
official.ally.a.54,"Claire Monroe Kids' Systematic Theology Book - English, Ages 6-9, Full Colour, 88 Visual Concepts, NLT Bible Verses, Easy Explanations, Bible Discussion Activities, Q&A Reflection Questions for Knowing God",1732273429270925737,"$2,566.66",Michael Coloring Book,1732387379775443062,"$1,528.88",Golden Girls Forever: An Unauthorized Look Behind the Lanai by Jim Colucci [Hardback Book],1729474899284955534,$371.34,"My First Bilingual Library: A Spanish-English Vocabulary Board Book Set of Colors, Numbers, Animals, Abcs, and More -- Mike Alfaro - Board Book",1731077008066843416,$130.44,Bible Stories and Songs,1730856860651720722,$95.59
ohheyitsabbie,To-Go Buddy - Universal Cup Insulator for to-go cups - Keeps Drinks Hot Cold 12+ Hours - Vacuum Insulated Tumbler,1729430518270038922,"$27,608.29",Frostbuddy Fall Collection,1732414112211899274,"$11,247.12",Frost Buddy Halloween,1732471007461348234,"$10,486.46",Bottle Buddy - Collegiate Edition - Dual Function lid Water Bottle - Stainless Steel - Double Wall Insulated,1730941375209313162,"$6,718.91","Universal Buddy - Fits 12oz Cans, Slim Cans, 12oz Bottles, 16oz Cans | Coffee Cup - Double Wall Insulated Drinkware",1729430519776777098,"$6,057.50"
ohkrista,Dr. Scholl's Women's Joplin Fashion Boot,1731896531264573800,"$39,752.59","EVELLYHOOTD Women's Sohochic Leopard Print Genuine Suede Leather Loafers - Mules Clogs, Slip-On Casual Shoes with Arch Support, Comfortable Animal Print Footwear for Everyday Wear, Women's Gifts",1732171696888648231,"$28,977.79","Dr. Scholl's Women's Joplin Low Fashion Boot, Casual Minimalist Design, Comfortable Heels, Block Heel, Leather & Faux Leather Construction",1732469048422666600,"$22,967.11",Vince Camuto Adjustable Slingback Pumps - Thanya,1732491617205392327,"$21,524.09","Bears with Benefits Biotin Gummies for Hair Growth, Skin & Nails –  5000 mcg Biotin + Vitamins C & E + Zinc - 30 Gummies - Vegan Wild Berry Flavor - 1 Month Supply",1730755223971074070,"$13,272.63"
ohsoitsjocelyn,Halara One Shoulder Long Sleeve Thumb Hole Curved Hem High Low Quick Dry Yoga Sports Top-Built-in Bra,1731918375289458980,"$94,220.19",Eleplus 3 Pieces Lightly Lined Wireless Bras for Women Comfy Plunge T Shirt Bra Pack Style Womenswear for Everyday & Bridal Events #SummerVibes,1731831726131155211,"$62,959.88",PrettyGarden Women's Oversized Cardigan Sweater Fall Long Lantern Sleeve Knit Open Front Lightweight Sweater Knitwear Tops,1731208195967717743,"$55,715.48",OEAK Womens Jelly Bras Wireless Comfortable Soft Push Up Bralettes Seamless Tshirts Bras Deep V Everyday Bras,1729714461980332262,"$51,540.70","2026 Dumpling Squishy Advent Calendar - Indoor Recreation Stress Relief Toy, 24 Surprise Kawaii Mini Food Squishy Figures, Cute Christmas Countdown Holiday Gift",1732609143065383676,"$48,688.45"
oinetta,PASCAL Timeless Classic Diamond Watch for Women & Men 31mm & 36mm with White Lab-Grown Diamonds Swiss Ronda 763 Quartz Movement Stainless Steel Bracelet Everyday Luxury Gift,1732063642461639260,"$6,995.57",JASGOOD Women Wide Chunky Belt for Dresses Fashion Thick Suede Belt with Gold Buckle,1732071333641097693,"$6,951.21",GOO GOO Hair Extensions Seamless Clip in Human Hair Extensions Natural Straight Hair #sohochic #tiktokshopstockup,1729397696606998963,"$5,578.90","Magnetic Photo Frames 2""x2"" Clear Acrylic DIY Fridge Magnets with Adhesive Backing – Square Magnets for Crafts, Kitchen, Classroom, Party & Office Decoration Back to School College Dorm Essentials #HomeEssentials #TikTokShopBackToSchool",1732288674913947952,"$5,465.01",GOO GOO Hair Extensions Clip in Human Hair Natural Straight Remy Hair Easy To Style Soft Clip ins for Women #sohochic #tiktokshopstockup,1729388698832703923,"$5,231.76"
petitewithjessy,Eleplus 3 Pieces Lightly Lined Wireless Bras for Women Comfy Plunge T Shirt Bra Pack Style Womenswear for Everyday & Bridal Events #SummerVibes,1731831726131155211,"$62,959.88",PrettyGarden Women's Oversized Cardigan Sweater Fall Long Lantern Sleeve Knit Open Front Lightweight Sweater Knitwear Tops,1731208195967717743,"$55,715.48",OEAK Womens Jelly Bras Wireless Comfortable Soft Push Up Bralettes Seamless Tshirts Bras Deep V Everyday Bras,1729714461980332262,"$51,540.70",DOBREVA Women's Unlined Balconette Bra No Padded Underwire Supportive Plus Size Smooth Scoop Neck,1731395246467027235,"$43,979.26",LUCKMEEY Women High Waisted Seamless Shapewear Shorts Tummy Control Butt Lift Faja Body Shaper Breathable Slimming High Waist Shaping Shorts with Built-in Crotch Invisible Fit for Everyday Wear#tiktokshopbacktoschool#sohochic,1730652584168165420,"$42,687.43"
peytonxblack,"Bella Vita Luxury's Honey Oud | Eau de Parfum 100ml (3.4 fl oz) | Patchouli, Vanilla, Bergamot | Floral & Spicy | Made with Clean & Vegan Essentials Oils | Cruelty Free Fragrance Perfume",1729413742968869814,"$68,157.18",Eleplus 3 Pieces Lightly Lined Wireless Bras for Women Comfy Plunge T Shirt Bra Pack Style Womenswear for Everyday & Bridal Events #SummerVibes,1731831726131155211,"$62,959.88",PrettyGarden Women's Oversized Cardigan Sweater Fall Long Lantern Sleeve Knit Open Front Lightweight Sweater Knitwear Tops,1731208195967717743,"$55,715.48",OEAK Womens Jelly Bras Wireless Comfortable Soft Push Up Bralettes Seamless Tshirts Bras Deep V Everyday Bras,1729714461980332262,"$51,540.70",DOBREVA Women's Unlined Balconette Bra No Padded Underwire Supportive Plus Size Smooth Scoop Neck,1731395246467027235,"$43,979.26"
peytonxshops,"Bella Vita Luxury's Honey Oud | Eau de Parfum 100ml (3.4 fl oz) | Patchouli, Vanilla, Bergamot | Floral & Spicy | Made with Clean & Vegan Essentials Oils | Cruelty Free Fragrance Perfume",1729413742968869814,"$68,157.18",tarte summer skin essentials - CC color-correcting tinted serum + creaseless setting powder,1732422500087993276,"$54,671.68","INIA CURVIFY EMS Booty Lift Shorts - Multi-Mode EMS Microcurrent, Glutes Sculpting, Pelvic Floor Support, Visible Results in 2-4 Wks, Ems Microcurr.,back to school,back to school haul,sohochic",1729479457563251986,"$27,147.61","2-Color、3-Color Smooth Eyeshadow Stick Set, Long-Lasting Waterproof Makeup Products, Matte Highlighter & Glossy Eye Pencil, Easy Colored Eyeshadow for Beginners",1732305739916809186,"$20,083.85",tarte colored clay CC undereye corrector,1729734769623929788,"$18,888.18"
pinspo.girl,"Bella Vita Luxury's Honey Oud | Eau de Parfum 100ml (3.4 fl oz) | Patchouli, Vanilla, Bergamot | Floral & Spicy | Made with Clean & Vegan Essentials Oils | Cruelty Free Fragrance Perfume",1729413742968869814,"$68,157.18",Eleplus 3 Pieces Lightly Lined Wireless Bras for Women Comfy Plunge T Shirt Bra Pack Style Womenswear for Everyday & Bridal Events #SummerVibes,1731831726131155211,"$62,959.88",PrettyGarden Women's Oversized Cardigan Sweater Fall Long Lantern Sleeve Knit Open Front Lightweight Sweater Knitwear Tops,1731208195967717743,"$55,715.48",tarte summer skin essentials - CC color-correcting tinted serum + creaseless setting powder,1732422500087993276,"$54,671.68",OEAK Womens Jelly Bras Wireless Comfortable Soft Push Up Bralettes Seamless Tshirts Bras Deep V Everyday Bras,1729714461980332262,"$51,540.70"
prettygirlglaze,Eleplus 3 Pieces Lightly Lined Wireless Bras for Women Comfy Plunge T Shirt Bra Pack Style Womenswear for Everyday & Bridal Events #SummerVibes,1731831726131155211,"$62,959.88",PrettyGarden Women's Oversized Cardigan Sweater Fall Long Lantern Sleeve Knit Open Front Lightweight Sweater Knitwear Tops,1731208195967717743,"$55,715.48",OEAK Womens Jelly Bras Wireless Comfortable Soft Push Up Bralettes Seamless Tshirts Bras Deep V Everyday Bras,1729714461980332262,"$51,540.70",DOBREVA Women's Unlined Balconette Bra No Padded Underwire Supportive Plus Size Smooth Scoop Neck,1731395246467027235,"$43,979.26",LUCKMEEY Women High Waisted Seamless Shapewear Shorts Tummy Control Butt Lift Faja Body Shaper Breathable Slimming High Waist Shaping Shorts with Built-in Crotch Invisible Fit for Everyday Wear#tiktokshopbacktoschool#sohochic,1730652584168165420,"$42,687.43"
ragdollmanor,"Bella Vita Luxury's Honey Oud | Eau de Parfum 100ml (3.4 fl oz) | Patchouli, Vanilla, Bergamot | Floral & Spicy | Made with Clean & Vegan Essentials Oils | Cruelty Free Fragrance Perfume",1729413742968869814,"$68,157.18",tarte summer skin essentials - CC color-correcting tinted serum + creaseless setting powder,1732422500087993276,"$54,671.68","INIA CURVIFY EMS Booty Lift Shorts - Multi-Mode EMS Microcurrent, Glutes Sculpting, Pelvic Floor Support, Visible Results in 2-4 Wks, Ems Microcurr.,back to school,back to school haul,sohochic",1729479457563251986,"$27,147.61","2-Color、3-Color Smooth Eyeshadow Stick Set, Long-Lasting Waterproof Makeup Products, Matte Highlighter & Glossy Eye Pencil, Easy Colored Eyeshadow for Beginners",1732305739916809186,"$20,083.85",[Clinique] Black Honey Hi Gel Tech + High-Fi Mascara Duo | Makeup Set | Volumizing Mascara | Black Honey,1732438508669079905,"$16,426.67"
riannapepe,"Bella Vita Luxury's Honey Oud | Eau de Parfum 100ml (3.4 fl oz) | Patchouli, Vanilla, Bergamot | Floral & Spicy | Made with Clean & Vegan Essentials Oils | Cruelty Free Fragrance Perfume",1729413742968869814,"$68,157.18",PrettyGarden Women's Oversized Cardigan Sweater Fall Long Lantern Sleeve Knit Open Front Lightweight Sweater Knitwear Tops,1731208195967717743,"$55,715.48",tarte summer skin essentials - CC color-correcting tinted serum + creaseless setting powder,1732422500087993276,"$54,671.68",OEAK Womens Jelly Bras Wireless Comfortable Soft Push Up Bralettes Seamless Tshirts Bras Deep V Everyday Bras,1729714461980332262,"$51,540.70",DOBREVA Women's Unlined Balconette Bra No Padded Underwire Supportive Plus Size Smooth Scoop Neck,1731395246467027235,"$43,979.26"
risingwithcristina,Halara One Shoulder Long Sleeve Thumb Hole Curved Hem High Low Quick Dry Yoga Sports Top-Built-in Bra,1731918375289458980,"$94,220.19","2026 Dumpling Squishy Advent Calendar - Indoor Recreation Stress Relief Toy, 24 Surprise Kawaii Mini Food Squishy Figures, Cute Christmas Countdown Holiday Gift",1732609143065383676,"$48,688.45",Halara UltraSculpt™ V-Shaped High Waisted Contrast Lace Yoga Flare Leggings with Pockets,1732311109215294302,"$25,061.12",【Creator’s Pick】Halara UltraSculpt High Waisted Tummy Control Pocket Shaping Training Leggings #BackToSchool,1729406821413261604,"$19,120.53",Halara Flex DayStretch High Waisted Pocket Straight Leg Work Pants #BackToSchool,1729535261465612580,"$17,974.77"
rondadaly,Halara One Shoulder Long Sleeve Thumb Hole Curved Hem High Low Quick Dry Yoga Sports Top-Built-in Bra,1731918375289458980,"$94,220.19",Eleplus 3 Pieces Lightly Lined Wireless Bras for Women Comfy Plunge T Shirt Bra Pack Style Womenswear for Everyday & Bridal Events #SummerVibes,1731831726131155211,"$62,959.88",PrettyGarden Women's Oversized Cardigan Sweater Fall Long Lantern Sleeve Knit Open Front Lightweight Sweater Knitwear Tops,1731208195967717743,"$55,715.48",OEAK Womens Jelly Bras Wireless Comfortable Soft Push Up Bralettes Seamless Tshirts Bras Deep V Everyday Bras,1729714461980332262,"$51,540.70","2026 Dumpling Squishy Advent Calendar - Indoor Recreation Stress Relief Toy, 24 Surprise Kawaii Mini Food Squishy Figures, Cute Christmas Countdown Holiday Gift",1732609143065383676,"$48,688.45"
sam_joness_,Halara One Shoulder Long Sleeve Thumb Hole Curved Hem High Low Quick Dry Yoga Sports Top-Built-in Bra,1731918375289458980,"$94,220.19","Bella Vita Luxury's Honey Oud | Eau de Parfum 100ml (3.4 fl oz) | Patchouli, Vanilla, Bergamot | Floral & Spicy | Made with Clean & Vegan Essentials Oils | Cruelty Free Fragrance Perfume",1729413742968869814,"$68,157.18",tarte summer skin essentials - CC color-correcting tinted serum + creaseless setting powder,1732422500087993276,"$54,671.68","2026 Dumpling Squishy Advent Calendar - Indoor Recreation Stress Relief Toy, 24 Surprise Kawaii Mini Food Squishy Figures, Cute Christmas Countdown Holiday Gift",1732609143065383676,"$48,688.45","INIA CURVIFY EMS Booty Lift Shorts - Multi-Mode EMS Microcurrent, Glutes Sculpting, Pelvic Floor Support, Visible Results in 2-4 Wks, Ems Microcurr.,back to school,back to school haul,sohochic",1729479457563251986,"$27,147.61"
samanthasingsit,"Bella Vita Luxury's Honey Oud | Eau de Parfum 100ml (3.4 fl oz) | Patchouli, Vanilla, Bergamot | Floral & Spicy | Made with Clean & Vegan Essentials Oils | Cruelty Free Fragrance Perfume",1729413742968869814,"$68,157.18",tarte summer skin essentials - CC color-correcting tinted serum + creaseless setting powder,1732422500087993276,"$54,671.68","INIA CURVIFY EMS Booty Lift Shorts - Multi-Mode EMS Microcurrent, Glutes Sculpting, Pelvic Floor Support, Visible Results in 2-4 Wks, Ems Microcurr.,back to school,back to school haul,sohochic",1729479457563251986,"$27,147.61","2-Color、3-Color Smooth Eyeshadow Stick Set, Long-Lasting Waterproof Makeup Products, Matte Highlighter & Glossy Eye Pencil, Easy Colored Eyeshadow for Beginners",1732305739916809186,"$20,083.85",tarte colored clay CC undereye corrector,1729734769623929788,"$18,888.18"
samshops_beauty,"Bella Vita Luxury's Honey Oud | Eau de Parfum 100ml (3.4 fl oz) | Patchouli, Vanilla, Bergamot | Floral & Spicy | Made with Clean & Vegan Essentials Oils | Cruelty Free Fragrance Perfume",1729413742968869814,"$68,157.18",tarte summer skin essentials - CC color-correcting tinted serum + creaseless setting powder,1732422500087993276,"$54,671.68","INIA CURVIFY EMS Booty Lift Shorts - Multi-Mode EMS Microcurrent, Glutes Sculpting, Pelvic Floor Support, Visible Results in 2-4 Wks, Ems Microcurr.,back to school,back to school haul,sohochic",1729479457563251986,"$27,147.61","2-Color、3-Color Smooth Eyeshadow Stick Set, Long-Lasting Waterproof Makeup Products, Matte Highlighter & Glossy Eye Pencil, Easy Colored Eyeshadow for Beginners",1732305739916809186,"$20,083.85",tarte colored clay CC undereye corrector,1729734769623929788,"$18,888.18"
sarahhill920,"Bella Vita Luxury's Honey Oud | Eau de Parfum 100ml (3.4 fl oz) | Patchouli, Vanilla, Bergamot | Floral & Spicy | Made with Clean & Vegan Essentials Oils | Cruelty Free Fragrance Perfume",1729413742968869814,"$68,157.18",Eleplus 3 Pieces Lightly Lined Wireless Bras for Women Comfy Plunge T Shirt Bra Pack Style Womenswear for Everyday & Bridal Events #SummerVibes,1731831726131155211,"$62,959.88",PrettyGarden Women's Oversized Cardigan Sweater Fall Long Lantern Sleeve Knit Open Front Lightweight Sweater Knitwear Tops,1731208195967717743,"$55,715.48",tarte summer skin essentials - CC color-correcting tinted serum + creaseless setting powder,1732422500087993276,"$54,671.68",OEAK Womens Jelly Bras Wireless Comfortable Soft Push Up Bralettes Seamless Tshirts Bras Deep V Everyday Bras,1729714461980332262,"$51,540.70"
sashamarielovesshopping,"Bella Vita Luxury's Honey Oud | Eau de Parfum 100ml (3.4 fl oz) | Patchouli, Vanilla, Bergamot | Floral & Spicy | Made with Clean & Vegan Essentials Oils | Cruelty Free Fragrance Perfume",1729413742968869814,"$68,157.18",Eleplus 3 Pieces Lightly Lined Wireless Bras for Women Comfy Plunge T Shirt Bra Pack Style Womenswear for Everyday & Bridal Events #SummerVibes,1731831726131155211,"$62,959.88",PrettyGarden Women's Oversized Cardigan Sweater Fall Long Lantern Sleeve Knit Open Front Lightweight Sweater Knitwear Tops,1731208195967717743,"$55,715.48",tarte summer skin essentials - CC color-correcting tinted serum + creaseless setting powder,1732422500087993276,"$54,671.68",OEAK Womens Jelly Bras Wireless Comfortable Soft Push Up Bralettes Seamless Tshirts Bras Deep V Everyday Bras,1729714461980332262,"$51,540.70"
sashashopsalot,tarte summer skin essentials - CC color-correcting tinted serum + creaseless setting powder,1732422500087993276,"$54,671.68","INIA CURVIFY EMS Booty Lift Shorts - Multi-Mode EMS Microcurrent, Glutes Sculpting, Pelvic Floor Support, Visible Results in 2-4 Wks, Ems Microcurr.,back to school,back to school haul,sohochic",1729479457563251986,"$27,147.61","2-Color、3-Color Smooth Eyeshadow Stick Set, Long-Lasting Waterproof Makeup Products, Matte Highlighter & Glossy Eye Pencil, Easy Colored Eyeshadow for Beginners",1732305739916809186,"$20,083.85",tarte colored clay CC undereye corrector,1729734769623929788,"$18,888.18",[Clinique] Black Honey Hi Gel Tech + High-Fi Mascara Duo | Makeup Set | Volumizing Mascara | Black Honey,1732438508669079905,"$16,426.67"
savaii.j,Halara One Shoulder Long Sleeve Thumb Hole Curved Hem High Low Quick Dry Yoga Sports Top-Built-in Bra,1731918375289458980,"$94,220.19",Eleplus 3 Pieces Lightly Lined Wireless Bras for Women Comfy Plunge T Shirt Bra Pack Style Womenswear for Everyday & Bridal Events #SummerVibes,1731831726131155211,"$62,959.88",PrettyGarden Women's Oversized Cardigan Sweater Fall Long Lantern Sleeve Knit Open Front Lightweight Sweater Knitwear Tops,1731208195967717743,"$55,715.48",OEAK Womens Jelly Bras Wireless Comfortable Soft Push Up Bralettes Seamless Tshirts Bras Deep V Everyday Bras,1729714461980332262,"$51,540.70","2026 Dumpling Squishy Advent Calendar - Indoor Recreation Stress Relief Toy, 24 Surprise Kawaii Mini Food Squishy Figures, Cute Christmas Countdown Holiday Gift",1732609143065383676,"$48,688.45"
savi_trends,"Comfrt | The Dreamer Blanket | Oversized, Cozy, Soft Warm Throw",1729931833196778371,"$37,491.53",PAVOI 14K Gold Plated Station Necklace for Women - Dainty Choker Simulated Diamond Necklace - Lightweight Womens CZ Chain Necklace,1729555020284072456,"$8,512.63","[Back to School] WeCharmer Extra Thick Bedding Mattress Topper, 1000GSM Plush Down Alternative Overfill Bamboo Topper Mattress, Cooling Cloud-Like Pillow Top, 360° Elastic Hold 8-21In Deep Pocket for Back Pain Relief",1729457680158658805,"$4,844.42",Delzzad Pear Cut Stud Earrings Lab-Created Moissanite Stud Earring S925 Sterling Silver Moissanite Jewelry Perfect Birthday Mother’s Day Christmas Gift for Men Women Wedding Set,1729642239152459799,"$4,231.63",PAVOI 14K Gold Plated Adjustable Matching Bracelets for Women – Heart Charm and BFF Friendship Styles,1730595722208973320,"$3,515.55"
seasonaldiariess,"BUILT Bar Puff Protein Bar, Pumpkin Cookie Chunk, Protein Packed Snack, Collagen, 160 calories, Not Gluten Free, 12 Count Box",1731834460486013170,"$13,935.84","New! Double Trouble Variety Pack - Bloom Sparkling Energy Variety Carton 12oz 12pk (LTO) - Pear Scare (6), Crisp Apple (6)",1732511048459785147,"$3,353.03",Everyday Bowl,1731107416280830490,"$3,297.52","Universal Buddy Collegiate Edition - Fits 12oz Cans, Slim Cans, 12oz Bottles, 16oz Cans - Coffee Cup - Double Wall Insulated Drinkware Flasks",1729563808034952074,"$3,161.43",HydroJug Traveler | Leak-Proof Insulated Tumbler with Flip Straw & Cup Holder Fit Flasks Lid Drinkware Leakproof Tumbler,1729553368065741562,"$3,084.63"
shilohstemple,"Bella Vita Luxury's Honey Oud | Eau de Parfum 100ml (3.4 fl oz) | Patchouli, Vanilla, Bergamot | Floral & Spicy | Made with Clean & Vegan Essentials Oils | Cruelty Free Fragrance Perfume",1729413742968869814,"$68,157.18",tarte summer skin essentials - CC color-correcting tinted serum + creaseless setting powder,1732422500087993276,"$54,671.68","INIA CURVIFY EMS Booty Lift Shorts - Multi-Mode EMS Microcurrent, Glutes Sculpting, Pelvic Floor Support, Visible Results in 2-4 Wks, Ems Microcurr.,back to school,back to school haul,sohochic",1729479457563251986,"$27,147.61","2-Color、3-Color Smooth Eyeshadow Stick Set, Long-Lasting Waterproof Makeup Products, Matte Highlighter & Glossy Eye Pencil, Easy Colored Eyeshadow for Beginners",1732305739916809186,"$20,083.85",tarte colored clay CC undereye corrector,1729734769623929788,"$18,888.18"
shopaholicallee,Halara One Shoulder Long Sleeve Thumb Hole Curved Hem High Low Quick Dry Yoga Sports Top-Built-in Bra,1731918375289458980,"$94,220.19",Eleplus 3 Pieces Lightly Lined Wireless Bras for Women Comfy Plunge T Shirt Bra Pack Style Womenswear for Everyday & Bridal Events #SummerVibes,1731831726131155211,"$62,959.88",PrettyGarden Women's Oversized Cardigan Sweater Fall Long Lantern Sleeve Knit Open Front Lightweight Sweater Knitwear Tops,1731208195967717743,"$55,715.48",OEAK Womens Jelly Bras Wireless Comfortable Soft Push Up Bralettes Seamless Tshirts Bras Deep V Everyday Bras,1729714461980332262,"$51,540.70","2026 Dumpling Squishy Advent Calendar - Indoor Recreation Stress Relief Toy, 24 Surprise Kawaii Mini Food Squishy Figures, Cute Christmas Countdown Holiday Gift",1732609143065383676,"$48,688.45"
shopaholicallee2,Halara One Shoulder Long Sleeve Thumb Hole Curved Hem High Low Quick Dry Yoga Sports Top-Built-in Bra,1731918375289458980,"$94,220.19",Eleplus 3 Pieces Lightly Lined Wireless Bras for Women Comfy Plunge T Shirt Bra Pack Style Womenswear for Everyday & Bridal Events #SummerVibes,1731831726131155211,"$62,959.88",PrettyGarden Women's Oversized Cardigan Sweater Fall Long Lantern Sleeve Knit Open Front Lightweight Sweater Knitwear Tops,1731208195967717743,"$55,715.48",OEAK Womens Jelly Bras Wireless Comfortable Soft Push Up Bralettes Seamless Tshirts Bras Deep V Everyday Bras,1729714461980332262,"$51,540.70","2026 Dumpling Squishy Advent Calendar - Indoor Recreation Stress Relief Toy, 24 Surprise Kawaii Mini Food Squishy Figures, Cute Christmas Countdown Holiday Gift",1732609143065383676,"$48,688.45"
shopjulesm,Halara One Shoulder Long Sleeve Thumb Hole Curved Hem High Low Quick Dry Yoga Sports Top-Built-in Bra,1731918375289458980,"$94,220.19",Eleplus 3 Pieces Lightly Lined Wireless Bras for Women Comfy Plunge T Shirt Bra Pack Style Womenswear for Everyday & Bridal Events #SummerVibes,1731831726131155211,"$62,959.88",OEAK Womens Jelly Bras Wireless Comfortable Soft Push Up Bralettes Seamless Tshirts Bras Deep V Everyday Bras,1729714461980332262,"$51,540.70","2026 Dumpling Squishy Advent Calendar - Indoor Recreation Stress Relief Toy, 24 Surprise Kawaii Mini Food Squishy Figures, Cute Christmas Countdown Holiday Gift",1732609143065383676,"$48,688.45",DOBREVA Women's Unlined Balconette Bra No Padded Underwire Supportive Plus Size Smooth Scoop Neck,1731395246467027235,"$43,979.26"
skylerclarkk,"Comfrt | The Dreamer Blanket | Oversized, Cozy, Soft Warm Throw",1729931833196778371,"$37,491.53","[Back to School] WeCharmer Extra Thick Bedding Mattress Topper, 1000GSM Plush Down Alternative Overfill Bamboo Topper Mattress, Cooling Cloud-Like Pillow Top, 360° Elastic Hold 8-21In Deep Pocket for Back Pain Relief",1729457680158658805,"$4,844.42","Litanika 3-Piece Tufted Boho Bedding Set - Fluffy Farmhouse Comforter with 2 Pillowcases, Geometric Tufts, All-Season, for Aesthetic Room Decor, Room Decor (King Size Option Available),back to school,back to school shopping,home decor,sohochic",1731434518914896427,"$2,797.79","Bedsure 100% Rayon Derived from Bamboo Cooling Sheets 3-Piece Set, Breathable Weave Keeps Nights Airy, 16"" Deep Pocket, Silky Soft, Hotel Style Bedding, Tumble Dry Safe, 1-Step Set for Quick Bed Refresh",1731367134008480341,"$2,776.60",Home Reflections 60x80 Reversible Rib Harvest Printed Throw,1732549204203377607,"$2,371.15"
southern_wellness,"Bears with Benefits Biotin Gummies for Hair Growth, Skin & Nails –  5000 mcg Biotin + Vitamins C & E + Zinc - 30 Gummies - Vegan Wild Berry Flavor - 1 Month Supply",1730755223971074070,"$13,272.63","BODYHEALTH PerfectAmino Fitness & Gym Powder - Essential Amino Acids for Muscle Recovery (6x Whey Protein Power), Vegan, Allergen-Free (Gluten, Dairy, Soy, MSG), Sugar-Free, Skin Care Collagen Supplement (6 Flavors Including Vanilla)",1731349100249977343,"$3,217.55","Arrae MB-1 | Natural Energy, Cholesterol, & Overall Health Support 20-Day Supply| Organic Nutrition Dietary Supplement Healthcare Vitamins Probiotic Blend Edible Fitness",1729560041868333693,"$1,527.44",Flora Biome Live Probiotic - Natural Supplement for Health - Edible,1729407546653512070,"$1,289.46","BODYHEALTH Perfect Amino Tablets - Essential Amino Acids & BCAAs Muscle Recovery Protein Without Caloric - Vegan, No Gluten, Dairy, Soy, Sugar Supplement, Optimum Protein Health & Fitness Healthcare Dietary, Protein Powder, Gym, Collagen",1731353675811295743,"$1,101.00"
southernlakemom,Eleplus 3 Pieces Lightly Lined Wireless Bras for Women Comfy Plunge T Shirt Bra Pack Style Womenswear for Everyday & Bridal Events #SummerVibes,1731831726131155211,"$62,959.88",OEAK Womens Jelly Bras Wireless Comfortable Soft Push Up Bralettes Seamless Tshirts Bras Deep V Everyday Bras,1729714461980332262,"$51,540.70",DOBREVA Women's Unlined Balconette Bra No Padded Underwire Supportive Plus Size Smooth Scoop Neck,1731395246467027235,"$43,979.26",LUCKMEEY Women High Waisted Seamless Shapewear Shorts Tummy Control Butt Lift Faja Body Shaper Breathable Slimming High Waist Shaping Shorts with Built-in Crotch Invisible Fit for Everyday Wear#tiktokshopbacktoschool#sohochic,1730652584168165420,"$42,687.43",Dr. Scholl's Women's Joplin Fashion Boot,1731896531264573800,"$39,752.59"
soyabundanciaa,Halara One Shoulder Long Sleeve Thumb Hole Curved Hem High Low Quick Dry Yoga Sports Top-Built-in Bra,1731918375289458980,"$94,220.19",Eleplus 3 Pieces Lightly Lined Wireless Bras for Women Comfy Plunge T Shirt Bra Pack Style Womenswear for Everyday & Bridal Events #SummerVibes,1731831726131155211,"$62,959.88",PrettyGarden Women's Oversized Cardigan Sweater Fall Long Lantern Sleeve Knit Open Front Lightweight Sweater Knitwear Tops,1731208195967717743,"$55,715.48",OEAK Womens Jelly Bras Wireless Comfortable Soft Push Up Bralettes Seamless Tshirts Bras Deep V Everyday Bras,1729714461980332262,"$51,540.70","2026 Dumpling Squishy Advent Calendar - Indoor Recreation Stress Relief Toy, 24 Surprise Kawaii Mini Food Squishy Figures, Cute Christmas Countdown Holiday Gift",1732609143065383676,"$48,688.45"
spankifarris,Eleplus 3 Pieces Lightly Lined Wireless Bras for Women Comfy Plunge T Shirt Bra Pack Style Womenswear for Everyday & Bridal Events #SummerVibes,1731831726131155211,"$62,959.88",PrettyGarden Women's Oversized Cardigan Sweater Fall Long Lantern Sleeve Knit Open Front Lightweight Sweater Knitwear Tops,1731208195967717743,"$55,715.48",OEAK Womens Jelly Bras Wireless Comfortable Soft Push Up Bralettes Seamless Tshirts Bras Deep V Everyday Bras,1729714461980332262,"$51,540.70",DOBREVA Women's Unlined Balconette Bra No Padded Underwire Supportive Plus Size Smooth Scoop Neck,1731395246467027235,"$43,979.26",LUCKMEEY Women High Waisted Seamless Shapewear Shorts Tummy Control Butt Lift Faja Body Shaper Breathable Slimming High Waist Shaping Shorts with Built-in Crotch Invisible Fit for Everyday Wear#tiktokshopbacktoschool#sohochic,1730652584168165420,"$42,687.43"
stephanie_stimson,tarte summer skin essentials - CC color-correcting tinted serum + creaseless setting powder,1732422500087993276,"$54,671.68",Dr. Scholl's Women's Joplin Fashion Boot,1731896531264573800,"$39,752.59","EVELLYHOOTD Women's Sohochic Leopard Print Genuine Suede Leather Loafers - Mules Clogs, Slip-On Casual Shoes with Arch Support, Comfortable Animal Print Footwear for Everyday Wear, Women's Gifts",1732171696888648231,"$28,977.79","INIA CURVIFY EMS Booty Lift Shorts - Multi-Mode EMS Microcurrent, Glutes Sculpting, Pelvic Floor Support, Visible Results in 2-4 Wks, Ems Microcurr.,back to school,back to school haul,sohochic",1729479457563251986,"$27,147.61","Dr. Scholl's Women's Joplin Low Fashion Boot, Casual Minimalist Design, Comfortable Heels, Block Heel, Leather & Faux Leather Construction",1732469048422666600,"$22,967.11"
stephsharesitall,"Costzon Toddler Slide Rocking Toy with Basketball Hoop, Rocking Horse,  Foldable Climber Rocking slide playset for Both Indoors Outdoor Use, mothersdaygift",1729442692279013891,"$4,763.02","Halloween Dumpling Stress Relief Toys, 1pcs/3pcs/6pcs/8pcs/12pcs with Steamer Storage Boxes,Slow‑rebound maltose squishy toys, ideal for Halloween party gifts, featuring grimace pumpkin and little devil designs，12pcs Mini Dumpling(5cm）",1732534855764971527,"$3,083.08","QPAU 1/2 PCS Bouncy Animal Hopper Toys - Large for 5+, Inflatable Ride-On Jumping Bouncer with Hand Pump, Heavy Duty Giant Bouncy Pal, 220lbs Load Capacity, Indoor & Outdoor Energy Release Toy for Kids Adults, Halloween sohochic",1730790946487702520,"$1,854.16",Grabie Shrink to Sparkles Craft Kit - Spooky Night,1732563666073326247,"$1,831.51","Hadley Designs My First Busy Book For Toddlers 3-5 - Preschool Montessori Activity Book, Homeschool Quiet Book Ages 5-7",1731812523317564380,"$1,228.93"
strawbxrrymilkx,"Magnetic Photo Frames 2""x2"" Clear Acrylic DIY Fridge Magnets with Adhesive Backing – Square Magnets for Crafts, Kitchen, Classroom, Party & Office Decoration Back to School College Dorm Essentials #HomeEssentials #TikTokShopBackToSchool",1732288674913947952,"$5,465.01",Reliant Pet Mouse Repellent Pouches - Rodent Repellent Made in USA (12 Pouches) - Keep Rodents Out of Cars - Mouse Deterrents with Peppermint Oil,1729662519422718968,"$4,190.41",Lug Classic Zip Accessory Stand & Storage - Slumber,1732476764390724551,"$3,766.83",Evergreen Set of 3 Lighted Halloween WitchStakes,1731081757354464199,"$3,692.34","Women’s Soft PU Leather 2-Piece Classic Checkered Makeup Bag Set - Durable Reinforced Stitch Makeup Pouch, Lipstick Organizer, Bathroom Countertop Storage, Christmas Gift for Travel Use",1729474518842119875,"$3,460.96"
styledwithmorgs,Eleplus 3 Pieces Lightly Lined Wireless Bras for Women Comfy Plunge T Shirt Bra Pack Style Womenswear for Everyday & Bridal Events #SummerVibes,1731831726131155211,"$62,959.88",PrettyGarden Women's Oversized Cardigan Sweater Fall Long Lantern Sleeve Knit Open Front Lightweight Sweater Knitwear Tops,1731208195967717743,"$55,715.48",OEAK Womens Jelly Bras Wireless Comfortable Soft Push Up Bralettes Seamless Tshirts Bras Deep V Everyday Bras,1729714461980332262,"$51,540.70",DOBREVA Women's Unlined Balconette Bra No Padded Underwire Supportive Plus Size Smooth Scoop Neck,1731395246467027235,"$43,979.26",LUCKMEEY Women High Waisted Seamless Shapewear Shorts Tummy Control Butt Lift Faja Body Shaper Breathable Slimming High Waist Shaping Shorts with Built-in Crotch Invisible Fit for Everyday Wear#tiktokshopbacktoschool#sohochic,1730652584168165420,"$42,687.43"
sylviavanhoeven,Eleplus 3 Pieces Lightly Lined Wireless Bras for Women Comfy Plunge T Shirt Bra Pack Style Womenswear for Everyday & Bridal Events #SummerVibes,1731831726131155211,"$62,959.88",PrettyGarden Women's Oversized Cardigan Sweater Fall Long Lantern Sleeve Knit Open Front Lightweight Sweater Knitwear Tops,1731208195967717743,"$55,715.48",OEAK Womens Jelly Bras Wireless Comfortable Soft Push Up Bralettes Seamless Tshirts Bras Deep V Everyday Bras,1729714461980332262,"$51,540.70",DOBREVA Women's Unlined Balconette Bra No Padded Underwire Supportive Plus Size Smooth Scoop Neck,1731395246467027235,"$43,979.26",LUCKMEEY Women High Waisted Seamless Shapewear Shorts Tummy Control Butt Lift Faja Body Shaper Breathable Slimming High Waist Shaping Shorts with Built-in Crotch Invisible Fit for Everyday Wear#tiktokshopbacktoschool#sohochic,1730652584168165420,"$42,687.43"
sylviavanhoevenbeauty,"Bella Vita Luxury's Honey Oud | Eau de Parfum 100ml (3.4 fl oz) | Patchouli, Vanilla, Bergamot | Floral & Spicy | Made with Clean & Vegan Essentials Oils | Cruelty Free Fragrance Perfume",1729413742968869814,"$68,157.18",tarte summer skin essentials - CC color-correcting tinted serum + creaseless setting powder,1732422500087993276,"$54,671.68","INIA CURVIFY EMS Booty Lift Shorts - Multi-Mode EMS Microcurrent, Glutes Sculpting, Pelvic Floor Support, Visible Results in 2-4 Wks, Ems Microcurr.,back to school,back to school haul,sohochic",1729479457563251986,"$27,147.61",tarte colored clay CC undereye corrector,1729734769623929788,"$18,888.18",[Clinique] Black Honey Hi Gel Tech + High-Fi Mascara Duo | Makeup Set | Volumizing Mascara | Black Honey,1732438508669079905,"$16,426.67"
tarynupmyheart__,"Bears with Benefits Biotin Gummies for Hair Growth, Skin & Nails –  5000 mcg Biotin + Vitamins C & E + Zinc - 30 Gummies - Vegan Wild Berry Flavor - 1 Month Supply",1730755223971074070,"$13,272.63","Skillmatics Peelies – Reusable Sticker Activity Book Mess-Free, 100+ Reusable Stickers, DIY Scrapbooking Kit for Toddlers & Preschoolers, Travel Toy, Gifts for Ages 3 to 7",1732148327640896289,"$5,983.65","Costzon Toddler Slide Rocking Toy with Basketball Hoop, Rocking Horse,  Foldable Climber Rocking slide playset for Both Indoors Outdoor Use, mothersdaygift",1729442692279013891,"$4,763.02","BODYHEALTH PerfectAmino Fitness & Gym Powder - Essential Amino Acids for Muscle Recovery (6x Whey Protein Power), Vegan, Allergen-Free (Gluten, Dairy, Soy, MSG), Sugar-Free, Skin Care Collagen Supplement (6 Flavors Including Vanilla)",1731349100249977343,"$3,217.55","Halloween Dumpling Stress Relief Toys, 1pcs/3pcs/6pcs/8pcs/12pcs with Steamer Storage Boxes,Slow‑rebound maltose squishy toys, ideal for Halloween party gifts, featuring grimace pumpkin and little devil designs，12pcs Mini Dumpling(5cm）",1732534855764971527,"$3,083.08"
taxicabbbbbbb,"Bella Vita Luxury's Honey Oud | Eau de Parfum 100ml (3.4 fl oz) | Patchouli, Vanilla, Bergamot | Floral & Spicy | Made with Clean & Vegan Essentials Oils | Cruelty Free Fragrance Perfume",1729413742968869814,"$68,157.18",Eleplus 3 Pieces Lightly Lined Wireless Bras for Women Comfy Plunge T Shirt Bra Pack Style Womenswear for Everyday & Bridal Events #SummerVibes,1731831726131155211,"$62,959.88",PrettyGarden Women's Oversized Cardigan Sweater Fall Long Lantern Sleeve Knit Open Front Lightweight Sweater Knitwear Tops,1731208195967717743,"$55,715.48",tarte summer skin essentials - CC color-correcting tinted serum + creaseless setting powder,1732422500087993276,"$54,671.68",OEAK Womens Jelly Bras Wireless Comfortable Soft Push Up Bralettes Seamless Tshirts Bras Deep V Everyday Bras,1729714461980332262,"$51,540.70"
tayloradis,Eleplus 3 Pieces Lightly Lined Wireless Bras for Women Comfy Plunge T Shirt Bra Pack Style Womenswear for Everyday & Bridal Events #SummerVibes,1731831726131155211,"$62,959.88",PrettyGarden Women's Oversized Cardigan Sweater Fall Long Lantern Sleeve Knit Open Front Lightweight Sweater Knitwear Tops,1731208195967717743,"$55,715.48",OEAK Womens Jelly Bras Wireless Comfortable Soft Push Up Bralettes Seamless Tshirts Bras Deep V Everyday Bras,1729714461980332262,"$51,540.70",DOBREVA Women's Unlined Balconette Bra No Padded Underwire Supportive Plus Size Smooth Scoop Neck,1731395246467027235,"$43,979.26",LUCKMEEY Women High Waisted Seamless Shapewear Shorts Tummy Control Butt Lift Faja Body Shaper Breathable Slimming High Waist Shaping Shorts with Built-in Crotch Invisible Fit for Everyday Wear#tiktokshopbacktoschool#sohochic,1730652584168165420,"$42,687.43"
thatgirlkaty2,"Bella Vita Luxury's Honey Oud | Eau de Parfum 100ml (3.4 fl oz) | Patchouli, Vanilla, Bergamot | Floral & Spicy | Made with Clean & Vegan Essentials Oils | Cruelty Free Fragrance Perfume",1729413742968869814,"$68,157.18",tarte summer skin essentials - CC color-correcting tinted serum + creaseless setting powder,1732422500087993276,"$54,671.68","Women's Striped/rhombus/leaf/dot Cloud Handbag, Clip Closure Crossbody Bag, Lightweight Foldable for Daily Use, Gifts for Friends and Valentine's Day",1732227985172828427,"$27,973.16","INIA CURVIFY EMS Booty Lift Shorts - Multi-Mode EMS Microcurrent, Glutes Sculpting, Pelvic Floor Support, Visible Results in 2-4 Wks, Ems Microcurr.,back to school,back to school haul,sohochic",1729479457563251986,"$27,147.61","2-Color、3-Color Smooth Eyeshadow Stick Set, Long-Lasting Waterproof Makeup Products, Matte Highlighter & Glossy Eye Pencil, Easy Colored Eyeshadow for Beginners",1732305739916809186,"$20,083.85"
thatmombeth,Eleplus 3 Pieces Lightly Lined Wireless Bras for Women Comfy Plunge T Shirt Bra Pack Style Womenswear for Everyday & Bridal Events #SummerVibes,1731831726131155211,"$62,959.88",PrettyGarden Women's Oversized Cardigan Sweater Fall Long Lantern Sleeve Knit Open Front Lightweight Sweater Knitwear Tops,1731208195967717743,"$55,715.48",OEAK Womens Jelly Bras Wireless Comfortable Soft Push Up Bralettes Seamless Tshirts Bras Deep V Everyday Bras,1729714461980332262,"$51,540.70",DOBREVA Women's Unlined Balconette Bra No Padded Underwire Supportive Plus Size Smooth Scoop Neck,1731395246467027235,"$43,979.26",LUCKMEEY Women High Waisted Seamless Shapewear Shorts Tummy Control Butt Lift Faja Body Shaper Breathable Slimming High Waist Shaping Shorts with Built-in Crotch Invisible Fit for Everyday Wear#tiktokshopbacktoschool#sohochic,1730652584168165420,"$42,687.43"
thatnordicblonde,"Bella Vita Luxury's Honey Oud | Eau de Parfum 100ml (3.4 fl oz) | Patchouli, Vanilla, Bergamot | Floral & Spicy | Made with Clean & Vegan Essentials Oils | Cruelty Free Fragrance Perfume",1729413742968869814,"$68,157.18",Eleplus 3 Pieces Lightly Lined Wireless Bras for Women Comfy Plunge T Shirt Bra Pack Style Womenswear for Everyday & Bridal Events #SummerVibes,1731831726131155211,"$62,959.88",PrettyGarden Women's Oversized Cardigan Sweater Fall Long Lantern Sleeve Knit Open Front Lightweight Sweater Knitwear Tops,1731208195967717743,"$55,715.48",OEAK Womens Jelly Bras Wireless Comfortable Soft Push Up Bralettes Seamless Tshirts Bras Deep V Everyday Bras,1729714461980332262,"$51,540.70",DOBREVA Women's Unlined Balconette Bra No Padded Underwire Supportive Plus Size Smooth Scoop Neck,1731395246467027235,"$43,979.26"
thattiktoklady3,Eleplus 3 Pieces Lightly Lined Wireless Bras for Women Comfy Plunge T Shirt Bra Pack Style Womenswear for Everyday & Bridal Events #SummerVibes,1731831726131155211,"$62,959.88",PrettyGarden Women's Oversized Cardigan Sweater Fall Long Lantern Sleeve Knit Open Front Lightweight Sweater Knitwear Tops,1731208195967717743,"$55,715.48",OEAK Womens Jelly Bras Wireless Comfortable Soft Push Up Bralettes Seamless Tshirts Bras Deep V Everyday Bras,1729714461980332262,"$51,540.70",DOBREVA Women's Unlined Balconette Bra No Padded Underwire Supportive Plus Size Smooth Scoop Neck,1731395246467027235,"$43,979.26",LUCKMEEY Women High Waisted Seamless Shapewear Shorts Tummy Control Butt Lift Faja Body Shaper Breathable Slimming High Waist Shaping Shorts with Built-in Crotch Invisible Fit for Everyday Wear#tiktokshopbacktoschool#sohochic,1730652584168165420,"$42,687.43"
theashleywill,Eleplus 3 Pieces Lightly Lined Wireless Bras for Women Comfy Plunge T Shirt Bra Pack Style Womenswear for Everyday & Bridal Events #SummerVibes,1731831726131155211,"$62,959.88",PrettyGarden Women's Oversized Cardigan Sweater Fall Long Lantern Sleeve Knit Open Front Lightweight Sweater Knitwear Tops,1731208195967717743,"$55,715.48",OEAK Womens Jelly Bras Wireless Comfortable Soft Push Up Bralettes Seamless Tshirts Bras Deep V Everyday Bras,1729714461980332262,"$51,540.70",DOBREVA Women's Unlined Balconette Bra No Padded Underwire Supportive Plus Size Smooth Scoop Neck,1731395246467027235,"$43,979.26",LUCKMEEY Women High Waisted Seamless Shapewear Shorts Tummy Control Butt Lift Faja Body Shaper Breathable Slimming High Waist Shaping Shorts with Built-in Crotch Invisible Fit for Everyday Wear#tiktokshopbacktoschool#sohochic,1730652584168165420,"$42,687.43"
theeverhopefulgardener,VASAIKO 6-in-1 Portable Indoor Environment Monitor with Temperature & Humidity Monitoring Plug-and-Play Design High-Definition Display Accurate Alerts Ideal for Kitchen Garage RVs Apartments sohochic,1732022410216050952,"$8,485.93","DEBAOBULB Rechargeable Emergency LED Light Bulb - E26 Base, 120V, 9W (60W Equivalent), 6000K Daylight, 1200mAh Batteries, Hook, Energy Saving, Multiple Brightness, for Home Power Outage, Outdoor Camping Hurricane Safety Tools",1730264570695685026,"$7,176.41","12pcs Rechargeable Flameless Tealight Candle with Remote Control, Charging Station, Timer for Halloween, Christmas Indoor Home Table Glass Jars or Candle Holders, Candles,sohochic",1731889181560639922,"$6,450.19","Bamworld 2-Pack Modern Black Metal Plant Pot Racks - Wall-Mounted Vertical Space Saver Decor Shelves with Switch, Durable Long-Lasting Black Finish, Easy Installation, Indoor/Outdoor Home Supplies Gift (Compatible with Plant Stand, Photo Frame),sohochic",1730485260355146312,"$1,293.05","YITAHOME 1/2 pcs Raised Garden Bed Kit, with Gloves & Tension Bar, Outdoor Patio Planter Box for Plants Vegetables Flowers",1732253056543723696,"$1,249.88"
thejaydonwalker,Halara One Shoulder Long Sleeve Thumb Hole Curved Hem High Low Quick Dry Yoga Sports Top-Built-in Bra,1731918375289458980,"$94,220.19","2026 Dumpling Squishy Advent Calendar - Indoor Recreation Stress Relief Toy, 24 Surprise Kawaii Mini Food Squishy Figures, Cute Christmas Countdown Holiday Gift",1732609143065383676,"$48,688.45",Dr. Scholl's Women's Joplin Fashion Boot,1731896531264573800,"$39,752.59","EVELLYHOOTD Women's Sohochic Leopard Print Genuine Suede Leather Loafers - Mules Clogs, Slip-On Casual Shoes with Arch Support, Comfortable Animal Print Footwear for Everyday Wear, Women's Gifts",1732171696888648231,"$28,977.79",Halara UltraSculpt™ V-Shaped High Waisted Contrast Lace Yoga Flare Leggings with Pockets,1732311109215294302,"$25,061.12"
themagicalmillennial_,Eleplus 3 Pieces Lightly Lined Wireless Bras for Women Comfy Plunge T Shirt Bra Pack Style Womenswear for Everyday & Bridal Events #SummerVibes,1731831726131155211,"$62,959.88",PrettyGarden Women's Oversized Cardigan Sweater Fall Long Lantern Sleeve Knit Open Front Lightweight Sweater Knitwear Tops,1731208195967717743,"$55,715.48",OEAK Womens Jelly Bras Wireless Comfortable Soft Push Up Bralettes Seamless Tshirts Bras Deep V Everyday Bras,1729714461980332262,"$51,540.70",DOBREVA Women's Unlined Balconette Bra No Padded Underwire Supportive Plus Size Smooth Scoop Neck,1731395246467027235,"$43,979.26",LUCKMEEY Women High Waisted Seamless Shapewear Shorts Tummy Control Butt Lift Faja Body Shaper Breathable Slimming High Waist Shaping Shorts with Built-in Crotch Invisible Fit for Everyday Wear#tiktokshopbacktoschool#sohochic,1730652584168165420,"$42,687.43"
thenursethattoks,"Bella Vita Luxury's Honey Oud | Eau de Parfum 100ml (3.4 fl oz) | Patchouli, Vanilla, Bergamot | Floral & Spicy | Made with Clean & Vegan Essentials Oils | Cruelty Free Fragrance Perfume",1729413742968869814,"$68,157.18",tarte summer skin essentials - CC color-correcting tinted serum + creaseless setting powder,1732422500087993276,"$54,671.68","INIA CURVIFY EMS Booty Lift Shorts - Multi-Mode EMS Microcurrent, Glutes Sculpting, Pelvic Floor Support, Visible Results in 2-4 Wks, Ems Microcurr.,back to school,back to school haul,sohochic",1729479457563251986,"$27,147.61","2-Color、3-Color Smooth Eyeshadow Stick Set, Long-Lasting Waterproof Makeup Products, Matte Highlighter & Glossy Eye Pencil, Easy Colored Eyeshadow for Beginners",1732305739916809186,"$20,083.85",tarte colored clay CC undereye corrector,1729734769623929788,"$18,888.18"
theraysfinds,tarte summer skin essentials - CC color-correcting tinted serum + creaseless setting powder,1732422500087993276,"$54,671.68","INIA CURVIFY EMS Booty Lift Shorts - Multi-Mode EMS Microcurrent, Glutes Sculpting, Pelvic Floor Support, Visible Results in 2-4 Wks, Ems Microcurr.,back to school,back to school haul,sohochic",1729479457563251986,"$27,147.61","2-Color、3-Color Smooth Eyeshadow Stick Set, Long-Lasting Waterproof Makeup Products, Matte Highlighter & Glossy Eye Pencil, Easy Colored Eyeshadow for Beginners",1732305739916809186,"$20,083.85",[Clinique] Black Honey Hi Gel Tech + High-Fi Mascara Duo | Makeup Set | Volumizing Mascara | Black Honey,1732438508669079905,"$16,426.67","[EPAIS Official Shop] Essential Eyelash Growth Serum, Jumbo Size 0.5fl.oz - Safe & Gentle Lashes Care, Fuller, Thicker in 2 Weeks, Non-Prostaglandin, Hormone-free",1729583305380172048,"$15,501.36"
therestadfam,"Women's Striped/rhombus/leaf/dot Cloud Handbag, Clip Closure Crossbody Bag, Lightweight Foldable for Daily Use, Gifts for Friends and Valentine's Day",1732227985172828427,"$27,973.16",Kelce Brown Football Clear Bag,1731463315645960563,"$19,706.48",Cefiro Urban Envelope Bag Large - Stylish Urban Envelope Crossbody Bag Vegan Leather with Gold Hardware and Detachable Strap for Everyday Use,1732080603864469523,"$10,855.80","LOVEVOOK Colorblock Carry-On Travel Backpack with 3 Packing Cubes and Laptop Compartment - Personal Item,TSA-Friendly, Travel Essentials, Airline Approved Travel Bag for Hiking, Weekend, TikTokShopBackToSchool",1729417326447727282,"$8,229.60",CEFIRO Uluh Bag with Guard - Mediem - Stylish Handbag with Gold Hardware and Adjustable Strap for Everyday Use,1732354352924102675,"$5,269.60"
thesleevedchick,Comfrt Paws | Camo Hoodie | Soft Matching Camo Pet Hoodie,1730274052968649603,"$5,074.59","Topyangs 2-Pack Stainless Steel Cat Litter Box, Extra Large Non-Stick Rust-Proof Metal Tray with High Sides Splash Guard, Leak Proof, Easy Cleanup for Multi-Cat Households,sohochic",1731999342311543122,"$4,971.45","VEVOR Portable Dog Blow Dryer, 2000W/2.7HP Pet Grooming Dryer with Metal Housing, Safe Heating, Quick Drying, Adjustable Speed, Temperature Control, 4 Nozzles, Extendable Hose, Auto Shut-Off, Black (Father's Day Gift Option), Easy To Connect, Safe And Com",1729433235356618926,"$2,459.90","CATPICK Interactive cat toys for indoor cats—automatic feather toy that flutters like a bird, USB-rechargeable electric cat teaser with a suction cup base, 360° rotating cat toy, and smart, sensor-activated self-play puzzle toys designed for bored cats",1731871756732240238,"$1,696.67","Meowant Automatic Wet Food Cat Feeder with Stainless Steel Feeding Tray - Semiconductor Cooling, Pre-Heating, 360° Even Temp, Dual-Bowl Independent Temp Control, Timed On/Off, Voice Call, for 1-2 Cats",1732536142971113967,"$1,110.29"
thetonilacross,"Bella Vita Luxury's Honey Oud | Eau de Parfum 100ml (3.4 fl oz) | Patchouli, Vanilla, Bergamot | Floral & Spicy | Made with Clean & Vegan Essentials Oils | Cruelty Free Fragrance Perfume",1729413742968869814,"$68,157.18",tarte summer skin essentials - CC color-correcting tinted serum + creaseless setting powder,1732422500087993276,"$54,671.68","2-Color、3-Color Smooth Eyeshadow Stick Set, Long-Lasting Waterproof Makeup Products, Matte Highlighter & Glossy Eye Pencil, Easy Colored Eyeshadow for Beginners",1732305739916809186,"$20,083.85",tarte colored clay CC undereye corrector,1729734769623929788,"$18,888.18",[Clinique] Black Honey Hi Gel Tech + High-Fi Mascara Duo | Makeup Set | Volumizing Mascara | Black Honey,1732438508669079905,"$16,426.67"
thisblondieee,Eleplus 3 Pieces Lightly Lined Wireless Bras for Women Comfy Plunge T Shirt Bra Pack Style Womenswear for Everyday & Bridal Events #SummerVibes,1731831726131155211,"$62,959.88",PrettyGarden Women's Oversized Cardigan Sweater Fall Long Lantern Sleeve Knit Open Front Lightweight Sweater Knitwear Tops,1731208195967717743,"$55,715.48",OEAK Womens Jelly Bras Wireless Comfortable Soft Push Up Bralettes Seamless Tshirts Bras Deep V Everyday Bras,1729714461980332262,"$51,540.70",DOBREVA Women's Unlined Balconette Bra No Padded Underwire Supportive Plus Size Smooth Scoop Neck,1731395246467027235,"$43,979.26",LUCKMEEY Women High Waisted Seamless Shapewear Shorts Tummy Control Butt Lift Faja Body Shaper Breathable Slimming High Waist Shaping Shorts with Built-in Crotch Invisible Fit for Everyday Wear#tiktokshopbacktoschool#sohochic,1730652584168165420,"$42,687.43"
thrivewithlolita,"Bella Vita Luxury's Honey Oud | Eau de Parfum 100ml (3.4 fl oz) | Patchouli, Vanilla, Bergamot | Floral & Spicy | Made with Clean & Vegan Essentials Oils | Cruelty Free Fragrance Perfume",1729413742968869814,"$68,157.18",tarte summer skin essentials - CC color-correcting tinted serum + creaseless setting powder,1732422500087993276,"$54,671.68","INIA CURVIFY EMS Booty Lift Shorts - Multi-Mode EMS Microcurrent, Glutes Sculpting, Pelvic Floor Support, Visible Results in 2-4 Wks, Ems Microcurr.,back to school,back to school haul,sohochic",1729479457563251986,"$27,147.61","2-Color、3-Color Smooth Eyeshadow Stick Set, Long-Lasting Waterproof Makeup Products, Matte Highlighter & Glossy Eye Pencil, Easy Colored Eyeshadow for Beginners",1732305739916809186,"$20,083.85",tarte colored clay CC undereye corrector,1729734769623929788,"$18,888.18"
tikitytokexpress,"Bella Vita Luxury's Honey Oud | Eau de Parfum 100ml (3.4 fl oz) | Patchouli, Vanilla, Bergamot | Floral & Spicy | Made with Clean & Vegan Essentials Oils | Cruelty Free Fragrance Perfume",1729413742968869814,"$68,157.18",tarte summer skin essentials - CC color-correcting tinted serum + creaseless setting powder,1732422500087993276,"$54,671.68","INIA CURVIFY EMS Booty Lift Shorts - Multi-Mode EMS Microcurrent, Glutes Sculpting, Pelvic Floor Support, Visible Results in 2-4 Wks, Ems Microcurr.,back to school,back to school haul,sohochic",1729479457563251986,"$27,147.61","2-Color、3-Color Smooth Eyeshadow Stick Set, Long-Lasting Waterproof Makeup Products, Matte Highlighter & Glossy Eye Pencil, Easy Colored Eyeshadow for Beginners",1732305739916809186,"$20,083.85",tarte colored clay CC undereye corrector,1729734769623929788,"$18,888.18"
tonya.wellness.np,"Bella Vita Luxury's Honey Oud | Eau de Parfum 100ml (3.4 fl oz) | Patchouli, Vanilla, Bergamot | Floral & Spicy | Made with Clean & Vegan Essentials Oils | Cruelty Free Fragrance Perfume",1729413742968869814,"$68,157.18",Eleplus 3 Pieces Lightly Lined Wireless Bras for Women Comfy Plunge T Shirt Bra Pack Style Womenswear for Everyday & Bridal Events #SummerVibes,1731831726131155211,"$62,959.88",PrettyGarden Women's Oversized Cardigan Sweater Fall Long Lantern Sleeve Knit Open Front Lightweight Sweater Knitwear Tops,1731208195967717743,"$55,715.48",tarte summer skin essentials - CC color-correcting tinted serum + creaseless setting powder,1732422500087993276,"$54,671.68",OEAK Womens Jelly Bras Wireless Comfortable Soft Push Up Bralettes Seamless Tshirts Bras Deep V Everyday Bras,1729714461980332262,"$51,540.70"
torineu04,"Bella Vita Luxury's Honey Oud | Eau de Parfum 100ml (3.4 fl oz) | Patchouli, Vanilla, Bergamot | Floral & Spicy | Made with Clean & Vegan Essentials Oils | Cruelty Free Fragrance Perfume",1729413742968869814,"$68,157.18",tarte summer skin essentials - CC color-correcting tinted serum + creaseless setting powder,1732422500087993276,"$54,671.68","INIA CURVIFY EMS Booty Lift Shorts - Multi-Mode EMS Microcurrent, Glutes Sculpting, Pelvic Floor Support, Visible Results in 2-4 Wks, Ems Microcurr.,back to school,back to school haul,sohochic",1729479457563251986,"$27,147.61","2-Color、3-Color Smooth Eyeshadow Stick Set, Long-Lasting Waterproof Makeup Products, Matte Highlighter & Glossy Eye Pencil, Easy Colored Eyeshadow for Beginners",1732305739916809186,"$20,083.85",[Clinique] Black Honey Hi Gel Tech + High-Fi Mascara Duo | Makeup Set | Volumizing Mascara | Black Honey,1732438508669079905,"$16,426.67"
torivofficial,"Aelfric Eden Hotfix Rhinestone Star Zip Up Hoodie Vintage Washed Hoodies Streetwear Hooded Sweatshirts Jackets Unisex zip up hoodie,sohochic",1731332436521488994,"$2,799.77",Pacsun Men's Subliminal Racing Full Zip Hoodie,1729612734629450394,"$2,541.58",Rhinestone Glitter Unisex Spring Oversized Hoodies Sparkly Long Sleeve Shirts Party Hooded Sweatshirts Tops,1731540039073370424,"$2,185.51","Aelfric Eden Men's High-Waist Panel Cotton Black Athleisure Style Sweatpants - Oversized Wide-Leg Barrel, Star Patch, Studded Stripe, Loose Drape Baggy Casual Sporty Streetwear Clothing Bottoms,sohochic",1732263852263248482,"$1,627.09","Women's Oversized Cotton T-Shirt - Light, Short-Fabric Glam Tiger Graphic Top, Everyday Y2K Baddie Aesthetic Summer Streetwear Funny Bubble Gum Animal Tee",1732469943488779100,"$1,405.69"
trinity.blair,"Bella Vita Luxury's Honey Oud | Eau de Parfum 100ml (3.4 fl oz) | Patchouli, Vanilla, Bergamot | Floral & Spicy | Made with Clean & Vegan Essentials Oils | Cruelty Free Fragrance Perfume",1729413742968869814,"$68,157.18",Eleplus 3 Pieces Lightly Lined Wireless Bras for Women Comfy Plunge T Shirt Bra Pack Style Womenswear for Everyday & Bridal Events #SummerVibes,1731831726131155211,"$62,959.88",PrettyGarden Women's Oversized Cardigan Sweater Fall Long Lantern Sleeve Knit Open Front Lightweight Sweater Knitwear Tops,1731208195967717743,"$55,715.48",tarte summer skin essentials - CC color-correcting tinted serum + creaseless setting powder,1732422500087993276,"$54,671.68",OEAK Womens Jelly Bras Wireless Comfortable Soft Push Up Bralettes Seamless Tshirts Bras Deep V Everyday Bras,1729714461980332262,"$51,540.70"
trixietracks,"Bella Vita Luxury's Honey Oud | Eau de Parfum 100ml (3.4 fl oz) | Patchouli, Vanilla, Bergamot | Floral & Spicy | Made with Clean & Vegan Essentials Oils | Cruelty Free Fragrance Perfume",1729413742968869814,"$68,157.18",tarte summer skin essentials - CC color-correcting tinted serum + creaseless setting powder,1732422500087993276,"$54,671.68","INIA CURVIFY EMS Booty Lift Shorts - Multi-Mode EMS Microcurrent, Glutes Sculpting, Pelvic Floor Support, Visible Results in 2-4 Wks, Ems Microcurr.,back to school,back to school haul,sohochic",1729479457563251986,"$27,147.61","2-Color、3-Color Smooth Eyeshadow Stick Set, Long-Lasting Waterproof Makeup Products, Matte Highlighter & Glossy Eye Pencil, Easy Colored Eyeshadow for Beginners",1732305739916809186,"$20,083.85",tarte colored clay CC undereye corrector,1729734769623929788,"$18,888.18"
ttsdani25,"【2026 Newly Upgraded】Trucozie T350 Rechargeable Cordless Vacuums, 8-in-1 Lightweight Upright Floor Cleaning Vacuums with 2 Bonus HEPA Filters, 2-in-1 Brush, Hands-Free Design, 45-Min Runtime, 33 kPa Suction, Housewarming Gift for Hardwood Floors, Pet Hair",1729406319708377732,"$46,652.60","【2026 New Arrivals】Trucozie T550 Cordless Vacuum Cleaner, 40kPa Powerful Suction Smart Stick Vacuum with 50 Mins Runtime, 8-in-1 Lightweight Handheld/Upright Vacuum for Hardwood Floor, Carpet, Pet Hair & Car, Cordless Handheld Vacuum, Home Cleaning Tool,s",1731578192195392132,"$8,015.42","Skillmatics Peelies – Reusable Sticker Activity Book Mess-Free, 100+ Reusable Stickers, DIY Scrapbooking Kit for Toddlers & Preschoolers, Travel Toy, Gifts for Ages 3 to 7",1732148327640896289,"$5,983.65","Costzon Toddler Slide Rocking Toy with Basketball Hoop, Rocking Horse,  Foldable Climber Rocking slide playset for Both Indoors Outdoor Use, mothersdaygift",1729442692279013891,"$4,763.02","Halloween Dumpling Stress Relief Toys, 1pcs/3pcs/6pcs/8pcs/12pcs with Steamer Storage Boxes,Slow‑rebound maltose squishy toys, ideal for Halloween party gifts, featuring grimace pumpkin and little devil designs，12pcs Mini Dumpling(5cm）",1732534855764971527,"$3,083.08"
ugcwithbrii,"Bella Vita Luxury's Honey Oud | Eau de Parfum 100ml (3.4 fl oz) | Patchouli, Vanilla, Bergamot | Floral & Spicy | Made with Clean & Vegan Essentials Oils | Cruelty Free Fragrance Perfume",1729413742968869814,"$68,157.18",Eleplus 3 Pieces Lightly Lined Wireless Bras for Women Comfy Plunge T Shirt Bra Pack Style Womenswear for Everyday & Bridal Events #SummerVibes,1731831726131155211,"$62,959.88",PrettyGarden Women's Oversized Cardigan Sweater Fall Long Lantern Sleeve Knit Open Front Lightweight Sweater Knitwear Tops,1731208195967717743,"$55,715.48",tarte summer skin essentials - CC color-correcting tinted serum + creaseless setting powder,1732422500087993276,"$54,671.68",OEAK Womens Jelly Bras Wireless Comfortable Soft Push Up Bralettes Seamless Tshirts Bras Deep V Everyday Bras,1729714461980332262,"$51,540.70"
vanessaanaya30,Halara One Shoulder Long Sleeve Thumb Hole Curved Hem High Low Quick Dry Yoga Sports Top-Built-in Bra,1731918375289458980,"$94,220.19",Eleplus 3 Pieces Lightly Lined Wireless Bras for Women Comfy Plunge T Shirt Bra Pack Style Womenswear for Everyday & Bridal Events #SummerVibes,1731831726131155211,"$62,959.88",PrettyGarden Women's Oversized Cardigan Sweater Fall Long Lantern Sleeve Knit Open Front Lightweight Sweater Knitwear Tops,1731208195967717743,"$55,715.48",OEAK Womens Jelly Bras Wireless Comfortable Soft Push Up Bralettes Seamless Tshirts Bras Deep V Everyday Bras,1729714461980332262,"$51,540.70","2026 Dumpling Squishy Advent Calendar - Indoor Recreation Stress Relief Toy, 24 Surprise Kawaii Mini Food Squishy Figures, Cute Christmas Countdown Holiday Gift",1732609143065383676,"$48,688.45"
victoriaperciballi,Eleplus 3 Pieces Lightly Lined Wireless Bras for Women Comfy Plunge T Shirt Bra Pack Style Womenswear for Everyday & Bridal Events #SummerVibes,1731831726131155211,"$62,959.88",PrettyGarden Women's Oversized Cardigan Sweater Fall Long Lantern Sleeve Knit Open Front Lightweight Sweater Knitwear Tops,1731208195967717743,"$55,715.48",OEAK Womens Jelly Bras Wireless Comfortable Soft Push Up Bralettes Seamless Tshirts Bras Deep V Everyday Bras,1729714461980332262,"$51,540.70",DOBREVA Women's Unlined Balconette Bra No Padded Underwire Supportive Plus Size Smooth Scoop Neck,1731395246467027235,"$43,979.26",LUCKMEEY Women High Waisted Seamless Shapewear Shorts Tummy Control Butt Lift Faja Body Shaper Breathable Slimming High Waist Shaping Shorts with Built-in Crotch Invisible Fit for Everyday Wear#tiktokshopbacktoschool#sohochic,1730652584168165420,"$42,687.43"
vitulls,Comfrt Paws | Camo Hoodie | Soft Matching Camo Pet Hoodie,1730274052968649603,"$5,074.59","Topyangs 2-Pack Stainless Steel Cat Litter Box, Extra Large Non-Stick Rust-Proof Metal Tray with High Sides Splash Guard, Leak Proof, Easy Cleanup for Multi-Cat Households,sohochic",1731999342311543122,"$4,971.45",Fashion Kids Girls Summer Clothes Sets Plaids Fly Sleeve Shirts Tops Cow Ruffles Denim Skirts Headband Outfits,1731302138323178276,"$4,576.29","VEVOR Portable Dog Blow Dryer, 2000W/2.7HP Pet Grooming Dryer with Metal Housing, Safe Heating, Quick Drying, Adjustable Speed, Temperature Control, 4 Nozzles, Extendable Hose, Auto Shut-Off, Black (Father's Day Gift Option), Easy To Connect, Safe And Com",1729433235356618926,"$2,459.90","Vmaisi Baby Proofing Magnetic Cabinet Locks and Mom Tested Child Safety Latches includes Magnet Keys and 2 installation cradles designed for reuse on multiple locks,sohochic",1729577440749850681,"$1,774.83"
wesleyrbarker,"Bella Vita Luxury's Honey Oud | Eau de Parfum 100ml (3.4 fl oz) | Patchouli, Vanilla, Bergamot | Floral & Spicy | Made with Clean & Vegan Essentials Oils | Cruelty Free Fragrance Perfume",1729413742968869814,"$68,157.18",PrettyGarden Women's Oversized Cardigan Sweater Fall Long Lantern Sleeve Knit Open Front Lightweight Sweater Knitwear Tops,1731208195967717743,"$55,715.48",tarte summer skin essentials - CC color-correcting tinted serum + creaseless setting powder,1732422500087993276,"$54,671.68",DOBREVA Women's Unlined Balconette Bra No Padded Underwire Supportive Plus Size Smooth Scoop Neck,1731395246467027235,"$43,979.26",LUCKMEEY Women High Waisted Seamless Shapewear Shorts Tummy Control Butt Lift Faja Body Shaper Breathable Slimming High Waist Shaping Shorts with Built-in Crotch Invisible Fit for Everyday Wear#tiktokshopbacktoschool#sohochic,1730652584168165420,"$42,687.43"
whatlololikes,Eleplus 3 Pieces Lightly Lined Wireless Bras for Women Comfy Plunge T Shirt Bra Pack Style Womenswear for Everyday & Bridal Events #SummerVibes,1731831726131155211,"$62,959.88",OEAK Womens Jelly Bras Wireless Comfortable Soft Push Up Bralettes Seamless Tshirts Bras Deep V Everyday Bras,1729714461980332262,"$51,540.70",DOBREVA Women's Unlined Balconette Bra No Padded Underwire Supportive Plus Size Smooth Scoop Neck,1731395246467027235,"$43,979.26",LUCKMEEY Women High Waisted Seamless Shapewear Shorts Tummy Control Butt Lift Faja Body Shaper Breathable Slimming High Waist Shaping Shorts with Built-in Crotch Invisible Fit for Everyday Wear#tiktokshopbacktoschool#sohochic,1730652584168165420,"$42,687.43",Dr. Scholl's Women's Joplin Fashion Boot,1731896531264573800,"$39,752.59"
withlove.willo,"BUILT Bar Puff Protein Bar, Pumpkin Cookie Chunk, Protein Packed Snack, Collagen, 160 calories, Not Gluten Free, 12 Count Box",1731834460486013170,"$13,935.84","New! Double Trouble Variety Pack - Bloom Sparkling Energy Variety Carton 12oz 12pk (LTO) - Pear Scare (6), Crisp Apple (6)",1732511048459785147,"$3,353.03",Iron Hammer Herbal Tea,1729412598545289712,"$2,488.36",3pk - Carne Seca BITES - Sr. Michelado - Crunchy Beef Jerky - Azu Mecha Furia BOLD 1.5oz - 3pk,1732262461014315953,"$2,125.62",Unshelled Sunflower Spicy Red Seeds 12oz,1732220469286507347,"$1,927.46"
yourpassportpal,"Women's Striped/rhombus/leaf/dot Cloud Handbag, Clip Closure Crossbody Bag, Lightweight Foldable for Daily Use, Gifts for Friends and Valentine's Day",1732227985172828427,"$27,973.16",Kelce Brown Football Clear Bag,1731463315645960563,"$19,706.48",PAVOI 14K Gold Plated Station Necklace for Women - Dainty Choker Simulated Diamond Necklace - Lightweight Womens CZ Chain Necklace,1729555020284072456,"$8,512.63","LOVEVOOK Colorblock Carry-On Travel Backpack with 3 Packing Cubes and Laptop Compartment - Personal Item,TSA-Friendly, Travel Essentials, Airline Approved Travel Bag for Hiking, Weekend, TikTokShopBackToSchool",1729417326447727282,"$8,229.60",NEWBELLA Marella M Collapsible PU Leather Tote Bag with Magnetic Closure and Luggage Sleeve for Work and Travel #sohoch,1729477606392238202,"$5,033.66"