Creator,Top 1 Category,Top 1 Category GMV,Top 2 Category,Top 2 Category GMV,Top 1 Product,Top 1 Product ID,Top 1 Product GMV,Top 2 Product,Top 2 Product ID,Top 2 Product GMV,Top 3 Product,Top 3 Product ID,Top 3 Product GMV,Top 4 Product,Top 4 Product ID,Top 4 Product GMV,Top 5 Product,Top 5 Product ID,Top 5 Product GMV
_alanacalvs,Womenswear & Underwear,"$192,399.79",Sports & Outdoor,"$54,576.55",【4 Lengths】Magic ONESO Mid-low Rise BBL Jeans Stretchy Wide Leg Tummy Control Distressed Baggy Denim Pants Plus Size Regular Size Curve Hugging Fall Fashion,1732412928253268991,"$69,302.28",Magic ONESO Mid-low Rise Baggy Jeans Stretchy Wide Leg for Women Distressed Pants Womenswear Bottom 8001 Lady Basic Minimalist Comfortable Denim Tummy Control Curve Hugging Plus Size Regular Size BBL Fall Fashion Daily Outfits,1729445477031121919,"$63,395.08","【Creator’s Pick】Halara 2-Piece Super High Waisted Back Pocket & Side Hidden Pocket 2-in-1 Yoga Shorts 3"" Set #BackToSchool",1730762320809595172,"$30,328.42",Comfrt | Cloud Zip Hoodie - Mega | Soft Mega Oversized Zip Up Hoodie For Men & Women,1729417808759264131,"$6,736.65","CRZ YOGA Softretch No Front Seam Wide Leg Pants 28""/30""/32"" for Women - High Waisted Yoga Lounge Buttery Soft Comfy Casual",1732133391358333729,"$6,282.55"
_karina.michelle,Beauty & Personal Care,"$107,868.82",Kitchenware,"$7,567.16",Fenty Skin Butta Drop Body Cream + Body Milk Body Care Hydrating Lotion Duo,1729716038966481710,"$16,203.15","Dolly Parton Heaven's Kiss Lipstick Makeup - Satin Finish, Moisturizing, Lightweight, Vegan, Paraben-Free, Rhinestone-Studded Case",1731500263722750439,"$7,852.13","e.l.f. Glow Reviver Melting Lip Balm, Hydrating Lip Balm High-Gloss Shine and Buildable Color 15.4mL",1730991053913559331,"$7,484.91",First Class Jetsetter Beauty Bundle Kit - Mini Exclusive Pink or Lilac Suitcase plus Naked Sundays bestselling SPF and Skincare products  (SAVE 40%),1732513464542401408,"$6,997.37",Scent From Above Gift Set,1732077251359576551,"$6,944.02"
ababyandabulldog,Womenswear & Underwear,"$89,156.98",Sports & Outdoor,"$86,428.85","Tanming Women's Baggy Wide-Leg Pants - Casual, Elastic-Waisted, Bohemian Minimalist Basic Women's Clothes Bottom with Pockets,summerwins,summeroutfits,vacationoutfits,beachoutfits,back to school shopping",1729491434710208659,"$48,079.68",Birkenstock Suede Clog - Buckley,1729878427130696647,"$16,407.25",PAVOI 14K Gold Plated Adjustable Matching Bracelets for Women – Heart Charm and BFF Friendship Styles,1730595722208973320,"$15,910.77",HEYDUDE Delray Clog Suede – Womens Comfortable Slip on Platform Clog,1731467723863921200,"$14,828.90",【Creator’s Pick】Halara UltraSculpt High Waisted Tummy Control Pocket Shaping Training Leggings #BackToSchool,1729406821413261604,"$11,760.10"
abbey.kline,Beauty & Personal Care,"$33,926.32",Kitchenware,"$3,475.44",tarte glow wardrobe eye & cheek palette - eyeshadow and highlighter makeup,1729570012796261308,"$5,597.23","tarte BB blur tinted moisturizer SPF 30 - instantly brightens, hydrates & smooths your skin",1729584174847071164,"$3,219.21",tarte maracuja juicy multi-stick + brush - double-ended cream blush & bronzer stick,1732418830638027708,"$3,026.07","2-Pcs Halloween Icon Beverage Glass Set, Ghost-Pumpkin Element Hand-Blown Stemless Double Old Fashioned Drinkware with Spill-Reducing Hold, Ghost Icon Style Halloween Home Goods for Boo Basket Fall Gift",1731434701947310826,"$2,226.03",HUELIGHTER Multi-Dimensional Highlighter,1732307682052772635,"$2,033.84"
alexandraarosee,Womenswear & Underwear,"$3,576.39",Baby & Maternity,"$3,177.31",Modal Cotton Foldover Wide-Leg Pants,1732401825526682144,"$2,586.98",Vitality Cloud II™ Maternity Pant,1732211039095197736,"$1,615.60","Momcozy Pregnancy yoga ball Maternity exercise ball BirthEase Maternity Ball Set – Support Through Pregnancy & Beyond. Designed specifically for the modern mom-to-be, the Set offers thoughtful support throughout pregnancy, labor .",1732303350013662183,$807.07,Danysu V Neck Cotton Tank Tops with Built-in Shelf Bra Sleeveless Racerback Fitted Basic Cami Shirts,1731397819019989366,$646.51,MOMANDA Cropped Maternity Tops Summer Short Sleeve Modal Cotton Loose Maternity Tshirts Ultra Soft,1732401819480592928,$250.00
alexandracaste,Beauty & Personal Care,$156.55,Food & Beverages,$61.89,"Wavytalk Bare It IPL Hair Removal with Ice Cooling, 3 Modes & 24J Dual-Pulse for Salon-Level Results on Face, Body & Bikini, Painless & Precise",1729531973032121205,$139.99,"Lunch Box Set, 1 Set Including Lunch Box & Soup Cup, Food Container for School, Microwave & Dishwasher Safe Lunch Box Set, Bento Lunch Box, Portable Lunch Box, Microwavable Bento Box, Portable Food Storage, Containers for Food",1731139205163488196,$30.56,Don Beto's Beef Jerky - Fuego,1729719309656297668,$27.86,Mazapan Powder Bag | 2lb - Powder Mix for Baking Authentic Mexican Recipes,1732476236165911190,$22.19,"Funny Lipstick Merry Dickmas | Viral Funny Lipstick | Long-Lasting Hydrating Lipstick | Everyday Wearable Shades with a Holiday Twist | Holiday Gift for Women | Funny Gag Gift, Stocking Stuffer, White Elephant & Secret Santa Gift Ideas",1731957254656922000,$16.56
aliciamariecacho,Womenswear & Underwear,$160.98,Beauty & Personal Care,$22.40,"Women’s Seamless Shaping Bodysuit - Long Sleeve V-Neck Tummy Control Thong Clothes, Cute Arm Shaper, Lightweight Compression Fabric, Everyday Spring Wear (Fashion Nova Style, Leggings-Inspired Look, Wedding-Ready) Smooth Womenswear",1731784970783789181,$102.40,"Women's Solid Square Neck Long Sleeve Compress Shapewear Bodysuit, Casual Comfy Tummy Control Butt Lift Shaper, Ladies Shapewear for All Seasons",1729614179939750063,$58.58,"Laneige Hydration to Go Skincare Set, Hydrating, Gift Set",1731705500788625741,$22.40,,,,,,
alisammarie,Furniture,"$1,525.65",Sports & Outdoor,"$1,258.48",[Summervibes] Tribesigns 63-Inch Long French Country Style Wooden Sofa Table for Living Room & Entryway Natural Finish Modern Farmhouse Decor with Sturdy MDF Construction & Foot Pads for Stability,1731489542250795771,"$1,193.20",Halara Adjustable Straps Ruched Wide Leg Heathered Casual Jumpsuit with Pockets-Easy Peezy,1732255696408843102,$928.61,"【2026 New Arrivals】Trucozie T550 Cordless Vacuum Cleaner, 40kPa Powerful Suction Smart Stick Vacuum with 50 Mins Runtime, 8-in-1 Lightweight Handheld/Upright Vacuum for Hardwood Floor, Carpet, Pet Hair & Car, Cordless Handheld Vacuum, Home Cleaning Tool",1731578192195392132,$704.89,The Mini Discovery Set,1730273546600747017,$427.77,"GIZOON 4-Piece Patio Furniture Set, Textilene Conversation Set, Black | Weather-resistant Textilene Set with Wooden Armrests, 2 Rocking Chairs and Coffee Table for Patio, Balcony and Outdoor Living",1731386149963534650,$332.45
allthings_andrea,Sports & Outdoor,$96.29,,,"Foldable Travel Yoga Mat with Storage Bag, 1 Count Portable Exercise Mat, Fitness Equipment for Home Gym Workout Mat Pilates Home",1729408794300748065,$96.29,,,,,,,,,,,,
alykate97,Fashion Accessories,"$20,217.19",Furniture,"$5,226.32","Tasiso Women's Sparkling CZ Pendant Necklace - 39cm Transparent Cord, Adjustable Minimalist Choker, Office Attire Everyday Layering Necklaces, Gifts for Women",1731992960085430403,"$15,124.93","【2Packages Shipping】Queen/Full Size Murphy Bed with 2 LED Lights, Farmhouse Wood Hidden Foldable Wall Bed Frame w/Gas Struts, Storage Bed Cabinet for Bedroom, Office, Space-Saving, No Box Spring Needed, Rustic White/Brown",1731495075783873003,"$5,226.32",PAVOI 14K Gold Plated Lobe Lifters for Heavy Earrings for Women - Earring Backs for Droopy Ears - Comfortable Earring Backings for Studs - Trendy Fashion Jewelry Accessories,1731648186027250184,"$3,158.98","Turandoss Women's Dainty Golden Heart Initial Necklace - A-Z Letter Tag Pendant Jewelry for Women, Mom Birthday Gifts, Personalized Summerwins Costume Accessory, Gold Lettering Necklaces",1731158885662232626,"$1,625.19",AUSELILY Babydoll Dress for Women Short Sleeve Button Down Textured Non-clingy Loose Fit Flowy Mini Dress with Pockets 2026 New Summer Dress Beachy Style Dress Casual,1732071775099523793,"$1,128.78"
amanda_hadzimichalis,Womenswear & Underwear,"$18,171.51",Sports & Outdoor,"$1,549.72",FeelinGirl Wireless Bra Women's Seamless Full Coverage Bra Cozy Wide Shoulder Strap Wireless T-Shirt Bra Comfortable Fit Everyday #newarrivals#SohoChic,1730503134732653217,"$3,251.10","TANKANEO Women's Plus-Size 2-Piece Polyester Shorts Set, Lightweight Short-Sleeve Color Block Shirt & Adjustable Skort, Comfortable Fit Casual Matching Set",1732269584850457312,"$3,204.53","Vertvie｜GRACE Classic T-Shirt Bra, Jelly Bras, Wireless Full Coverage for All Day Comfort Breathable Womenswear",1731578445279630251,"$2,561.04",Soft Intention Women's Classic Jelly Bra Seamless Wireless Bra Full Coverage Push Up No Underwire Tshirt Comfortable Everyday Plus Size Friendly Jelly,1729472053932167298,"$1,410.36",OEAK Women Jelly Bras Wirefree Full Coverage No Underwire Everyday Bras Comfortable Wireless Padded Tshirt Bra,1731406217255686451,"$1,075.58"
amanda_pac,Sports & Outdoor,"$21,898.56",Womenswear & Underwear,"$13,770.73",Halara One Shoulder Long Sleeve Thumb Hole Curved Hem High Low Quick Dry Yoga Sports Top-Built-in Bra,1731918375289458980,"$17,313.52","Women's Original Magic Fleece Lined Leggings - Lady Clothes, Cute Clothes, Compression Band, 1-Seam Option, Closed Foot, XXS-3XL, 4 Shades, Plus Size Available, Light-Brown Fur Fleece Tights",1729406693411230691,"$4,400.92",Sand Cloud | Changing Hooded Poncho Multi Functional,1732271631383040182,"$3,301.49","arrae Tone Variety Creatine Gummies | Assorted Sour Flavors (Watermelon, Green Apple, Mixed Berry)| Gut-Friendly Formula for Energy, Cognitive Health, Post-Workout Recovery",1732470880469881469,"$2,935.79",Inbarely Soft Single-Layer Basic Long Sleeve Shirts See Through Breathable Wear Casual Sporty Shirt,1731641065545634032,"$2,932.89"
amandaaaapac,Beauty & Personal Care,"$9,325.56",Health,$286.04,[medicube] Body Gommage Exfoliating Pad 8ea for bumpy skin flaky skin body scrub,1731233913351344363,"$4,163.28",Self-Tanning - Milky Essence,1732314195951063680,"$4,105.22","[medicube] PDRN Pink Collagen Volume Multi Balm | All In One Volufiline, PDRN, NAD Stick for Youthful-Looking, Helping Look of Fine Lines, Firming Care, Anti-Aging Care | For Under-Eyes, Neck, Forehead, Smile Lines, Lip Care | Korean Skincare",1729508370969629931,$374.62,Arrae Bloat Gummies | Fast-Acting Bloating Relief Peach Lemon Gummies | Clinically Proven| 28 ct| Natural Healthcare Dietary Supplement Edible Fiber Bathroom Fitness Fitness,1732388889503634045,$236.06,DR.DENT The Purple Duo - Purple Mouthwash [20 Uses] + Purple Teeth Whitening Strips - [7 Whitening Sessions],1732418783948083710,$208.51
amandaathome1,Toys & Hobbies,"$2,730.30",Home Supplies,$795.75,"3D Laser-Cut Wood Design Magic Ring House Miniature Kit - Lighted LED Lights Making Set, Ages 14+, 5-6 Hours Build, Unisex Craft, Handmade Gifts, Bookshelf House Decoration, Woodwork Toy",1732381209627759505,"$2,730.30","Automatic Folding Umbrella, 1 Count/60pcs Portable Rain Umbrella with Loop Buckle, Windproof & Waterproof Umbrella for Men & Women",1729532560217314285,$795.75,"PAVILIA Women Waffle Knit Kimono Robe, Soft Cozy Breathable Lightweight Bathrobe with Side Pockets, Shower Spa House Long Robe for Women Everyday",1731782345735311576,$104.96,"2-Pack Thicker Dog Cooling Mats for Dogs Cats, Cute Bone Quilted Durable Non-Slip Instant Cool Summer Pet Cooling Pad, No Geal No Electric Portable Lightweight Washable Indoor Outdoor Cold Kennel Crate Bed for Large Dog #SummerVibes#TikTokShopBackToSchool",1731574266362499154,$40.49,tarte maracuja juicy lip vinyl - mirror shine lip gloss,1729442596866986940,$31.99
amandaburbank131,Sports & Outdoor,$677.07,Beauty & Personal Care,$624.31,"ADDWIN 2026 New Fascia Ring R10 Mini Muscle Recovery Fascia Device upgraded adjustable strap fits Up to 55in waist, Cordless Rechargeable, Designed for Waist & Back Muscle Recovery portable massager parents gift summervibes",1731284232420626805,$593.19,"【2-3 Packages】115-149 Inch Modular Couch Sectionals with Ottoman, Big Comfy Cloud Couches, L/U Shaped 4-6 Seats Modular Sectional Sofa, Modern Cloud Sectional Couches for Living Room, Deep Seat Sofa",1731324035960050017,$454.99,"Rechargeable Electric Facial Massager - Facial Care Tools, Cordless Design Reduces Puffiness, Promotes Blood Circulation & Firming/Lifting, Compact for Travel & Daily Home Use, Includes Rechargeable Battery & Charging Cable (Charge Before Use)",1729478261824984423,$221.46,"【New】Heart-Shape Memory Foam Knee Pillow with Cooling Cover for Side Sleepers, Pillows for Hip/Back Alignment & Sciatica Pain Relief, Bed Accessories for Good Posture, Home Essentials",1729492491868935315,$156.97,"Tideway Prowaver 6-in-1 Ionic Hot Air Styler, Hair Dryer Brush with Auto Wrap Curlers for Smooth Blowout & Curly Hair Styles, Dual Voltage Travel Set, Gifts for Women, Beauty Products tiktokshopbacktoschool,back to school,back to school haul",1731711806746563453,$146.23
anastasiya_ray,Sports & Outdoor,"$29,421.19",Womenswear & Underwear,"$13,118.53",Halara One Shoulder Long Sleeve Thumb Hole Curved Hem High Low Quick Dry Yoga Sports Top-Built-in Bra,1731918375289458980,"$14,070.19",Project Cloud Women's | Genuine Leather Insole Womens Ballet Flats | Memory Foam | Lightweight | Non-Slip - Ashley,1729496192078812728,"$6,172.93",【Creator’s Pick】Halara UltraSculpt High Waisted Tummy Control Pocket Shaping Training Leggings #BackToSchool,1729406821413261604,"$5,723.26",Halara UltraSculpt Leopard Print High Waisted Tummy Control Yoga Leggings with Pockets #BackToSchool,1731476661501595940,"$5,417.58","Katch Me Chic Women's Vintage Leopard Print High Waist Wide Leg Jeans, Y2K Street Style Baggy Durable Denim Trousers, Casual Wrinkle-Resistant Stretch Loose Fit Cotton Bottoms #TikTokMadeMeBuyIt #VintageDenim #LeopardJeans #Y2KFashion",1732464305990046684,"$4,513.79"
andrea_costanzo,Womenswear & Underwear,"$2,351.85",Sports & Outdoor,$609.71,Imily Bela Women's Summer Mini Dress Casual Workout Tennis Dress with Shorts Sleeveless Althletic Dresses,1729428284144587566,"$1,525.57",CHICME Built-in Bra Tank Top Ribbed Racerback Tops Women Going Out Tops Everyday Basic Tanks Padded Tops,1729484235456352758,$689.58,"Women's Plants Print V Neck Swimdress & Tankini Set, Casual Sleeveless Swim Dress & Swim Top Two-piece Swimsuit for Beach Holiday Vacation, Ladies Swimwear, Swimwear Sets",1730840513403195504,$268.93,FLAXMAKER Women's V Neck Side Drawstring Brown Mesh Sheer Printed One Piece Swimsuit Beachwear Swimdress Bathing Suit Swimwear Sleeveless Bathing Suit Stylish Beachwear #Summervibes #SwimWeek,1731639794304062332,$178.62,Bsubseach Crochet Cover Ups for Swimwear Women Beach Blouse Sheer Swim Coverups Mesh Knitted Dress,1729469192764887450,$162.16
andthatsthelipton,Womenswear & Underwear,"$48,495.67",Fashion Accessories,"$3,435.53",Women’s V Neck Poncho Tops Batwing Sleeve Solid Color Loose Fit T-Shirts Blouses,1731080116594839788,"$7,587.74",SCUSTY Women's Two Piece Outfit Cotton Matching Set  A-Line Sleeveless Tank Tops and High-Waist Shorts with Pockets,1730815762275668211,"$2,642.09",Scene Stealer Faux Fur Crop Denim Jacket,1731843430611456713,"$2,523.99",Zaida Stretchy Denim Micro Shorts,1729501093713581218,"$2,435.43",Cider Cotton Plaid Collar Short Sleeve Blouse & Mid Rise Lace Trim Bowknot Mini Skirt Set SohoChic,1731911890868146263,"$2,149.47"
angela.456789,Household Appliances,$54.57,,,"sohochic Jack&Rose 2-in-1 Steam Iron& Clothes Steamer - Handheld Portable Garment Wrinkle Remover, Large Soleplate, 150ml Water Tank - Lightweight for Home, Travel,",1731368483960623870,$54.57,,,,,,,,,,,,
angelacallisto123,Womenswear & Underwear,"$309,656.99",Fashion Accessories,"$13,207.31",PrettyGarden Women's Oversized Cardigan Sweater Fall Long Lantern Sleeve Knit Open Front Lightweight Sweater Knitwear Tops,1731208195967717743,"$40,489.56","Tanming Womens Baggy Barrel Wide Leg Yoga Lounge Pants Drawstring Waist Pockets Athleisure Style Casual Sweatpants Comfortable Loose Fit Bottoms for Women Summer Casual Wear,back to school shopping",1731229445891395731,"$38,951.78",Freya ONESO Women Mid Rise High Stretchy BBL Jeans Butt Lifting Wide Leg Raw Hem Denim Pants Tummy Control Spring Basic Minimalist Woman Denim Bottom Comfortable Denim Jeans OSW8019 Plus Size Regular Size Fashion Daily Outfits DIY Inseams #SummerVibes,1731273402271240469,"$31,073.25","CUPSHE Cardigan Sweaters For Women, Loose Fitting Longline Knit, Open Front Nylon Duster Sweater with Dolman Sleeves, Viscose Lightweight Layering Top, Casual Fall Travel Wear, Machine Washable, #tiktokshopbacktoschool",1731598991692763864,"$26,372.13","Fisoew Sports Summer Spring Women's Off-Shoulder Thin Sweatshirt/Tees, Wide Neckline Loose Pullover, Long Sleeve Y2k Fashion Loose Fit Top, SpringStatements Jeans Ash Gray Hoodie Beachy Hoodie Athletic Style Activewear Athletic Outfit",1732128616123306840,"$14,157.90"
anggwells,Beauty & Personal Care,"$3,744.93",Fashion Accessories,$131.62,Kitsch Ceramic Thermal Rollers 8pc Set,1729388686108692530,"$1,338.80","Wavytalk Blowout Boost Negative Ion Thermal Brush-Pink (1.5in) Hair Styler, LED Display, 300℉-420℉ for Different Hair Types, 120-240V Universal Voltage, Beauty Products for At-Home Blowout & Style Curlers & Straighteners",1729403338518794392,"$1,325.62","Wavytalk Multi-Curl 5-in-1 Ceramic Curling Wand Set, Fast Heat Up Curling Wand from 1/2 to 1 1/4 Inch and a Thermal Brush, Dual Voltage Curling Iron,back to school,back to school haul",1729388432827060376,$535.98,"Glimmr 10-Minute Vitamin-Infusion Hair Mask for Hydrating and Moisturizing Hair - Conditioner with Bonding Protein, Castor Oil & Superfood Extracts",1729438048963760929,$314.39,AWAYTR Satin Bonnet Silk Like Bonnets for Sleeping Double Layer Sleep Cap Haircare Bonnet with Elastic Tie Band for Curly Hair Pink Night Cap TikTokShopBlackFriday,1729409168616952301,$86.16
annaslivka2,Fashion Accessories,"$6,427.56",Luggage & Bags,$55.99,YoungSee Micro Loop Hair Extensions Human Hair micro ring pre bonded Soft and Silky Hair Extensions for Women Micro Ring Extension Human Hair 100% Real Human Hair Summer braids half wig summer hair style glueless wig#summerwins #DealsForYouDays,1731915004731495134,"$4,418.38",Youngsee 16-28 inches butterfly weft hair extensions ovo weft genius pu weft  hole butterfly  hair extensions human hair XO weft human hair extensions straight hair real human glueless wig #summerwins #DealsForYouDays,1731548152031122142,"$1,174.86",YoungSee 14-28 inches Micro Loop Hair Extensions Human Hair Soft and Silky Hair Extensions for Women Micro Ring Extension Human Hair 100% Real Human Hair #summerwins #DealsForYouDays Raw Hair Bundles Natural Wavy Hair,1730893574771741406,$728.15,YoungSee Nano Beads Hair Extensions Human Hair Silky Hair Extensions for Women Nano Link to Change Your Look #Summerwins #Dealforyourdays #SummerVibes Natural Looking Hair Summer braids half wig summer hair style glueless wig,1730893563461669598,$106.17,"LOVEVOOK Laptop Backpack for Women with Pouch Pocket for Large Capacity Cup,15.6&17 Inch Professional Work Computer Laptop College Teacher Personal Item Travel Bag,Lightweight Hiking Backpack Purse",1731357544733577906,$55.99
aricandchristy,Furniture,"$2,844.09",Home Improvement,"$1,560.23","VINGLI Tall Adirondack Chairs Set of 2, All Weather HDPE Bar Height Adirondack Chair with Double Trays, Adirondack Barstools for Balcony, Poolside, Backyard and Patio",1732305297869345183,"$1,792.07","12.5"" Starry Night Stacked Pumpkins by Valerie",1732518597707076551,"$1,214.73","VINGLI Tall Adirondack Outdoor Dual-Seater Chairs (Set of 2) - Outdoor Furniture, Patio Wicker Furniture, Fixed Arms, Waterproof, HDPE Exterior Design, Double Connecting Tray, Durable Rattan, Aluminum-Stainless Steel Frame for Patio Garden Use",1731288666896372127,"$1,020.02",10 Strawberry Street Platter Merry Morsels Platter,1732099737067295687,$884.25,"Inground Pool Safety Cover, 16x32ft Rectangle Winter Safety Pool Cover for Inground Swimming Pools, Winter Pool Cover, Pool Covers fo DL260808B09",1732541472231756122,$203.99
arsy_vartanian,Beauty & Personal Care,"$9,885.36",Health,$849.47,"PUFF Tape Ultra-Moisturizing Sleep Strips – Designed for Beauty Sleep – Collagen, Hyaluronic Acid & Vitamin E for Overnight Lip Hydration, Plumper Lips & Refined Facial Appearance (30 Count)",1732149210223644960,"$3,792.57",NuDerma Clinical High Frequency Wand with Fusion Neon-Argon Applicators Anti-Aging Anti-Acne by Pure Daily Care  Facial Beauty Instrument Facial Beauty Machine Facial Care Tool,1729401883679232365,"$2,902.24","Reviv R3 Firm Silicone Night Mouthguard - Unscented, Latex-Free Teeth Grinding & Clenching Mouthpiece, Durable, Supportive Fit, Holds Shape, No Molding Required, XL/Large Size, Bpa-Free, Firming, Multi-Size, Mouth Guard, Everyday Use, Overnight Stability,",1732279335109759499,"$1,124.60","DailyDocs Hardcover Document Organizer Binder - Planner with Expandable Rings, Personalized Labels, Cloud Integration, Office Filing Supplies for Estate Planners, Sangria Office Stationery Accessories",1732031893622591598,$605.51,HUSH HOUR Mouth Tape - Lemon - Rest Recovery - Organic Green Tea - Skincare Tool - Lip care Jawline Contour Tape,1731824592817001323,$514.28
ashleyinfl,Toys & Hobbies,$621.49,Womenswear & Underwear,$568.20,"SLOOSH Inflatable Pool Floats Adult,  Floating Lounge Chairs , Blow up Pool Noodles for Adult Heavy Duty, Floating Chair for Party Summer Water Beach Lake Fun ， can choose 1 pack or 2 pack",1729449581672632930,$621.49,"Neurogan Health GHK-Cu Copper Peptide Body Lotion | 2% Lotion, 8 oz / 237 mL",1732299664995947423,$239.81,"Dokotoo Women's Western Denim Mini Dress, High Waist 3/4 Sleeve Zip Up Casual Dresses, Loose Fit Cowboy Style Streetwear Outfit for Fall & Daily Wear Long Sleeve Collared",1732435311745405941,$139.96,QUAY - PRESS TOUR Square Sunglasses - Classic Oversized Vintage Glam with Elevated Metal Details & Universal Nose Pads,1731709933949325339,$134.29,PRAVANA Intense Therapy Leave-In 10oz: Hydrating Mist,1730059716675736327,$110.99
ashleyorganic,Luggage & Bags,"$31,754.50",Beauty & Personal Care,"$18,447.82",NEWBELLA Marella M Collapsible PU Leather Tote Bag with Magnetic Closure and Luggage Sleeve for Work and Travel #sohoch,1729477606392238202,"$11,992.02","SHA CERLIN Storage Bed Frame Modern Linen Upholstered Headboard Lift Up Storage Platform Bed Frame, Two Style Headboard, Heavy Duty Gas Lift Support, No Box Spring Needed,Wood Slats Support, Full Queen King Size,dorm essentials,home decor",1729537141726810464,"$11,390.39","[New Launch] DREAME Aero Lite Wet Dry Vacuum Cleaner, All-in-ONE Vacuum Mop for Wet & Dry Messes, 0 Hair Residue Great for Pet Owners, One-Press Self-Clean, 180° Lie Flat, 35mins Runtime for Hard Floor Cleaning,back to school,back to school haul",1732306174840312737,"$10,299.72","Tanming Women's High-Waist Drawstring Casual Wide-Leg Sweatpants - Baggy Athletic Bottoms with Pockets, Basic Casual Streetwear Pants for Spring Summer, Women's Clothes, #SpringStatements,summerwins Womenswear,back to school shopping",1731922724730409107,"$7,553.52","Qure LED Light Therapy Mask for Face - FDA Cleared for Wrinkles & Acne Treatment with 3 Modes, 5 Facial Areas &  5 Lights: Red, Deep-Red, Blue, Amber & Infrared, 3-Min Daily, Eye-Protection, Smart App",1730401910219313767,"$5,378.97"
ashleyorganicedits,Beauty & Personal Care,"$30,684.92",Household Appliances,"$2,711.79","[medicube] Hypochlorous Acid Rice Peel Shot Duo For Face & Body | Gentle Exfoliating Serum for Dead Skin Cells & Pore Care, Blackheads & Excess Sebum Control | Rice Extract, Hypochlorous, Panthenol for Hydrating & Smoothing Care",1731738460512030955,"$14,016.19","[medicube] Kojic Acid Turmeric Peel Shot Duo For Face & Body | Brightening Reset Gentle Exfoliating Serum with BHA, LHA & PHA for Dead Skin Cells, Blackheads & Excess Sebum | For Dull, Rough & Troubled Skin",1732182201234002155,"$3,681.98",30 Years of Bestsellers Set,1732537844925633005,"$3,095.50","【2026 Newly Upgraded】Trucozie T350 Rechargeable Cordless Vacuums, 8-in-1 Lightweight Upright Floor Cleaning Vacuums with 2 Bonus HEPA Filters, 2-in-1 Brush, Hands-Free Design, 45-Min Runtime, 33 kPa Suction, Housewarming Gift for Hardwood Floors, Pet Hair",1729406319708377732,"$2,711.79",adidas Mens Yeezy Boost 350 V2 Sneakers Shoes Casual - White,1730704937123942790,"$1,697.79"
avas.fav.finds,Beauty & Personal Care,"$8,476.48",Womenswear & Underwear,$343.71,No Limits Cream Bronzer Stick,1729385764072624843,"$6,872.72",Higher Standard Cream Glow Blush Stick,1729442305345688267,"$1,126.59","Aelfric Eden Men's Star Print Color-Contrast V-Neck Casual Long-Sleeve Pullover Hoodie - Embroidered Graphic Clothing, Polyester Menswear Sweatshirt Top",1729435967255843221,$207.15,The Blush Stack Dew Blush + SuperSuede Blush,1731606733682217843,$144.00,"sacheu Contour STAY-N - All-Day Liquid Contour - Long-lasting, buildable, ultra-blendable contour Effortless Smooth Bronzer makeup products",1731001036376085279,$105.07
ayeitsanju,Womenswear & Underwear,$251.40,Fashion Accessories,$184.04,SCUSTY Women's Cropped Sherpa Lined Fleece Jacket Winter Warm Button Down Fuzzy Coats Shacket Outerwear with Pockets,1729607210962489587,$203.48,"Women's Solid Color, Casual Outdoor Sun Protection Cap for Women & Girls, Fashion Accessories for Daily Wear, Breathable Head Cover, Summer Outdoor Hat",1730691917901959683,$184.04,"Women's Solid Color Shoulder Bag, Back To School, Fashionable Large Capacity Crossbody Bag for Daily Used, Casual Trendy Versatile High-quality Daily Commuting Bag, Crossbody Shoulder Bags",1729496373355844345,$159.47,"tarte maracuja juicy lip tattoo - 3-in-1 lip stain, liner & gloss duo",1731128149174031292,$31.00,"e.l.f. Bite-Size Mini Eyeshadow Palette - 4 Pigmented Matte & Shimmer Colors, Creamy & Blendable, Complete Eye Look, Travel-Friendly, 13 Options",1729384062018425123,$25.50
backnjennaup,Furniture,"$3,828.31",Beauty & Personal Care,"$3,241.51","75.2"" Tall Pantry Cabinet, Kitchen Pantry Storage Cabinets with 2 Door and 5 Adjustable Shelves, White Metal Pantry Storage Cabinet, Cupboard for Kitchen, Dining Room, Living Room and Bathroom Organizer",1731459666424271005,"$3,828.31",Portland Leather Koala Sling Bag - Soft Leather Crossbody Purse & Travel Chest Bag for Women,1732046851932983468,"$1,316.34","Palladio Under Eye Brightener Cream Cosmetic - Caffeine Peptides, Vitamin E, Radiant Coverage, Blendable Color Corrector & Primer, Smooth Setting, Evening Dull Tired Skin, Reduces Dark Circles",1729881829798023357,"$1,309.47",SKINN Cosmetics Age-Defying Firming Liquid Eye Shadows - Matte Shimmer Eyeshadow with Clay & Titanium for Crease-Resistant Long-Lasting Wear,1729460343993700529,$495.14,Portland Leather Classic Tote Bag - Real Leather Work & Laptop Bag with Zipper or Open Top,1732050483194073260,$380.47
baileyyoliverr,Womenswear & Underwear,"$30,654.07",Sports & Outdoor,"$23,757.28",Project Cloud Women's | Oxford Shoes for Women | Genuine Leather | Memory Foam | Lightweight | Non-Slip - Wally,1731581887912710712,"$17,576.05","[medicube] Ultra Light PDRN Pink Peptide Serum | Lightweight Hydrating Serum with Salmon PDRN & Hyaluronic Acid | Fast-Absorbing Glow Care for Skin Clarity | K-Beauty, Korean Skincare (30ml / 1.01 fl. oz.) (110ml / 3.72 oz)",1732311456669012203,"$6,158.08",Hanes Originals Women’s Supersoft Comfywear Sleep Slip Dress Women's Intimates Comfortable Fit Soft Stretch Fabric Breathable Hla219,1731467663274185700,"$5,921.73","Aelfric Eden Men's High-Waist Panel Cotton Black Athleisure Style Sweatpants - Oversized Wide-Leg Barrel, Star Patch, Studded Stripe, Loose Drape Baggy Casual Sporty Streetwear Clothing Bottoms",1732263852263248482,"$4,050.55","Dream Pairs Women's Genuine Suede Mini Platform Winter Ankle Boots - Fuzzy Faux Fur Lined, Memory Foam, Water-Resist EVA Sole, Leather-Feel Luxe Upper, Casual Alternative Classic Chestnut Women's Shoes for Outdoors",1729496854625162124,"$3,876.04"
becsreview,Beauty & Personal Care,"$1,900.07",Furniture,$669.10,"【Deal】SweetFurniture 3-Drawer Mobile Lateral Filing Cabinet - Home Office Organization & Room Storage Solution, Printer Stand with Open Shelves, Fits Large Folders, Home Decor Cupboard, Storage Drawers Kitchen Furniture",1729385490165371016,$669.10,"JUDYDOLL Ultra-Fine Liquid Eyeliner, Waterproof Liquid Eye Liner, Hooded Eyes, Sharp Winged Lines, Long-Lasting, Beginner Friendly, Lasting Satin Finish, Smudge-Proof, Transfer-Resistant, Suitable For Sensitive Eyes, Summerwins,Back to School",1730235179727360529,$530.45,"JUDYDOLL 2 in 1 Highlight & Contour Palette - Face Shaping, Long-Lasting, Multi-Use Makeup Palette, Face Bronzer, Cool Toned, Natural Matte Highlighter, Blendable, Buildable Contour, Back to School",1731159981009310225,$456.79,"[2.0]CARSLAN Black Magnet Soft Focus Powder+Liquid Powder Makeup Setting Spray, 24HLongglasting, Oil Control, Waterproof, Sweatproof, Poreless Summer Hot Sell All Day Matte Trio",1730867873210208354,$129.85,"CARSLAN PINK Limited Edition 3.0 Black Magnet Soft Focus Powder, Replaceable Container, 24H Longlasting Translucent Pressed Setting Powder, Oil Control, Waterproof, Sweatproof, Blurring Pore Face Powder, Matte Flawless Finsh, Travel-Friendly Touch Up",1732422067841765474,$105.98
bestiebriitt,Household Appliances,"$200,185.30",Beauty & Personal Care,"$43,818.51","【2026 Newly Upgraded】Trucozie T350 Rechargeable Cordless Vacuums, 8-in-1 Lightweight Upright Floor Cleaning Vacuums with 2 Bonus HEPA Filters, 2-in-1 Brush, Hands-Free Design, 45-Min Runtime, 33 kPa Suction, Housewarming Gift for Hardwood Floors, Pet Hair",1729406319708377732,"$128,490.91",Merach Vibration Plate Exercise Machine with Lymphatic Drainage Feature Compact Design for Full Body Workout Max User Weight 400LBS Home Gym Equipment BackToSchool,1729438841571218111,"$22,572.31",Shark PowerPro Flex Reveal Plus Cordless Vacuum - IZ382H,1732268320365777584,"$21,166.02","【2026 New Arrivals】Trucozie T550 Cordless Vacuum Cleaner, 40kPa Powerful Suction Smart Stick Vacuum with 50 Mins Runtime, 8-in-1 Lightweight Handheld/Upright Vacuum for Hardwood Floor, Carpet, Pet Hair & Car, Cordless Handheld Vacuum, Home Cleaning Tool",1731578192195392132,"$18,099.90",HAIRtamin Miracle Brush | Viral Boar Bristle Detangling Hair Brush for Smooth & Shiny Hair,1730473302865318582,"$13,733.06"
biohackingnutritionist,Beauty & Personal Care,"$14,536.44",Luggage & Bags,$105.98,"[medicube] PDRN Pink Collagen Volume Multi Balm | All In One Volufiline, PDRN, NAD Stick for Youthful-Looking, Helping Look of Fine Lines, Firming Care, Anti-Aging Care | For Under-Eyes, Neck, Forehead, Smile Lines, Lip Care | Korean Skincare",1729508370969629931,"$8,697.44","[NEW] [medicube] PDRN Collagen Gua Sha Neck Wrinkle Cream | Built-In Gua Sha Massager with Volufiline 5% + PDRN | Firming, Contour Care for the Look of Fine Lines, Jawline, Neck, Décolleté,Underarms, Chest, Legs, Shoulder | Massage Cream | Korean Skincare",1732399179294806251,"$2,923.89","[medicube] Deoxyribose Scalp Serum | For Fuller-Looking Hair & Scalp Strengthening Roll-On Serum | Deoxyribose, Rosemary, EGF, Caffeine for Fine, Thin Hair | Korean Hair Care, K-Beauty",1732406488217719019,$846.91,Scalp Oil Applicator,1732487042424934450,$645.63,DRMTLGY Concentrated Hand Cream 2 fl oz Fragrance Free Hydrating Hand Treatment,1729437041787310630,$323.31
bkewwwl1507,Beauty & Personal Care,"$80,196.27",Fashion Accessories,"$26,692.31",Micro-Infusion 2 Month Rejuvenating & Brightening Bundle,1730973352148243047,"$22,991.85",NuDerma Clinical High Frequency Wand with Fusion Neon-Argon Applicators Anti-Aging Anti-Acne by Pure Daily Care  Facial Beauty Instrument Facial Beauty Machine Facial Care Tool,1729401883679232365,"$17,989.22",GOO GOO Hair Extensions Clip in Human Hair Natural Straight Remy Hair Easy To Style Soft Clip ins for Women summer hairstyles #tiktokshopbacktoschool #sohochic,1729388698832703923,"$11,092.32","Pony Pop™ Hair Elastic Remover – No Pulling, No Cutting, No Breakage",1732261028008464828,"$7,770.24",[medicube] Body Gommage Exfoliating Pad 8ea for bumpy skin flaky skin body scrub,1731233913351344363,"$7,711.10"
brandie1234,Womenswear & Underwear,"$30,152.55",Menswear & Underwear,"$6,023.64",PrettyGarden Women's Oversized Cardigan Sweater Fall Long Lantern Sleeve Knit Open Front Lightweight Sweater Knitwear Tops,1731208195967717743,"$5,304.59","PinkyMoor Women's Retro Camouflage Cargo Pants, 98% Cotton Baggy Straight-Leg Trousers, Trending Low Rise Streetwear for a Party, Sizes S, M, L, Women's Clothes, Wide Legs, H Type",1729657470747579336,"$4,509.61","Women's Plain Basic Button-Front Drop-Shoulder Fitted Denim Jacket Coats, Casual Fashionable Outerwear Long-Sleeve Collared Pocket Outerwear for Daily Wear, Aesthetic Womenswear",1729589173787988987,"$3,854.68",QUAY - STUDIO SESH Oversized Navigator Sunglasses with Tubular Arms & Metal Bridge Details Black Frame,1731241551990525979,"$2,655.15",Cody James Men's Men&#039;S Pioneer Wash Wyatt Slim Bootcut Stretch Denim Jeans - Cjsu23j83-Ltw,1730596356971991270,"$2,420.66"
brandienicole27,Beauty & Personal Care,"$127,771.52",Womenswear & Underwear,"$39,118.00",On 'Til Dawn Bronze Veil Waterproof Setting Spray,1732455657267630903,"$30,737.53",tarte timeless hydrating foundation & serum foundation brush - full coverage serum foundation + FREE brush,1732289079425471420,"$24,810.71",tarte summer skin essentials - CC color-correcting tinted serum + creaseless setting powder,1732422500087993276,"$16,563.28",The Precision Brightening Set | Soft Focus Under Eye Powder and Brush,1729504703639819641,"$10,976.86","utcoco Women's Sleeveless Denim Bodycon Midi Dress - Casual Wear with Side Slit, Elegant Fit, 2026 Chic Design, Imported, Machine Washable",1732202457133715937,"$9,501.64"
brando23454,Pet Supplies,"$9,543.99",Sports & Outdoor,"$7,698.11","VEVOR Portable Dog Blow Dryer, 2000W/2.7HP Pet Grooming Dryer with Metal Housing, Safe Heating, Quick Drying, Adjustable Speed, Temperature Control, 4 Nozzles, Extendable Hose, Auto Shut-Off, Black (Father's Day Gift Option), Easy To Connect, Safe And Com",1729433235356618926,"$7,447.91","WARSUN T7 EDC Flashlight, Pocket LED Work Light with Magnetic Base & Clip, USB-C Rechargeable, Compact Everyday Carry Tool for Camping, Car Repair and Outdoor Use",1729541227726476256,"$2,419.44",Ridge Tracker Card 2.0 | Apple + Android FindMy Compatible | Credit Card Size Wallet Tracker | AirTag Alternative | Never Lose Your Wallet | Slim EDC Accessory | Works with iPhone | Best Tech Gift,1729496156303627882,"$1,735.38","【SohoChic】 Cozila Elevated Dog Bed for Large Dogs Up to 120lb, Cooling Pet Cot with Breathable Teslin Mesh & Tear-Resistant Waterproof Durable Frame, Easy-to-Clean Raised Pet Mats for Indoor & Outdoor Use",1729536878182371542,"$1,728.95",Dual Rifle Rack-Behind Seat Storage truck rack Universal Automotive Accessories Car Accessory,1732253987157873298,"$1,320.90"
brehyah,Phones & Electronics,"$13,982.64",Food & Beverages,"$1,477.70","JLab JBuds Lux ANC Wireless Bluetooth Noise Cancelling Headphones with Mics, Adjustable Over-Ear Design, Custom EQ, Be Aware Safety Mode, Foldable, Wired Charging Cable, Compatible with iPhone/Android Devices (Tools and Gadgets, Mens Gifts)",1729430076387136161,"$11,472.88",EHPlabs OxyShred Energy Drink | Ready-to-Drink RTD | On-The-Go Energy & Focus Support | Daily Performance Routine | Zero Sugar | Better For You Energy Drink | 12 Pack,1729433039799751674,"$1,477.70","Made4pets Large Freestanding Cat Scratching Post with Condo Design, Cotton-Sisal Rope, Dual Rope Choices, Beige Vertical Scratcher – Cozy Retreat for Pet Play & Rest, Fits Any Home",1731379862791819537,"$1,125.27","JLab Epic Lux Lab Edition ANC Over-Ear Headphones, 32mm Drivers, Adaptive Noise Cancellation, Hi-Res Audio, Bluetooth & Wired Connection, Cable Included, Chargeable, Wireless Charging Dock, Headphone Case, Manufacturer Warranty",1730308689466987169,$928.93,"Gymreapers Women's 3-Pack Infinity Seamless Scrunch Athletic Shorts, High Waistband, Moisture-Wicking, Breathable, Diamond Gusset Crotch, No Front Seam, Squat-Proof, Compression Fit, Stretch, Anti-Chafe Athleisure Sports Shorts for Gym Yoga Training",1729567609661526087,$509.91
bretthayes24,Shoes,$62.76,,,"Unisex PU Leather Medium Width Mule Slippers, Comfortable Breathable Rubber Sole, All-Season Wear, House Slippers",1731762605438046446,$62.76,,,,,,,,,,,,
brittaniehammershop,Food & Beverages,"$3,371.98",Beauty & Personal Care,$50.17,"Farmer Hydrate - Electrolytes Made From Real Fruit, French Salt, & Organic Coconut Water",1731884296251281946,"$2,747.77",Farmer Protein Powder - Third Party Tested,1730763996470809114,$202.17,Farmer Hydrate Single Serve Variety Pack,1732413914727354906,$161.58,Bone Broth Hot Cocoa - 25g Protein & Amino Acids for Gut Health Joints Skin Hair Nails - 20 Servings per Package,1732115365329539610,$108.80,Farmer Hydrate Stick Pack Bag,1732413885355561498,$81.59
brittany.fnp,"Books, Magazines & Audio","$3,589.73",Toys & Hobbies,"$2,418.14",Michael Coloring Book,1732387379775443062,"$3,589.73","Children's Miniature Cooking Set - Safe Pretend Play Kitchen Toys for Toddlers, Kids Toys with Play Kitchen Accessories for Food Making, Gift for Boys & Girls (Includes US Standard Adapter Head)",1732216102089102092,"$1,792.31",ECOFANTASY Kids Travel Tray - Waterproof Carseat Table Top - Car Seat Tray for Toddler - Travel and Road Trip Essentials Kids - Lap Desk with Storage - Best Toddler Christmas Gift - Black Friday Cyber Monday,1729618142199517850,$737.99,"Dreamon Kids Pretend Foot Spa & Nail Kit - Kids Pretend Spa Day Kit for Girls with Mask Foot Bath and Nail Dryer, Manicures Pedicure Toy Kit & Nail Art,  Role Playing Accessories, #backtoschool",1730846339971322454,$348.02,HYZ Women's Pearl Beaded Halter Twist Sleeveless Tie Back Dress A Line Dress,1732160119251832875,$279.93
brittnymarch,Womenswear & Underwear,$640.74,Beauty & Personal Care,$502.66,Scentual Luxury Perfume Oil Ultra-Concentrated Handcrafted in USA 10ml Roller with Vanilla Gourmand Floral Fruity Notes,1731248492514480638,$473.52,DELIMIRA Women's Inbarely Plus Full Coverage Bra No Padded Plus Size Underwire Unlined Seamless Bras,1731378392447357219,$415.18,FeelinGirl Women's Wireless Bra Comfort Bralettes No Underwire Unlined Cami Bra Seamless Tshirt Bras Sports Bra Bralette Basic Comfortable Fit Womenswear Everyday Up to 44DD newarrivals SohoChic,1729532326804361713,$118.51,"Costzon 55""/60"" Trampoline for Toddlers, Kids Toys with No-Gap Jumping Mat, Safety Net, Zippered Door, Galvanized Steel Stable Leg Base, Easy-To-Assemble Indoor/Outdoor Toddler Toys Exercise Gift for Balance Improvement",1729417218020512259,$79.99,FeelinGirl Bodysuit for Women Slimming Bodysuits Snatched Waist Body Suit Shaping Thong Sleeveless Minimalist Skinny Vneck #summervibes,1729463439149863585,$72.07
bryttani_mingo,Beauty & Personal Care,$922.60,Toys & Hobbies,$239.14,"TYMO ROVY COMPACT - 1-Inch Deep Wave Hair Crimper and Curling Wand, Negative-Ionic Ceramic Styling Tool for Smooth Hollywood and Mermaid Waves, Dual Voltage, Lightweight, Anti-Frizz, Travel Friendly,dorm essentials toolupgrade",1729442199827812830,$712.16,"Race Track Car Vehicles Toy Set for Kids - Colorful Cars, Durable Materials, Suitable for Ages 3-4 Years, Non-Toxic, Easy to Assemble",1729392834399671197,$239.14,"Wavytalk Multifunctional Ionic Blow Dryer Kit | 1875W Powerful Dryer, Ceramic Coating Heat Damage Protection, Diffuser, Styling Comb, Lightweight Quiet Hair Tool for All Hairstyles, Multifunctional Hair Dryer, Hair Dryer Kit",1729388492356489368,$139.12,"【Solar Led Lights】COSTWAY 13/15ft Large Patio Umbrella, Extra Large Outdoor Double-Sided Twin Umbrella with Base & 36 LED Lights & Crank Handle for Garden, Deck, Poolside, Patio, 4th of july decor, dad gift",1729441561622713098,$79.99,"Wavytalk Turblow Pro Fast Drying Hair Dryer - 110,000 RPM Brushless Motor | High Speed Fast Drying, Frizz Control & Smoothing, 3 Speeds & 3 Temps, Negative Ions for Against Heat Damage",1729466510849446040,$49.79
btbeautyx,Beauty & Personal Care,"$4,265.20",Furniture,$685.49,"Brightup 5 in 1 Air Styler, Hairstyle, Airwrap, Automatic Hair Curling Iron with Detachable Brush Head, Blow-Dry,Straightening Wrap  Negative Ions Ergonomic Rose Gold,dorm essentials tiktokshopbacktoschool,back to school,back to school haul",1729478886449255048,"$3,208.69","GuruNanda Retainer & Denture Cleaning Pod with UV for Dentures, Retainers, Mouthguards with One Touch Timer Lightweight Daily",1730721120930205959,$381.01,"MyDepot Ergonomic Home Office Chair - High Back Reclining Mesh Task Chair with 360-Degree Swivel Rolling Base, Adjustable Headrest, Pneumatic Height Suits You, Porous Mesh Keeps You Cool (Footrest Optional)",1729550655709549029,$359.25,"Sweetcrispy Cozy Modern Reclining Office Chair - Ergonomic Mesh Back Furniture with Adjustable Height, 360-Degree Swivel Rolling Task Chair, Foot Rest, Adjustable Headrest, Padded Arms, Recline Lock, Office Gift Option (Requires Setup), Weight Limit",1729385482393260168,$326.24,"Desk Fan, Portable USB Rechargeable Fan, 180° Tilt Folding With Power Display, 5 Speeds Adjustable Ultra-quiet Table Fan for Desktop, Home, Travel, Usb Powered Fan",1729465510140482043,$275.96
button.n.bangle,Beauty & Personal Care,"$1,137.64",Pet Supplies,$97.47,"[medicube] Kojic Acid Golden Glow & Radiance Full SET | Turmeric, Niacinamide, Vitamin C, Korean Skincare",1731332437628129515,$213.50,"[NEW] [medicube] Gatekeeping My Real Age Set | 5-step Longevity, Anti- Aging Routine l PDRN & Volufiline & Collagen & NAD+ EGF Complex l Cares for Look of Fine Lines, Firming Care, Radiant & Youthful Looking, Plumping | Korean Skincare, K-Beauty",1732363645554692331,$132.14,"PETLIBRO Automatic Cat Feeder, Refrigerated wet food dispenser with WiFi control, 3 days freshness, 3 timed meals,  quick cooling Feeding",1729470851761017331,$97.47,"[medicube] Smooth & Clear Body Care Set | Hypochlorous Acid Body Peel Shot, Kojic Acid Turmeric Body Wash, Toner Pad, Toner, Mist | Exfoliating for Dead Skin Cells & Excess Sebum & Clearing for After Spots, Texture & Uneven Skin Tone | K-Beauty",1732052189676081387,$73.99,"[NEW] [medicube] PDRN Pink Collagen Jelly Eye Mask | Hydrogel Eye Patches with PDRN, Collagen, NAD | Refreshing for Puffy, Tired Eyes | Firming for Look of Wrinkles, Fine Lines | Korean Skincare (6/28/50 Pairs)",1732397931521020139,$72.54
by.bren2,Kids' Fashion,$896.55,Womenswear & Underwear,$610.09,Hanes Ecosmart Boys' Tank 5-pack Underwear Multi Pack Comfortable Fit Soft Stretch Fabric Breathable Brlta5,1731045157806380004,$896.55,"klassy Ribbed Dainty Boat Neck Brami - Casual Top for Women, Stretchy Fabric, Essential Womenswear",1729532610105348133,$234.14,"Women's Color-Block Patent Leather Pointed Toe Slingback Heels with Bow Detail, Vintage Sweet Chic Multi-Occasion Footwear for Daily Wear, Parties, Dates & Weddings, Shoe",1732017005707694666,$210.30,FAIABLE Men´s Hoodies Unisex Oversized Zip-Up Hoodie for Women Plain Acid Wash Long Sleeve Pullover Basic Minimalist Tops Heavyweight Fleeced Cotton Zipper Hoodie Vintage Casual Menswear Sweatshirts,1729773126172578149,$170.97,Cider Napoleonic Core Peter Pan Collar Houndstooth Button Short Sleeve Blouse Napoleon,1731569923994456151,$93.64
calebrichhh,Beauty & Personal Care,"$8,617.76",Home Supplies,$660.00,"Lumiellé Glass Skin Liquid Exfoliant with Salicylic Acid (BHA) | Pore Minimizing, Skin Resurfacing & Brightening Treatment for Smooth, Clear, Glowing Skin",1729399294440607900,"$4,206.94","[Biodance Official] Rejuvenating Caviar PDRN Serum | Skin-Boosting Serum, Targeted Serum for Loss of Elasticity, Fine Lines, Weakened Skin Barrier, Rough Texture & Radiance, Korea Skincare",1732490035808080650,"$2,371.35","Hinoki Fantôme Magnum - 27oz Candle - Cardamom, Hinoki + Smoked Amber",1729472102088282744,$660.00,"304 Stainless Steel Gua Sha Facial Tools. Comfort Guasha Tool for Face or Body Massage. Relieve Tensions and Reduce Redness Skin Care Tool for Body Treatment, Metal Beauty Essentials mothersdaygift,beachoutfits,travel essentials",1730204030341845076,$570.21,Self-Tanning - Milky Essence,1732314195951063680,$354.69
candidly.betsy,Home Supplies,"$15,317.49",Toys & Hobbies,"$7,669.68","Halloween Cute Scary Ghost Maruko Squishy Squeeze Toy Set - Mini Portable Stress Fidget Item, Squishy Haul Sensory Kids Toy, Unique Whimsical Party Treat Bag Filler & Whimsical Gift, Fidgets",1732478987179168329,"$7,631.85","Halloween Dumpling Stress Relief Toys, 1pcs/3pcs/6pcs with Steamer Storage Boxes,Slow‑rebound maltose squishy toys, ideal for Halloween party gifts, featuring grimace pumpkin and little devil designs",1732534855764971527,"$4,861.74","Halloween Malt Sugar Slow Rebound Squishy Box Set - 8-Pack Stress Relief Fidget Toy Gift Box with Assorted Horror Themes, Ideal for Themed Parties, Birthdays",1732521622061879627,"$2,579.73","Authentic RMS Mystery Squishy Dumpling Surprise Mix 3-Pack – Original CRAZY FUN RMS Mystery Squishy Dumpling Fidget Toys in Sealed Steamer Baskets, Random RMS CRAZY FUN Editions, Duplicates Possible, Rare Dumplings possible, Ages 3+",1732533196074554117,"$1,518.05","Glitter Dumpling Squishy Toy, Colorful Stress Relief Ball, Soft Squeeze Decompression Toy, Stress Relaxation Gift for Adults",1732411755099230793,$717.51
carlosesparza,Menswear & Underwear,"$3,147.78",Fashion Accessories,"$1,158.68","AELFRIC EDEN Men's Gothic Streetwear Baggy Sweatpants - Barrel Leg Athleisure Joggers with Blade Graphic Print, Drawstring Waist, Vintage Men's Clothing for Gothic Street Look (Blade Graphic Adds Edge)",1732253469021737570,"$1,019.47","1 PC Original S-Type Closed Zinc Alloy Keychain Accessory, High-End Metal Bag Pendant Accessory",1732145970139599644,$608.95,"Aelfric Eden Patchwork Distressed Baggy Wide-Leg Jeans with Pockets Soft Denim Casual Streetwear Vintage Y2K Pantstressed Pants,clothes for back to school,first day of school outfits",1731311857230516834,$371.62,"Y2K Trendy Chain Necklace Adjustable Chunky Chains Jewelry Retro Fashion Statement 17.7 Inch Chain with 2 Inch Extender Premium Quality Beaded Design Perfect Gift, Chunky Necklaces, Accessories, Streetwear Necklaces",1731158960335393748,$293.13,"AIRHAS Men's Barefoot Shoes Zero Drop Wide Toe Box Minimalist Slip-on Gym Shoes for Men Deadlift Cross Training Sneakers #Outdoorfun #TikTokShopBlackFriday #SummerVibes#TikTokShopDealsforYouDays,shoes for back to school,back to school shoes",1729572383560732677,$273.93
carlymanninggg,Beauty & Personal Care,$642.05,,,tarte Big Stick Energy duo – shape tape concealer stick & brush,1730956811325510588,$290.48,"tarte BB blur tinted moisturizer SPF 30 - instantly brightens, hydrates & smooths your skin",1729584174847071164,$228.64,tarte colored clay CC undereye corrector,1729734769623929788,$49.00,On 'Til Dawn Bronze Veil Waterproof Setting Spray,1732455657267630903,$39.95,DR.DENT Purple Mouthwash - Sachets 20 Pack - Peroxide-Free - Alcohol Free - Vegan Mint,1732294339991933438,$33.98
caro_manning,Phones & Electronics,"$31,472.06",Beauty & Personal Care,"$13,399.16","SHOKZ OpenRun Open-Ear Bluetooth Bone Conduction Sport Headphones - Electronic Audio Device, Waterproof Wireless Headphones with Built-in Mic for Workouts, Running, Sweat Resistance, Running Wireless Headset",1729658080504484442,"$18,681.45","SHOKZ OpenRun Pro 2 High Quality Headphones - Open Ear Earphones with Bone Conduction Tech, Sweat-Resistant Sports Headset for Workouts, Deep Bass Audio & Smart Mic, Gym,back to school,back to school haul",1729658353063203418,"$8,919.07","tarte BB blur tinted moisturizer SPF 30 - instantly brightens, hydrates & smooths your skin",1729584174847071164,"$6,810.01",tarte colored clay CC undereye corrector,1729734769623929788,"$4,391.82",JLab GO Sport+ True Wireless Earbuds with Integrated Charging Case 35+ Hour Playtime 3 EQ Sound Settings IPX4 Bluetooth 5.3 Cable Rechargeable Headphones Audio - Electronic,1729397398907556513,"$1,718.75"
carringtonchronicles,Beauty & Personal Care,$281.73,,,NuDerma Professional High Frequency Wand by Pure Daily Care with Argon & Neon Applicators Anti-Aging and Anti-Acne Beauty Instrument Facial Tools,1729401883758137709,$74.28,Her Fantasy Box - Boric Acid pH Balancing Vaginal Suppository (30 Count),1731105378213794694,$67.55,"KimChi Chic Beauty Giant Puff Puff Pass Set & Bake Powder - 80g Loose Setting Powder, Oil Absorbing, Rice Powder, Vitamin E",1729397392476771174,$42.00,"TYMO CURLPRO Automatic Hair Curler - Multifunctional Styler, Curling Irons with Negative-Ion Ceramic Coating, Anti-Jam Chip, 1-Tap Auto-Rotating Barrel, Dual Temp, Timer, Swivel Cord, Anti-Tangle, Travel-Friendly Bouncy Curls Gift for Women toolupgrade, G",1729694858435465694,$39.99,Color Correcting Green Cream,1729450328983703644,$39.56
cassycass00,Beauty & Personal Care,"$53,366.71",Menswear & Underwear,"$6,597.00",tarte summer skin essentials - CC color-correcting tinted serum + creaseless setting powder,1732422500087993276,"$24,534.32","Gywwn Electric Ear Cleaning Kit for Adults - Rechargeable Earwax Removal Tool with 2-in-1 Built-in Waste Tank, 4 Pressure Settings, IP67 Waterproof Rating, 3 Nozzles, Back to School Beauty & Personal Care Item, Non-Medical",1731065506959561622,"$20,672.28",Mystery Item!,1732530553560994257,"$5,911.22","[ELROEL Official Store] ELROEL Blanc Cover Cream Stick V White - Korean Color-Changing Foundation Stick with Volufiline - Medium to Full Coverage Dewy Finish Base Makeup - Dual-Ended with Detachable Brush (13g, 0.04 oz)",1732244344172417451,"$3,161.47","Vtopmart Multiple Packs Rectangle Storage Set (2-6 Pack, 4.5 Qt) with Handle & Snap-Tight Latch Lid, Holds Full Board Sets with Ease, Classic Home Organizer for 12""x12"" Papers, Stackable for Art Supplies",1732387465896694342,"$2,729.57"
cassymedwards_,Beauty & Personal Care,"$20,044.76",Womenswear & Underwear,$42.50,tarte sculpt tape & blush tape duo - blush and bronzer,1729417067781002172,"$3,891.58","COVERGIRL TruBlend Skin Enhancer Baked Luminous Finishing Powder, Blurring Face Powder with Hyaluronic Acid",1732356199721439998,"$3,739.37",tarte smolderEYES shadow liner duo,1731479846982685628,"$3,615.21",tarte shape tape dab & go hair concealer,1732404473502667708,$915.49,tarte quick stick double-ended shadow liner trio,1732387343493403580,$898.76
cheerockafellaa,Fashion Accessories,"$2,236.10",Womenswear & Underwear,$220.23,Tahikie 99J Burgundy Colored 200% Density Deep Wave 13x6 Full Frontal HD Lace Front Curly Wave FB30 Highlight /Natural Black Human Hair Wigs For Women TikTokShopBlackFriday#SummerWins #DealsForYouDays#TikTokShopBackToSchool#SohoChic,1729438956644831236,$935.69,【Hot Sale】VIPbeauty Half Wig Human Hair 200 Density Burmese Curly Half Wig Spiral Curly Ends 3 In 1 Seamless Flip Over Glueless Wigs Human Hair with Drawstring Beginner Friendly Curly Wig Headband Wig for Women Daily Wear,1730723192437445202,$794.18,Jessie's Wig [Julia] 13X5 Highlight Honey Blonde Pre Cut Lace Front Wig With Bangs Black Color Brown Color  Human Hair Lace Front Wigs  #SummerWins #DealsForYouDays,1729387107472085547,$371.98,FeelinGirl Women V Neck Bodysuit Thong Shapewear Basic Fabric Fashion Womenswear Vneck Body Sculpting Garment  newarrivals SohoChic,1729386653759476209,$188.74,Straight 13x6 Lace Front Wigs Human Hair for Women 180% Pre Plucked Straight & Body Wave HD Lace Frontal Wigs Natural Black Color Medium Cap Size 22.5inch Glueless Wig,1731565010075292117,$123.15
chelsleebmoney,Phones & Electronics,"$18,118.19",Beauty & Personal Care,"$10,483.41","SHOKZ OpenRun Pro 2 High Quality Headphones - Open Ear Earphones with Bone Conduction Tech, Sweat-Resistant Sports Headset for Workouts, Deep Bass Audio & Smart Mic, Gym,back to school,back to school haul",1729658353063203418,"$11,180.27","Disney Sunny Side Up Marvel Spidey & His Amazing Friends Throw Blanket, Soft Kids' Throw Blankets for Bedding",1731636411001573839,"$3,082.08","JLab JBuds Lux ANC Wireless Bluetooth Noise Cancelling Headphones with Mics, Adjustable Over-Ear Design, Custom EQ, Be Aware Safety Mode, Foldable, Wired Charging Cable, Compatible with iPhone/Android Devices (Tools and Gadgets, Mens Gifts)",1729430076387136161,"$2,986.11","[sohochic]HARPPA Baby Stroller Wagon, Lightweight Folding Adjustable 2-Seat/4-Seat Travel Stroller, Canopy, Push-Pull Handle, EVA Foam All-Terrain Wheel, Large Storage, Outdoor/Camping Use, Lightweight Travel Stroller, Adjustable Stroller",1731422535267553462,"$2,391.03","YITAHOME 1/2 pcs Raised Garden Bed Kit, with Gloves & Tension Bar, Outdoor Patio Planter Box for Plants Vegetables Flowers",1732253056543723696,"$2,141.94"
christinaliddo,Womenswear & Underwear,$530.00,Textiles & Soft Furnishings,$392.01,"IM HOME Waffle Bath Mat Rugs 1/2/3 Piece, Boho Woven Modern Carpet, Absorbent Bathroom Rugs, Soft Washable Bath Rugs with Tassels for Bathroom, Bedroom, Kitchen, Shower, Tub",1732358581129417659,$194.24,SOJOS Polarized Narrow Square Cateye Sunglasses for Women Retro Trendy Driving Glasses,1729457314765902168,$185.09,"Comfort Colors 90s Bears Halloween Shirt, Trick or Treat Tee, Haunted House Graphic T-Shirt, Pumpkin Lover Spooky Season Gift",1732482339623899522,$165.56,"CPC 100% Cotton Piping Throw Pillow Covers, 18x18 in Bohemian Meadow Floral Prints with Hidden Zipper, Room Decor House Decor for Couch Living Room, Natural Beauty Boho Cushion Covers Gift for Easter",1732402840922394963,$89.97,Bio Ionic Long Barrel Curling Iron Styler with Adjustable Comfort Settings,1729487889306981249,$85.49
christylong40,Beauty & Personal Care,"$18,115.39",Home Supplies,"$8,026.03",Lenox 6-Piece Sparkle & Scroll Ornament Set,1731869840880079815,"$4,414.95",10 Strawberry Street Platter Merry Morsels Platter,1732099737067295687,"$3,578.54",SKINN Cosmetics DermAppeal Microdermabrasion BeautyTreatment w/ V5 Crystal Technology Facial Exfoliate Tube - Powerful Microdermabrasion Skincare Treatment for All Skin Types Brightening Exfoliating Moisturizing Chemical Exfoliant,1729440536764911793,"$3,098.20",GOPURE Sculpt & Tone Arm Cream with 7% ProTight Firming Complex & Ashwagandha Root Extract Daily Hydrating Moisturizer for Loose Skin Repair,1729627852169646489,"$2,006.27","GOPURE Firming Butt & Thigh Cream - Nourishing Hydrating Bodybutter for Stretch Marks & Dimpled Texture - Clinically Tested, Dermatologist Recommended, Cruelty-Free",1730896729453531545,"$1,906.06"
colleen_fusco,Beauty & Personal Care,"$18,299.74",Womenswear & Underwear,"$1,253.65","[NEW] Fluff & Snatch Brow Powder Pen, 24H Wear, Cream To Powder Eyebrow, Transfer-Resistant Formula, NYX Professional Makeup",1732313729432392008,"$3,646.69","[NEW]:  Peel Off Liner Lip Stain, Up to 24H, Tattoo-like Wear, Maybelline New York",1732356123453198994,"$2,316.98",BellaVita Luxury Colleen Perfume - Eau de Parfum 100ml - In Your Element with Colleen Highly Fragrant Daily Summer Fragrance,1732253917108081590,"$2,149.05",sacheu Lip Liner STAY-N - Peel-Off Lip Liner Stain - All Day & Night Lip Liner with Hyaluronic Acid & Vitamin E - Long Lasting Formula - 0.12 fl oz / 3.5 ml,1729385088934777631,"$1,779.12",Soft Pinch Lip Oil Stick,1732457042637722153,"$1,287.94"
creatorsalley,Home Improvement,$694.32,Health,$104.71,"6×4 FT Waterproof Plastic Storage Shed with Floor, Lockable Door, Window & Sloped Roof, Easy to Assemble Outdoor Organizer for Tools, Bikes and Lawn Mowers",1732430690828522073,$399.99,"BAYSQUIRREL 42"" Retractable Acrylic Blades RGB LED Crystal Ceiling Fan with Colorful Lights - Remote/APP Control, Bluetooth Music Speaker, 6-Speed Surround RGB Mood Lighting, Neon Colors & Sound Effects, Indoor Decor Fixture for Bedroom, Home Gatherings",1731142680112894673,$294.33,"Raybee Furniture 57""H 16 Drawer White Dresser with Wooden Top, Modern Tall Dresser for Bedroom & Chests of Drawers, Large Capacity Storage Cabinets for Bedrooms, Living Room, Entryways",1729436108344758810,$82.51,"30 Inch Long Claw in Ponytail Extension, Natural Fluffy Loose Wavy Wave Synthetic Extensions, Synthetic Hairpiece for Daily & Party Use, Wavy Ponytailwig Hairstyle, Hair Weave Wig, Loose Wave Bundles",1730889499626148144,$60.82,"Salud x Jarritos 2-in-1 [Hydration & Immunity - Mandarin] Electrolytes Powder, Agua Fresca Drink Mix, Elderberry, Dairy & Soy Free, Non-GMO, Gluten Free, Vegan, 1g Sugar (15 Servings)",1731359933473657834,$43.02
deniece0110,Womenswear & Underwear,"$141,164.50",Shoes,"$50,329.37","Women's Striped/rhombus/leaf/dot Cloud Handbag, Clip Closure Crossbody Bag, Lightweight Foldable for Daily Use, Gifts for Friends and Valentine's Day",1732227985172828427,"$36,715.99",YeeZaa Women's Gingham Plaid Jacket Cropped Zip Up Stand Collar Oversized Jackets with Batwing Sleeves Loose Casual Lightweight Coats 2026 Fall Outfit with Pockets Back to School First Day Outfit,1732532186273648684,"$17,494.55","Blowfish Malibu Women's Venice 2 Classic Minimalist Faux Leather Block Heel Fashion Boot - Stylish Walking Footwear with Decor Accents, Heels",1732425400994468545,"$15,917.82",Tanming  Womens Linen Pants Casual Capri Baggy Wide Leg Trousers Palazzo Pants Beach Vacation Fall Outfits,1732454056617349267,"$15,038.07",YeeZaa Rollneck Knitted Sweater for Women 2026  Fashion Fall Winter Casual Soft Chunky Cotton Long Sleeve  Crochet Knit Oversized Crewneck Pullover Top Transitional Fall Look Office Outfit,1732493923192246316,"$14,748.11"
diaryofamaterialgurl,Fashion Accessories,"$3,684.27",Beauty & Personal Care,$533.62,14K Gold 2 Rings And 1 Earrings,1732595278516031824,"$3,492.93","Athlefit Women's Wedge Sandals, Dressy Square Toe Thong Slip On Flip Flops with a Cushioned Low 2.4-Inch Heel for Summer Parties, Black Sandal, Flipflop, Casual Outdoor Sandals tiktokshopbacktoschool,back to school,back to school haul",1732218838576042516,$228.17,Studs Marquise Dangle Connector Chain,1732396824986555056,$168.77,"MANSCAPED® The Dome Shaver™ PRO Head Shaver for Bald Men – Five Rotary Blade Design with SkinSafe® & FlexAdjust Technology for Smooth Shave, Waterproof, USB-C & Wireless Charging Compatible with Travel Lock",1729566362829033702,$107.99,AOA Dewy Blend Foundation,1729484640410439825,$106.93
digitaljinxy,Beauty & Personal Care,"$429,327.51",Home Supplies,"$12,560.57","Bella Vita Luxury's Honey Oud | Eau de Parfum 100ml (3.4 fl oz) | Patchouli, Vanilla, Bergamot | Floral & Spicy | Made with Clean & Vegan Essentials Oils | Cruelty Free Fragrance Perfume",1729413742968869814,"$285,741.86","BellaVita Luxury's CEO Man Eau De Parfum 100ml (3.38 Fl.oz) | Lemon, Lavender, Tonka & Agarwood | Long Lasting Perfume for Men | Vegan Perfume | Perfect Gift for Men",1729413705690223542,"$40,941.19",Voyage Nova | Rosey Fruity Floral | Extrait De Parfum 50ml/100ml | Long Lasting Luxury Fragrance | Daily women's perfume Alluring Summervibes sohochic,1732263142232921043,"$37,895.20",Bellavita Luxury White Oud Eau De Parfum 100ML | Elegant Unisex Perfume for Women & Men | Fresh Spicy Oud Fragrance | Long Lasting Luxury Scent | Women Perfume Gift Set,1729413119628710838,"$18,595.39","Bellavita Luxury Honey Oud Intense Eau De Parfum | Long-Lasting Unisex Perfume | 100 ml | Honey, Oud, Vanilla & Amber Fragrance | Rich Oriental Woody Perfume for Men & Women",1732467470293570486,"$14,270.76"
dinakxoxo,Sports & Outdoor,"$71,284.69",Womenswear & Underwear,"$3,604.85",Halara One Shoulder Long Sleeve Thumb Hole Curved Hem High Low Quick Dry Yoga Sports Top-Built-in Bra,1731918375289458980,"$63,238.88",Halara One Shoulder Long Sleeve Thumb Hole Ruched Yoga Sports Top #BackToSchool,1731821865584398628,"$5,705.37",〖Summer Vibes〗3/6 PCS Retro Oval Sunglasses for Women Chic Cat Eye 90s Sunnies Lightweight Narrow Shades Trendy UV Protection Sunglasses Vintage Rich Girl Sunglasses Women Sunglasseswomen,1731169892210610297,"$1,426.02","Squishy Cheese Block - Yellow, moldable fidget Toy with Squeeze Feature, Ideal for Play and Relaxation Giant Cheese Squishy Moldable Non-Rebound & Slow Rebound Fidget Toy| Viral ASMR Stress Ball Glutinous",1732443188156207689,"$1,336.19","Butter Slow Rising Squishy Toy - Soft Handheld Size Fidget Sensory Squishies, Whimsical Gift for Party Bags-Festive Home Supplies, Stress Relief Decompression Toy",1732514573513363935,"$1,054.82"
ellencherry_,Womenswear & Underwear,"$8,971.65",Menswear & Underwear,"$1,274.16",Cicy Bell Womens Summer Oversized Button Down Shirts Half Sleeve V Neck Business Casual High Low Tops Loose Fit Blouses,1732357818255184239,"$2,589.85","3 pack sports shorts, breathable running exercise, workouts, and everyday casual Seven quarter pants",1729482331289785797,"$1,235.17",Tanming  Womens Linen Pants Casual Capri Baggy Wide Leg Trousers Palazzo Pants Beach Vacation Fall Outfits,1732454056617349267,$947.96,"utcoco Barrel Jeans Women 2026  Y2k Patchwork Baggy Boyfriend Denim Pants,back to school shopping,clothes for back to school,first day of school outfits",1732429401698701793,$804.68,"Inno Mint Women's High-Waisted BBL Effect Booty Lifting Shorts - 4-Way Stretchy Nylon Spandex, Stretch Waist, Figure-Flattering for Gym Workouts, Driving/OOTD Active Wear, Stretch Waist Shorts",1732309284824846435,$676.76
emileys.drafts,Beauty & Personal Care,"$1,822.58",Sports & Outdoor,$40.96,"Soft by Al-Rehab EDP Spray, 35ml",1729409282815661014,$612.16,"Lattafa Yara Women's Perfume, 3.4oz(100ml) Oriental Mix Fragrance, Fresh Long-Lasting Perfumes for Women with Tropical, Fruity & Vanilla Bean Notes, Fragrances",1729392338954654602,$369.31,NuDerma Clinical High Frequency Wand with Fusion Neon-Argon Applicators Anti-Aging Anti-Acne by Pure Daily Care  Facial Beauty Instrument Facial Beauty Machine Facial Care Tool,1729401883679232365,$99.99,NuDerma Professional High Frequency Wand by Pure Daily Care with Argon & Neon Applicators Anti-Aging and Anti-Acne Beauty Instrument Facial Tools,1729401883758137709,$80.95,"Curvlife 20ml Nail Glue Remover – Gentle Non-Acetone Formula for Press-On Nails, Soft Gel, Nail Tips | Precise Pinpoint Dropper | Quick Dissolve, No Damage, Easy Removal at Home or Salon Healthy Marker Pen Stains Efficient Polish Manicure",1731187557237101108,$77.77
errrcat,Womenswear & Underwear,"$137,081.64",Beauty & Personal Care,$424.42,Lacsper Daisy Floral Lace Minimizer Bra Unlined Unpadded Full Coverage Plus Size Underwire Breathable Mesh Cup Comfort Support for Women,1731589895165612280,"$48,952.69",Lacsper Daisy Floral Lace Comfort Bra Plus Size Minimizer Full Coverage Underwire Supportive Under Band Non-Padded Unlined,1729488258047710456,"$12,616.75",HSIA Mermaid Scales Sexy Lace Plus Size Unlined Underwire Bra for Women Full Coverage Minimizer Bra Lifting Daily Large Bust Bras Lightweight Breathable Comfort Back Smoothing Bra,1729413206647607494,"$10,326.46",HSIA Enchante Floral Lace Plus Size Underwire Unlined Unpadded Minimizer Full Coverage Bra Women's Wear Comfortable Breathable Mesh Cup,1729416814995542214,"$6,646.26",HSIA Seraphina Air Light Breathable Sheer Mesh Halter Bra Plus Size Summer Unlined Full Coverage Bra Underwire Support Non Padded Bra Lightweight Convertible Multiway 5-Way Wear Front Adjustable Detachable Straps Comfort Everyday Womenswear,1731847863188230342,"$6,113.98"
everydayaudur,Textiles & Soft Furnishings,$735.19,Computers & Office Equipment,$347.68,Zulay Kitchen Cozy Throw Blanket for Lounging with Gift Box,1729408004716859453,$695.20,"TIMETOME Reusable Grooved Handwriting Workbook for Kids, Learning Materials, 6 Books–Early Elementary, Covers Math, Words, Drawing –Gift for Children Preschool Alphabet Tool Classroom Supplies，summer learning workbook,back to school,back to school haul",1731199102360326543,$282.72,"SNOWY Sticky Inserts - Instant Lift & Boost, Washable & Reusable, Outfit Enhancer",1729420460993712801,$266.00,"Timetome Reusable Grooved Handwriting Workbook Set (6 Books, 10.2×7.2 inches, 5 Auto-Disappearing Refills) - Kids' Early Elementary Study Materials for Number, Alphabet, Math, Words, Drawing - Child Gift, Magic Ink,back to school,back to school haul",1729556260011413903,$64.96,"Musky Musk, Dossier, Women, 50ml-100ml, Eau De Parfum, Musk",1729436417962316512,$64.79
ez.influence,Beauty & Personal Care,$246.64,Womenswear & Underwear,$66.55,"[KNEMO Official] LipLock Duo - Vegan Rose PDRN, Carrot Collagen, & Pillow Peptides - Long Lasting Hydrating Plumping Glossy Mask - 15 mL in Peach Muse, Grape Crush, Pink Flan, Crystal Clear",1731320855693791687,$129.43,Honeylove SuperPower Short - Level 5 Maximum Compression Shapewear,1732150410088911260,$66.55,Viking Revolution Beard Filling Pen 2-Pack with Brush Waterproof Long-Lasting for Men Includes 4 Replacement Tips Black Brown Light Reddish Brown,1730764087641150064,$48.95,tarte colored clay CC undereye corrector,1729734769623929788,$27.20,"Ceramide Ato 6.0 Top-to-Toe Bodywash - Fragrance-Free, Baby-Safe, Intimate Care Safe, Gentle Sensitive, Vegan Certified, Premium Body Wash, Barrier Repair, Low Acidic pH, Eczema-Prone Adults 16.9 fl oz (500ml) Cleansing Shampoo",1732328275479466335,$26.99
findingbestdeals,Beauty & Personal Care,"$25,799.51",Computers & Office Equipment,"$1,612.71",Lassi Lips Matte Blur Lip Stain,1732525382627726132,"$7,069.05",BellaVita Luxury's Too Sweet Too Sexy | 2x100ml Perfumes | Honey Oud & White Oud | Perfume for Men & Women | Long Lasting | Eau De Parfum | Super Brand Day Exclusive,1729914551358952374,"$5,110.44","Lassi Lips Staining Lip Oil - Up to 8hr Wear, Transfer-proof, No Peeling or Wiping Off, Ultra-comfortable, No Flaking or Feathering with Vitamin E & Mango Seed Oil",1729607961691853620,"$2,651.50",Bellavita Luxury White Oud Eau De Parfum 100ML | Elegant Unisex Perfume for Women & Men | Fresh Spicy Oud Fragrance | Long Lasting Luxury Scent | Women Perfume Gift Set,1729413119628710838,"$1,824.25","One Minute with God for WoMen, 365 Days Devotional Journal, Portable Daily Reflections NoteBook, Perfect Gift for Holidays Birthdays Christmas New Year, Self Improvement Journal,back to school,back to school haul",1732305631704224354,"$1,612.71"
foodfashionfun12,Food & Beverages,"$3,871.72",Beauty & Personal Care,$723.89,6 Pack - Drizzilicious Lemon Cake Mini Rice Cakes - New Flavor,1732273380351316759,$497.92,Fluffy Friends Dogs Pooping Puzzle,1732330556846805023,$469.60,Chill AF by Addison Rae for Women - 1 oz EDP Spray,1729398540688659036,$247.64,Daily Hydration Glass Bottle,1729507512389243913,$244.74,"25/50 Pcs Halloween Goodie Bags Plastic Candy Gift Bags with Handle Pumpkin Cauldron Ghost Pattern Transparent Trick or Treat Bags for Teacher Students Office Employee Coworker,Halloween Birthday Party Favor",1732048336659452650,$244.05
gabbrieluh,Textiles & Soft Furnishings,"$3,706.17",Womenswear & Underwear,"$1,225.65","Amoami Floral Vintage Pattern Area Rug - Soft, Lightweight, Non-Slip TPR Backing, Machine Washable Indoor Rug for Bedroom, Living Room Home Decor, Rugs For Bedroom",1732390933638385994,"$3,672.62","Foldable Stone Bath Mat Super Absorbent Diatomaceous Earth Mats Non-Slip 23.6 x 15.5 Inch Quick Drying Mat Compact Easy to Store Grey - Pad, Light, #SummerVibes",1729496554588247125,$354.88,"Derma Roller for Face, Beard, and Hair, Titanium Needles - Ideal for Personal Skincare and Hair Care, Suitable for Men and Women Comfort Dermaroller",1729581040733622489,$321.21,Ommig Women's Parachute Wideleg Pants Baggy Y2K Elastic Waist Wide Leg Track Pants Trousers Casual,1729585507777548858,$312.53,"6-In-1 Durable Bamboo Kitchen Drawer Organizer with Cutter - Bag Organizer for Gal, Qt, Sandwich, Snack Bags, Plastic Wrap, Foil, Drawer-Ready Order Holder",1732445029302505779,$286.00
grayson.finks,Womenswear & Underwear,"$43,248.63",Luggage & Bags,"$41,506.11","Women's Striped/rhombus/leaf/dot Cloud Handbag, Clip Closure Crossbody Bag, Lightweight Foldable for Daily Use, Gifts for Friends and Valentine's Day",1732227985172828427,"$41,247.27",LikeMyChoice Boho Short-Sleeve Shirt & Wide-Leg Pants Luxury Resort Wear 2-Piece Outfit Satin Fabric Women's Lounge Set for Vacation Vibe Clothes Suits,1732364275747950749,"$6,773.42","Women Vintage Camo Print Drawstring Waist Capri Cargo Bermuda Shorts, Multi Flap Side Pocket Loose Baggy Calf Length Utility Cropped Pants, Adjustable Ankle Tie Cuff Wide Leg Camouflage",1732455339904897293,"$5,324.76",SCUSTY Women’s Lightweight Fleece Pullover Jacket Cropped Fall Winter Fuzzy Sherpa Jacket Sweatshirt Coat with Pockets,1729630973397078259,"$2,946.06",Women’s V Neck Poncho Tops Batwing Sleeve Solid Color Loose Fit T-Shirts Blouses,1731080116594839788,"$2,923.93"
hanaisfinechina,Womenswear & Underwear,"$60,310.64",Beauty & Personal Care,"$4,287.42",LUCKMEEY Womens Strapless Front Closure Bra Push Up Lift Bra Padded Add Cup Non Slip  Anti-Slip Grip & Removable Straps Fit Outfits Wireless Supportive  Seamless Comfortable#tiktokshopbacktoschool#sohochic,1732282937141662165,"$44,819.81",BOOMBA Magic Padded Sticky Bra - Patented Sticky Fashion Bra Inserts,1729459877607019435,"$3,375.22",tarte colored clay CC undereye corrector,1729734769623929788,"$3,149.05",LUCKMEEY Womens Strapless Front Closure Bra Push Up Lift Bra Padded Add Cup Non Slip Anti-Slip Grip Wireless Supportive  Seamless Comfortable Tube Jelly Bra A B C Cup Spandex#tiktokshopbacktoschool#sohochic,1732453577414382037,"$2,323.28","Comfortable Breathable Women's Low Waist Thongs, Low Rise Underwear, 7/12/16/21 Pack, Daily Casual Underwear, Casual Fitted Underwear, Plain Pattern, All Seasons, Casual Comfy Panties, Breathable Panty",1729619782475289214,"$2,276.06"
happyhealthyabbie,Home Supplies,$369.90,Kitchenware,$115.70,"Sima Japanese Hexagon Weave Silver Ion Antibacterial Back Loofah - 47in Bamboo Charcoal Fiber Shower Towel, 2-Level Exfoliate Body Scrubber, Lathering Cleaning Sponge for Deep Clean, Smooth Skin (All Skin Types)",1729444042329723095,$369.90,Brooklyn Brownie Baking Pan,1729491522968851142,$115.70,She’s Thirsty Trio Bundle - Legendairy Milk - Coconut Water Electrolytes Mix - No Sugar Added - 3-Pack - Hydration,1729654813919973620,$64.39,【Creator’s Pick】Halara UltraSculpt High Waisted Tummy Control Pocket Shaping Training Leggings #BackToSchool,1729406821413261604,$48.77,Liquid I.V. Sugar-Free Hydration Multiplier - Strawberry Watermelon - Hydration Powder Packets | Electrolyte Powder Drink Mix | Convenient Single-Serving Sticks | 8 Vitamins & Nutrients | 1 Pack (14 Servings),1731555534205259991,$36.01
hayleyyrichardson,Furniture,$117.84,Womenswear & Underwear,$62.31,"Modern Criss Cross Armless Ergonomic Chair - Wide Swivel Seat, Adjustable Height, No Wheels, Cross Legged Design, Home Office Desk Use, Ideal Christmas Gift",1731192577614058154,$117.84,Werewolf High School Doll Costume And Wig Set,1729586161668821850,$62.31,,,,,,,,,
heyimdanizzo,Toys & Hobbies,$10.78,,,"Shut The Box Dice Game,2-4 Player Family Wooden Board Table Math Games for Adults and Kids, 8 Dices Classics Tabletop Version Games for Classroom,Home,Party or Pub, Durable, Game Set",1729498919190369153,$10.78,,,,,,,,,,,,
hkapproved,Beauty & Personal Care,"$25,442.80",Womenswear & Underwear,"$20,550.48",Comfrt | Cloud Zip Hoodie - Mega | Soft Mega Oversized Zip Up Hoodie For Men & Women,1729417808759264131,"$14,186.37","Nello Superbalance Hormonal Support Drink Mix, 20 Travel Packets, SRI-81 Shatavari, Myo-Inositol, Rhodiola Rosea, Vitamin C, Magnesium, Theobromine, Vitamin B6/C",1729499864890250680,"$7,363.40","[medicube] 3-Step At-Home Spa Set - Pink / Beige ㅣMini Booster Pro Plus + Booster Facial Cleansing Device Head + Booster Face Roller HeadㅣK-beauty Facial Device for deep gentle cleansing, plump-looking appearance, puffiness, skin relaxion",1732271980883185899,"$6,327.00",Sand Cloud | Cover Up,1732266221280202934,"$4,886.32","[Beauty of Joseon Official] Daily Tinted Fluid Sunscreen 50mL | OTC Certified, SPF, Broad Spectrum Protection, Mineral based Sunscreen, Makeup",1730890891608691121,"$4,564.05"
hleigh74,Womenswear & Underwear,"$10,876.74",Luggage & Bags,"$2,344.65","Tacvasen Women's Basic Cardigan Sweater, Lightweight Fitted Solid Knit Zip-Up with Crew Neck and Longsleeves,back to school,back to school shopping, Knitwear, Piece,clothes for back to school,first day of school outfits",1732194110400270350,"$2,470.65",Wenrine Women's Summer Mini Dress Casual Short Puff Sleeve V Neck Color Block Loose Beach A Line Dresses with Pockets,1729478358881703700,"$1,881.82",Halara Flex™ High Waisted Back Side Pocket Slight Flare Work Pants #BackToSchool,1730610175817126015,"$1,605.75",Flamingals Wash Pleated Roll Hem High Rise Straight Leg Jeans Womenswear,1732439443459641429,"$1,348.46","Women's TOTEME Italian-Made 2026 New Lightweight Single-Shoulder Bag, Soft Commuter Tote with Adjustable Shoulder Strap, Detachable Waist Belt, Cotton Lining",1732450361842832006,"$1,055.68"
honestamandafinds,Furniture,"$34,102.58",Household Appliances,"$6,093.25","【Back to school】Dowinx Big and Tall Office Chair with Pocket Spring Cushion,High Back Computer Gaming Chairs with Linkage Armrests,Executive Desk Chairs with Footrest,PU Leather",1732199719185846685,"$27,950.54","Rechargeable Mesh Nebulizer, Portable Cordless Handheld Mist Device with Auto-Cleaning, Whisper-Quiet Operation, LED Interface & USB-C Charging for Adults & Kids (USB Rechargeable Portable Nebulizers for Personal Care)",1732030002800857779,"$3,060.85","【Deal】Sweetcrispy Ergonomic Mid-Back Mesh Office Desk Chair - Larger Seat, Height-Adjustable Swivel Task Chair with Lumbar Support and Armrests",1729410623605084883,"$2,724.59",Golden Girls Forever: An Unauthorized Look Behind the Lanai by Jim Colucci [Hardback Book],1729474899284955534,"$2,070.98","FEPPO Vacuum Steamer for Clothes, Handheld Garment Steamer with Suction, 2-in-1 Steam & Iron, LED Display, Adjustable Suction & Steam Modes, One-Hand Vacuum Steamer for Home (For 110-120V),back to school,back to school haul",1729489286334944993,"$1,603.92"
honeyquiche,Womenswear & Underwear,"$843,542.72",Beauty & Personal Care,$17.55,Eleplus 3 Pieces Lightly Lined Wireless Bras for Women Comfy Plunge T Shirt Bra Pack Style Womenswear for Everyday & Bridal Events #SummerVibes,1731831726131155211,"$190,308.91",OEAK Womens Jelly Bras Wireless Comfortable Soft Push Up Bralettes Seamless Tshirts Bras Deep V Everyday Bras,1729714461980332262,"$89,783.01",DOBREVA Women's Unlined Balconette Bra No Padded Underwire Supportive Plus Size Smooth Scoop Neck,1731395246467027235,"$83,116.54",INLYRIC Women's Teardrop Push Up Bra Padded Supportive Underwire Add 1 Cup Seamless Tshirt Sexy Lift Up Plunge Bras Fit Foam Elastic Smooth Straps Womenswear,1732293573760028912,"$78,278.51",OEAK Women Jelly Bras Wirefree Full Coverage No Underwire Everyday Bras Comfortable Wireless Padded Tshirt Bra,1731406217255686451,"$59,543.08"
iamashleyyancy,Shoes,$422.65,Sports & Outdoor,$67.09,AZALEA WANG HALINA BLACK SNAKE THIGH HIGH BOOT,1731586314527412483,$312.75,AZALEA WANG HALINA BURGUNDY CROC STILETTO BOOT,1731586436893479171,$109.90,"Aleumdr Women's 1-Piece Ruffled Cutout Swimdress - Tummy Control V-Neck Wrap Stylish Swimsuit, Ruched Stretch Fabric Swimwear, Bathing Suit for Beach Vacation Summer Sports",1730138223027655054,$67.09,COLDEST 46oz Limitless Ultra Bottle,1729407111554765138,$45.99,,,
its.amy.approved,Womenswear & Underwear,"$10,522.02",Fashion Accessories,"$1,142.61","Songling Women Mid Rise Barrel Work Trousers Elastic Back Waist Tapered Baggy Lounge Pants With Side Pockets True To Size Solid Daily Travel Bottoms, back to school shopping,clothes for back to school,first day of school outfits",1732216018534372167,"$7,043.06","Women's Printed Oblique Angle Satin Neck Scarf - Head Scarf, 59"" x 5.9"" Fashion Accessory for Bag or Hair",1730701444048523487,"$1,112.03",Flamingals Wash Multi Pocket Mid Rise Straight Leg Jeans Women's Fashion Casual Comfort,1731476274694230101,$570.54,Flamingals Wash Pleated Roll Hem Mid Rise Straight Leg Jeans Womenswear,1732439443459641429,$499.43,[Estée Lauder] Bronze Goddess Day to Night Travel Spray Duo | Day-to-Night Fragrance | Warm & Sensual | Travel Size,1732304446270444525,$396.55
itschlospamm,Womenswear & Underwear,$513.40,Health,$24.99,Revenge Assassin Costume,1731684420159378266,$221.40,Edikted Women's Double Pleated Mini Skort - Multicolor,1729682860790223514,$124.80,Fast N' Curious Costume,1729450355894621018,$93.20,Adventure Scout Costume,1731684545390285658,$74.00,"Xero Picks Candies - Sweet Flavored Toothpicks - Candy Substitute, Sugar-Free, Sweet Tooth Cravings Healthy Alternative Candy Flavors Zero Sugar Candy",1729746521242374199,$24.99
itsgenise,Beauty & Personal Care,"$12,915.55",Virtual Products,"$9,601.68","PlayStation eGift Card | PS5 & PS4 Games, PS Plus, DLC & PSN Wallet Funds",1732347574006223439,"$8,863.55","Bellanomi Kiddies African Net Sponge soft texture for gentle daily cleansing, quick drying, mini size",1732223023251951793,"$5,368.82","DEBAOBULB Rechargeable Emergency Light Bulbs  Battery Powered LED Light Bulb 6000K Daylight E26 120 Volt 9W 60W Equivalent with 1200mAh for Home Power Outage Camping Hurricane summergarden, Hook, Safety Tools",1730264570695685026,"$4,493.21","AquaSonic ICON Rechargeable Travel Power Toothbrush - Oral Electric with Soft-Touch Handle, Travel Case, Smart Timers, Mint Green, ADA Approved - Dental Cleaner",1729442291598922514,"$3,540.06",RevAir Reverse-Air Dryer - Fastest Healthiest & Easiest Hair Drying Solution for USA & Canada Use Only 120V US/CA Smooth Hair Care with Variable Tension Settings & Internal Temperature Sensors,1731261696148934719,$696.05
itsjesslaw,Furniture,$617.18,,,"【Ships in 2 Boxes】AMERLIFE Murphy Bed with Storage & Charging Station, Farmhouse Murphy Cabinet with Foldable Panel, Noisy Free, for Guest Bedroom, Living Room, Office #homemakeover",1729891448764404480,$617.18,,,,,,,,,,,,
itsmakenzietaylor,Sports & Outdoor,"$5,324.85",Womenswear & Underwear,"$1,895.67",【Creator’s Pick】Halara Flex DayStretch High Waisted Pocket Straight Leg Work Pants #BackToSchool,1729418999352693028,"$2,377.05",【Creator’s Pick】Halara Flex High Waisted Pocket Wide Leg Waffle Work Pants #BackToSchool,1729408758258766116,"$2,295.04",UANEO Women's Cotton Linen Summer Palazzo Pants Flowy Wide Leg Beach Trousers with Pockets Casual Womenswear SummerVibes,1729500171796910389,$862.19,Gazelle Denim Skort Mid Wash,1729545235822318181,$344.35,Halara 3-Piece Flex High Waisted Side Pocket Wide Leg Waffle Work Pants Set - regular length #BackToSchool,1730018846164750628,$157.30
itsmekaycee77,Womenswear & Underwear,"$48,860.07",Shoes,"$45,527.49",UANEO Women's Oversized Quilted Puffer Jacket Hooded Long Sleeve Lightweight Warm Coat With Pockets,1731840664031170869,"$24,647.66",Vince Camuto Adjustable Slingback Pumps - Thanya,1732491617205392327,"$22,954.56",Naturalizer Womens Tressa Flip-Flop - Medium & Wide Width,1732210623064674780,"$5,586.29","Fisoew Quarter Zip Pullover Women Moisture-Wicking Oversized Sweatshirt Lightweight Workout Athletic Pullover Jacket #SummerVibes Sun Protection Jacket Gym Sweatwear Casual Sporty Top and set,clothes for back to school,first day of school outfits",1732097229565562930,"$4,363.48","Chouyatou Lady's Winter Double-Breasted Long Wool Fabric Coat - Black, Casual Notched Lapel, Thermal, Sweater-Inspired Sleeves, Basic Womenswear for Daily & Office Wear, Minimalist,back to school,back to school shopping, Solid",1731590104358097289,"$4,360.96"
izwakeup,Womenswear & Underwear,"$1,478.94",Sports & Outdoor,$166.59,"BOOMBA Ultra Boost Inserts | Patented Sticky Fashion Bra Inserts | Increase 2 Cups | Outfit enhancer | Perfect For Dresses, Bikinis, Tops | 40+ Uses Per Pair",1729536675865924523,"$1,329.63","Women's Solid Wireless Sports Bra, Strappy Workout Bra, Sporty Breathable Comfortable Bra, Ladies Sportswear for Yoga Gym",1729621169378725931,$166.59,"Loosey Goosey 3 Pack of Calming Pouches - Feel Calmer, Stay Sharper - Nicotine-Free",1730964107197256165,$108.00,Plunge Perfection Padded Bra,1731927015181161387,$55.00,"UFORU Classic Makeup Organizer Storage - 4-Slot Brush Holder with 1-Touch Open, Airtight Drawer-Fit Vanity Organizer, Bathroom Accessories Storage for Lipstick, Skincare, Jewelry",1731265036974199365,$38.85
jacobien233,Beauty & Personal Care,"$14,022.68",Fashion Accessories,"$5,389.46","CEELIKE Oral Spray Bottle (20ml) - Sugar-Free Liquid Oral Care for Adults, Portable Selfcare for Daily Minty Fresh Breath, Long-Lasting Effect, Important: Avoid Spraying Into the Eyes #backtoschool",1730278943412293794,"$10,865.01","2 pair Earring 18K Gold Plated Set for Men and Women. Features VVS - cut round and square gemstone earrings. These delicate, elegant and stylish accessories are for pierced ears.TikTokShopBlackFriday",1731134599855640824,"$4,875.66","Nekteck Cordless Leg Massager Recovery System (Single Leg Only), Air Compression Massage, Full Leg Boots for Circulation and Pain Relief Comfort Daily",1729850739526242733,"$1,248.72","Night Light, 0.5W Night Lights Plug into Wall 6-Pack, Plug in Night Light, Dusk to Dawn Nightlight Led Night Lights for Bedroom, Bathroom, Hallway Warm White Home Lighting,baby shower gift,unique christmas gift",1731513459800576890,$847.28,SHINENEOTH 2/3Pcs Breathable Skull Cap Men Beanie Do-rag Lightweight Sweat Wicking Hat Head Wrap Under Helmet Liner for Motorcycle Running Bandana Cycling,1731137226319106306,$795.01
jaimehillathome,Household Appliances,"$10,774.19",Home Supplies,"$10,477.87",Comfrt Paws | Camo Hoodie | Soft Matching Camo Pet Hoodie,1730274052968649603,"$8,804.61","SONGMICS Polyester Fiberglass Modern 2-Section Multi-Compartment Laundry Basket with Lid, Handles, Removable Inner Bags - Dustproof, Water-Resistant, Easy Install Laundry Organizer for Home Use",1731615390955115066,"$6,560.20",Shark CarpetForce Upright Carpet Cleaner - EX502,1732491696597144240,"$3,978.74","7-Ft/8-Ft Artificial Olive Tree Plant, 16-in Round White Moss-Top Pot, Natural Wood Trunk & Lifelike Fruit, Fake Olive Tree for Living Room Decor, Entryway Decor, Home & Office Room Decorative Accent, Olive Tree Fake",1732093430867399421,"$3,316.92","【Back to School】Monbix Queen Comforter Set - 7 Pieces Cationic Dyeing Bed in a Bag Comforter Sets with Double Sided Storage Pockets, Sheets, Pillowcases & Shams, microfiber,Reversible Bedding Comforters Sets",1731734059290890871,"$2,562.55"
jalisasahm,Phones & Electronics,"$36,091.25",Beauty & Personal Care,"$20,091.18","Xtra Muse Vlogging Video Recording Digital Camera, 1'' CMOS 4K/120fps, 3-Axis Handheld Stabilizer, Fast Focusing, Face/Object Tracking, Micro SD Compatible, Grab Go Portable Handycam Camcorder",1731831763391320673,"$30,597.12",PASCAL Timeless Classic Diamond Watch for Women & Men 31mm & 36mm with White Lab-Grown Diamonds Swiss Ronda 763 Quartz Movement Stainless Steel Bracelet Everyday Luxury Gift,1732063642461639260,"$11,685.59","[TikTok Exclusive Offers] HANYWIL New Upgrade Sparkly Body Glitter Spray Cosmetic, Multi-Use for Hair, Body, Clothes, Long-Lasting Shimmer, Suitable for Halloween, Bars, Adults, 2.11 Fl Oz Haircare Styling Product, Makeup",1729611338809577595,"$9,524.22","Noledome Cruise Essentials 2026- Cruise Must Haves Kit with Non-Surge Protector Power Strip, Lanyard with  ID Holder, Magnetic Hooks, Luggage Tag Set, Towel Bands, Waterproof Phone Holder - Travel  Essentials,back to school shopping",1731440518098620786,"$7,120.73","Ommig Women's Elegant Solid Long Sleeve Double-Breasted Wool Pea Coat with Hood Casual Outerwear with Polyester Blend for Autumn, Winter,summerwins,back to school,back to school shopping",1732036445048443450,"$3,481.11"
jaslovesreviews,Sports & Outdoor,"$5,917.87",Shoes,$759.60,"Women's New Barefoot 5-Finger Durable Sock Shoes - Lightweight, Breathable, Dance-Ready Grip Water Footwear for Casual Fitness & Home Use (Sports & Outdoor Dance Shoes)",1732381998630605152,"$1,193.17","New Barefoot Magic Claw Five Finger Shoes Home Essentials Sock Shoes Multi-Purpose & Ultra-Portable Water Footwear,back to school,back to school shopping,travel essentials,camping essentials",1732415676725891077,"$1,100.33","Women's 5 Finger Barefoot Shoes, Cotton Split-Toe Ballet Flats with Velcro Strap, Lightweight Flexible Shoe for Yoga & Dance, Sporty Dancing Shoes, Dance Footwear,shoes for back to school,back to school shoes",1732182666256618358,$834.08,"Vibram Women's V-Soul 5-Finger Sports Leisure Footwear, Lightweight Polyester Design with Natural Toe Splay, Breathable Training Sneakers for Yoga & Dance, Rubber Traction, Dance-to-Gym Wear",1732309561977376901,$666.35,"Women's Five-Toe Shoes for Yoga and Pilates, Soft Shoes for Fitness and Sports, Suitable for Daily Exercise and Commuting",1732436233526481450,$643.64
jasmineashley22,Beauty & Personal Care,"$46,442.25",Womenswear & Underwear,"$1,219.18","INIA CURVIFY EMS Booty Lift Shorts - Multi-Mode EMS Microcurrent, Glutes Sculpting, Pelvic Floor Support, Visible Results in 2-4 Wks, Ems Microcurr.,back to school,back to school haul",1729479457563251986,"$37,803.60",[medicube] PDRN Pink Collagen Gel Mask 4 Sheets Salmon DNA Color Changing Pink Glow Collagen Facial Mask Korean Skincare,1729573439193649387,"$3,638.18","INIA TURBO All-in-One Wearable Body Sculpting Belt, 3-Engine Synergy: 1000+ RPM Vibration, Bipolar EMS, Red/NIR Light & Heat for Core Toning & Waistline Sculpting, Smart Wellness Gift for Women,back to school,back to school haul",1732374097092907282,"$1,903.80",Blackhead Remover Pore Vacuum USB Rechargeable Blackhead extractor Boyfriend Gifts Men gifts Best Gift Ideas Skin Facial Cleaning Silicone Face Cleaning   Electric Acne Removal Tool,1730289864096518527,"$1,058.18",LikeMyChoice Boho Short-Sleeve Shirt & Wide-Leg Pants Luxury Resort Wear 2-Piece Outfit Satin Fabric Women's Lounge Set for Vacation Vibe Clothes Suits,1732364275747950749,$704.86
jasminebrownie1,Sports & Outdoor,"$40,326.23",Womenswear & Underwear,"$15,555.69",Highly Motivated Stretch Bootcut Jeans - Tan,1731835467496788840,"$10,795.66",Five Finger Yoga Shoes for Women Non-Slip Five Toe Shoes for Pilates Barre & Indoor Workouts Breathable Five Finger Shoes for Women Lightweight Five Toe Shoes for Yoga Dance and Fitness Training,1732537648102674730,"$8,558.25","Mini Personal Fan with LED Display & LED Light - 6-Speed Turbo USB Rechargeable Cordless USB Fan Light, Travel & Makeup Cooling Tool for Women, Ideal Gifts for Women Mini Gifts, Portable Fan",1732350027172975347,"$8,081.05","Nekteck  Eye Massager with Heat & Bluetooth Music, Comfort Eye Mask for Relaxation, 5 Massage Modes, 15 mins Auto-Off, Ideal Gift for Men & Women,Christmas 's Day Present",1729648953736466861,"$6,199.88","Women's 5-Finger Sports Shoes - Non-Slip, Breathable Synthetic Mesh, Mary Jane Strap, Lightweight for Yoga, Pilates, Studio Floor Casual Wear & Fitness Training",1732539954596058092,"$3,733.98"
jaxandbrynco,Beauty & Personal Care,"$78,466.36",Womenswear & Underwear,$958.99,"Hydrating Lip Gloss - High Shine & Tinted, Infused with Hyaluronic Acid, Jojoba Oil & Shea Butter",1731896769144001226,"$8,790.29",No Limits Cream Bronzer Stick,1729385764072624843,"$8,373.84",Shimmer Shadow Duo,1732540145183592716,"$6,251.00",tarte x FINNSUL flutter & focus set + CC undereye - FREE tartelette XL tubing brown mascara & FINNSUL electrolyte supplement,1732304102086054844,"$5,679.53",tarte tartelette tubing mascara duo,1731369586880451516,"$4,735.52"
jdubshopfaves,Shoes,"$38,497.58",Sports & Outdoor,"$7,888.87","Women's Unisex Rain Boots - Lightweight, Wear-Resistant, Anti-Slip Sole Shoes for Women, Ideal for Car Washing, Gardening, Footwear",1732262319559053703,"$4,619.77",HEYDUDE Austin Edge - Comfortable Slip on Platform Mules for Women,1731976739616559664,"$4,224.34","Crocs Adult Cafe Slippers, Fuzzy Slippers",1732480850164487102,"$4,042.93",HEYDUDE Austin Lift Clog - Comfortable Slip on Shoes for Women,1732435788029006384,"$3,985.05",NIKE V5 RNR Womens Shoes,1731375385380360629,"$3,585.46"
jeca050709,Beauty & Personal Care,$18.12,,,"Sttes 02 Irresistible Women's Perfume - 100ml Eau de Parfum with Pistachio, Vanilla, Salted Caramel Notes - Long Lasting Signature Layering Perfumes for Women, Long Lasting Perfumes,back to school",1729478171833242463,$18.12,,,,,,,,,,,,
jenlashay,Luggage & Bags,"$1,771.12",Furniture,"$1,699.47","Leopard Print 23"" Stadium Seat with Armrests",1729466611841012572,"$1,699.47","4 Piece Luggage Set, Expandable TSA Lock Hardshell Durable Traveling Bag Travel Suitcase Set with Double Spinner Wheels, Luggage Sets (13/20/26/28in) Gift for Back to School summervibes, vacationoutfits,beachoutfits,back to school shopping",1731417503274275134,"$1,560.60","[Back To School] WARMOUNTS 5QT Stainless Steel Chafing Dish Buffet Set (2/4/6 Pack) - Gold Accent, Glass/Stainless Steel Lid & Lid Holder, Kitchenware Bakeware Pans Serving Thermal Casserole Dish for Parties Weddings, Stackable",1729967792943895329,$904.29,"ApoloSign 2026 Dual-Mode Smart Digital Family Wall Calendar - 15.6""/21.5"" Digital Display Weekly Planner for Parents, Voice Control, Gemini AI, Tasks Organizer, Chore Rewards, Customizable Widget Dashboard",1730665286619140675,$508.00,Gurunanda Kid's Water Flosser 200mL - Compact Design for Easy Use,1730664905383710983,$355.26
jenn_lyles,Womenswear & Underwear,"$163,199.97",Sports & Outdoor,"$25,981.70",OYS Women's Elegant Sleeveless Off Shoulder Bodycon Long Formal Party Evening Dress Fabric Polyester,1729580359847875173,"$31,310.33",SKIMS SOFT LOUNGE LONG ROBE,1732434961058665317,"$27,754.39",PAVOI 14K Gold Plated Station Necklace for Women - Dainty Choker Simulated Diamond Necklace - Lightweight Womens CZ Chain Necklace,1729555020284072456,"$21,825.95","KatchMe Women's Trendy Denim High Waist Multi-Pocket Wide Leg Jeans, Versatile Denim Trousers for Women, Street Stretch Womenswear, Baggy Jeans Outfit",1730569768113705606,"$14,183.02",UANEO Women's Cotton Linen Wide Leg Pants Casual Button Up High Waisted Trousers Loose Comfy Summer Fall Womenswear Bohemian Bottoms Minimalist Vacation SummerVibes Back to School Outfits,1732327476504138037,"$13,320.09"
jennababiolakis,Textiles & Soft Furnishings,$501.08,Sports & Outdoor,$71.98,"【Back to School】5/7-Pieces microfiber Comforter Set, Modern Farmhouse Coastal Style Bedding Set with Double Sided Storage Pockets, 1 Singale-Stitch Comforter, 2 Pillowcases, 2 Shams, 1 Flat & 1 Fitted Sheet, Flowers, Bedroom Items",1732363725205312119,$501.08,"CADMUS Women's 2-in-1 Spandex Breathable Athletic Shorts - Gym Yoga, Running Training Shorts with Pockets, Athleisure Casual Shorts, Multi Pocket Shorts,back to school,back to school haul",1729417841849110564,$71.98,NuDerma Standard High Frequency Wand for Anti-Aging and Anti-Acne Neon Argon Gas by Pure Daily Care high frequency wand hair,1729404718196625773,$67.99,"Blogilates Women's Ruched Waist Leggings, Polyester, Spandex, Everyday",1732289508354397169,$33.98,EAMTI 14K Gold Plated Engagement Ring for Women 2CT Marquise Cut Cubic Zirconia Wedding Band CZ Promise Anniversary Ring,1732275557675667812,$16.99
jennamediaco,Womenswear & Underwear,$98.48,Sports & Outdoor,$85.90,【Creator’s Pick】Halara 2-piece SoftlyZero Airy Square Neck Backless Crisscross Cropped InstantCool Yoga Tank Top-UPF50+ & Super High Waisted InstantCool Yoga Shorts with Pockets Set #BackToSchool,1732334422006665508,$85.90,Sheer Bralette,1732457560710025807,$63.00,"RIHOAS Women's High-Waisted Polyester Fabric Spaghetti Strap Ruched Solid Green Slip Maxi Dress - Formal Wedding Guest Dress, Festival Party Wear, Wedding Guest Dresses",1732305430701576616,$35.48,,,,,,
jon_wicki_,Food & Beverages,$272.96,Menswear & Underwear,$192.65,Farmer Protein Powder - Third Party Tested,1730763996470809114,$272.96,"MAELREG Polo Shirts for Men Dry Fit Performance Chest Print Color Block Moisture Wicking Casual Short Sleeve Golf Shirts,Contrast Color Outdoor Clothing,Gifts for Men",1730793148274282577,$95.85,"G Gradual Men's Shorts 7""/ 5""/ 9"" Lightewight Casual Shorts for Men  Hiking Golf Shorts with 3 Zipper Pockets SummerVibes #TikTokShopStockUp,travel essentials,camping essentials",1731551213001347793,$87.95,Mellow Sleep | 2 CloudAlign Pillows + 2 Free Cooling Pillowcases - Ergonomic Cervical Pillow +Dual-Height Memory Foam with Cooling Pillowcase for Side Back & Stomach Sleepers Best Pillow 2025 Awarded,1732400382868623441,$81.98,"Men's 6-Count Premium Ice Silk Breathable Cool Above-the-Knee Athletic Shorts - Quick-Dry, Loose-Fit, Drawstring Elastic Waist, Zip Pockets, Reflective Detail for Gym Workouts, Breathable Cool Men's Shorts",1732350122619081191,$28.89
julie_trimble,Womenswear & Underwear,"$86,023.98",Sports & Outdoor,"$19,147.20",Yimoon Rugby Polo Sweater for Women Striped Collared Sweaters Shirt Long Sleeve Knit Y2K Casual Pullover Top Womenswear Soft,1732358579737891835,"$18,662.25",YSENTO Women's Camo Cargo Pants Lightweight Hiking Pants Outdoor Quick Dry Casual Travel Sweatpants Joggers Elastic Waist Button Pockets  #Monther's DAY #summervibes #outdoorfun,1732356316412219820,"$16,373.71",OFEEFAN Womens Sweaters Fall Fashion 2026 Long Sleeve Button Cuff Soft Knit Pullover Trendy Tops Dressy Casual Blouses,1732311736936010211,"$9,142.96",MAELREG Hoodies for Men Moisture Wicking Performance Heather Golf Athletic Midlayer Mens Hoodies Pullover Sweatshirt,1732471913516142673,"$5,032.02",Fisoew Women's Fake Two Piece Layered Sweatshirt Air Layer Fabric Hoodie Crew Neck White Ribbed Cuff & Hem Patchwork Drop Shoulder Oversized Long Sleeve Pullover Top Hoodie Fit Casual SohoChic,1732458726424744167,"$4,700.13"
justjess111,Beauty & Personal Care,$48.46,Fashion Accessories,$12.71,Babe Original Babe Lash Renewing Serum 3ml,1730951482871812352,$29.00,"COLORLOMO Bye Bye Yellow Purple Toning Color Depositing Shampoo - Sulfate-Free Haircare, Neutralizes Brassiness, Revives Cool Tones, Sensitive Skin Safe for Blonde Hair, 350ml, Blonde Hair Transformation",1729503764133286653,$19.46,"Men's Vintage Double-Bridge Tinted Lens Sunglasses, Vintage Polarized Sunglasses, Lightweight and Durable for Outdoor Sun Protection Glasses for Everyday Use Vintage Trendy Sunglasses, Vintage Polarized Eyewear, Trendy Shades, Trendy Casual Sunglasses",1729775405318967660,$12.71,,,,,,
justjessyxo,Womenswear & Underwear,"$217,046.97",Shoes,"$5,858.44","Chouyatou Women's Y2K Wide-Leg Cargo Denim Pants Mid-Rise Casual Camouflage Print Jeans Slightly Flared Distressed Camouflage Jeans with Multiple Pockets,back to school shopping",1732415080783188361,"$24,728.65","Fisoew Women's Basic Casual Minimalist Solid Knit Crop Top - Short-Sleeve, Round-Neck, Lightweight, Loose-Fit, Women's T-Shirt",1732371894187626727,"$12,636.29","Chouyatou Barrel Jeans Women Wide Leg Cropped Jeans Y2k Mid Rise Baggy Jeans Boyfriend Denim Pants Harem Pants Vintage Breathable SpringStatements Womenswear High Waist,back to school shopping",1730287933715026313,"$9,563.76","CHOUYATOU Women's Retro Floral Denim Wide-Leg Pants, Boho Clothes for Women with Zip Fly and Pockets for Party, Daily Leisure, Button, Check",1732467789029478793,"$8,334.44","Fisoew Womens Pullover Sweatshirt Soft Oversized V-Neck with a Criss Cross Wrap Hem, Long Balloon Sleeve Cropped Casual Loungewear,back to school,back to school shopping, Women's Tops And Blouses",1732416156470251751,"$7,979.06"
kaseyas0920,Textiles & Soft Furnishings,"$1,464.68",Toys & Hobbies,"$1,375.80","Boxer Gifts Overstimulated Button – Funny Mom Gifts, Gag for Coworkers or Friends, Silly Novelty for Women, Joke Present for the Easily Overwhelmed Survival Relatable",1731937449440940593,"$1,174.39","Funny Cow Print Flannel Throw Blanket - Soft Texture, Travel-Ready Throw for Office & Camping, Cozy Bedding, Rustic Living Room Decorations, Room Accessories, Ideal Gift for Women",1732120273123381450,$935.79,CONVERSE  Mens Chuck Taylor All Star High Top Shoes,1731236789728022965,$267.83,Vaginal Vitality Kit,1730996386965787350,$211.71,"Twiisted Teaa Neon Sign - Half & Half Yellow Beer Can LED Wall Light, USB-Powered 15.98""x9.84"", LED Decoration, Aesthetic Room Decor, Bar Lights, Man Cave Gift for Him, House Decor",1731616119506572171,$196.52
kaseys0920,Shoes,"$1,211.81",Luggage & Bags,$956.60,Mystery Machine Weekender Bag,1729413004347282266,$756.60,Western Cowboy Boots For Women Embroidered Over The Knee Tall Boot Pointed Toe Block Heel Side Zipper Lace Up Cowgirl Boots Country Fashion Wedding Party Fall Fashion Girl Trendy Boots,1732205631166648845,$720.49,Put A Finger Down - Hilarious Card Game for Big & Small Groups | Fun Icebreaker for 2+ Players,1729738436329444209,$439.74,"Jay Franco Official Harry Potter Honeydukes Chocolate Frog Fluffy Stuffed Cushion - 16in Soft Padded Blue Throw Pillow, Whimsical Gifts, Unique Gifts for Harry Potter Fans, Cozy Bed Setup Decor",1732276299006448079,$436.37,"Vintage Humorous ""Trespassers Will Be Prosecuted"" Decorative Rigid PVC Tin Sign - 8x12 inch, Rustic Farmhouse Design, Durable Plaque, Easy Install for Friends' Family Garage, Indoor/Outdoor Home Decor with Animals",1732307568079377067,$375.11
kategrauss,Beauty & Personal Care,"$38,634.40",Health,"$5,942.45","[medicube] PDRN Pink Collagen Volume Multi Balm | All In One Volufiline, PDRN, NAD Stick for Youthful-Looking, Helping Look of Fine Lines, Firming Care, Anti-Aging Care | For Under-Eyes, Neck, Forehead, Smile Lines, Lip Care | Korean Skincare",1729508370969629931,"$27,955.21","[NEW] [medicube] NAD+ EGF Firming Gel Mask (4 sheets) | Color Changing Red Jelly Mask | NAD+, EGF, Anti-aging, Plumping, Radiance Boosting |  Hydrogel Mask for Skin Elasticity & Volume |  Overnight Face Mask for Youthful-Looking Skin | Korean Skincare",1732472696408609003,"$4,112.45","[medicube] PDRN Pink Collagen Jelly Eye Mask | Hydrogel Eye Patches with PDRN, Collagen, NAD | Refreshing for Puffy, Tired Eyes | Firming for Look of Wrinkles, Fine Lines | Korean Skincare (6/28/50 Pairs)",1732397931521020139,"$1,936.98","Arrae MB-1 | Natural Energy, Cholesterol, & Overall Health Support 20-Day Supply| Organic Nutrition Dietary Supplement Healthcare Vitamins Probiotic Blend Edible Fitness",1729560041868333693,"$1,882.21","3 Day Juice Cleanse Detox by RAW Fountain, RAW Cold Pressed Juices, All Natural, No Gluten, No Wheat, No Artificial Flavors, 18x 12oz Bottles, 3 Ginger Shots 2oz",1729412753272770785,"$1,621.97"
kategrs,Shoes,$477.43,,,Project Cloud Women's Genuine Leather Sandals | Casual Summer Walking Shoes Footwear | Plush Soft Insole Lightweight Non-Slip – Mayvy,1731581876303794744,$477.43,,,,,,,,,,,,
kathryn_scoco,Home Improvement,"$41,819.73",Household Appliances,"$41,409.18",VASAIKO 6-in-1 Portable Indoor Environment Monitor with Temperature & Humidity Monitoring Plug-and-Play Design High-Definition Display Accurate Alerts Ideal for Kitchen Garage RVs Apartments sohochic,1732022410216050952,"$28,165.13","【2026 Newly Upgraded】Trucozie T350 Rechargeable Cordless Vacuums, 8-in-1 Lightweight Upright Floor Cleaning Vacuums with 2 Bonus HEPA Filters, 2-in-1 Brush, Hands-Free Design, 45-Min Runtime, 33 kPa Suction, Housewarming Gift for Hardwood Floors, Pet Hair",1729406319708377732,"$24,573.77","SUSTEAS Manual Cheese Shredder - Hand Crank Rotary Grater with 5 18/10 Steel Blades, Stable Suction Cup Base, Multi-Functional Tool for Thick or Thin Slices, Works with Cheese & Veggies, Kitchen Utensil Accessory",1729386633884898245,"$7,278.16","Bamworld 2-Pack Modern Black Metal Plant Pot Racks - Wall-Mounted Vertical Space Saver Decor Shelves with Switch, Durable Long-Lasting Black Finish, Easy Installation, Indoor/Outdoor Home Supplies Gift (Compatible with Plant Stand, Photo Frame)",1730485260355146312,"$6,515.82","【2026 New Arrivals】Trucozie T550 Cordless Vacuum Cleaner, 40kPa Powerful Suction Smart Stick Vacuum with 50 Mins Runtime, 8-in-1 Lightweight Handheld/Upright Vacuum for Hardwood Floor, Carpet, Pet Hair & Car, Cordless Handheld Vacuum, Home Cleaning Tool",1731578192195392132,"$5,406.37"
katrinagmoore,Womenswear & Underwear,"$299,223.37",Shoes,"$28,138.33",SHOWITTY Women's High Waisted Tummy Control 1/3 Pack Leggings with Pockets – Non See-through Stretchy Yoga Pants for Workout #tiktokshopsummersale,1729403106419642622,"$16,000.91",Yimoon 3 Pack Oversized T-Shirts for Women And Men Cotton Long Sleeve Vintage Acid Wash Baggy T Shirts Casual Comfy Tee,1731969225915601915,"$12,587.64",WIHOLL 3/4 Length Sleeve Womens Tops 2025 Blouses for Women Dressy Casual Fashion Clothing V Neck Babydoll Tops Fall Outfits,1731638565488464246,"$9,368.75","Women's Vintage Ruffle Washed Denim Jacket, Summer Lightweight Ruffled High-Waisted Short Top, Casual Chic Fashion Female Denim Coat, Denim Jacket Coats",1732390168159883563,"$9,092.20",AUSELILY Women's Hoodless V-neck Sweatshirt With Kangaroo Pocket  Fleece Longsleeve Oversized Casual Style Shirt,1731258959561003729,"$8,630.61"
kay_caputo,Beauty & Personal Care,"$6,761.19",Womenswear & Underwear,"$5,663.06",LikeMyChoice 2-Piece Boho Lace Set Sexy Halter Crop Top with Bell Sleeves & High-Waisted Wide-Leg Pants Trendy Eyelash Lace Outfit for Summer Festival & Beach Vacation,1732309511639175325,"$3,733.91",Hanes Ecosmart Boys' Tank 5-pack Underwear Multi Pack Comfortable Fit Soft Stretch Fabric Breathable Brlta5,1731045157806380004,"$2,523.73","PAVOI 14K Gold Plated Interlocked Stackable Statement Ring for Women – Chunky Multi-Band Double & Triple Ring, Two-Tone Mixed Metals with Cubic Zirconia",1730896012450828808,"$1,064.76","Probelle Illuminating Nail Concealer, Sheer Long Lasting Brightening Nail Polish for yellowing discolored nails, perfect finish for damaged or yellowing nails to conceal nail imperfections, Vegan, Gluten Free",1729632329265483965,$993.75,"nuorganic Eyelash Growth Serum (8ML) - Developed by Anti-Aging Scientists, Clean, Prostaglandin-Free Formula for Thicker, Longer Lashes, Daily, Repair, Hydrating, Soothing, Suitable for All Skin Types, Eye Treatment Skincare",1729385520686076431,$988.56
kelliecrowther,Beauty & Personal Care,"$99,699.75",Baby & Maternity,$430.82,tarte summer skin essentials - CC color-correcting tinted serum + creaseless setting powder,1732422500087993276,"$43,604.30",tarte colored clay CC undereye corrector,1729734769623929788,"$23,245.61",tarte Big Stick Energy duo – shape tape concealer stick & brush,1730956811325510588,"$14,364.17","tarte BB blur tinted moisturizer SPF 30 - instantly brightens, hydrates & smooths your skin",1729584174847071164,"$5,429.34",MONAT Scalp to Ends Duo – Hair Thinning Defense Serum & Split End Repair Treatment Set Pomegranate Fragrance Lightweight Haircare,1731316357881566128,"$1,411.83"
kelsi.campbell,Beauty & Personal Care,"$10,406.46",Household Appliances,"$3,074.67","EUHOMY Countertop Ice Cube Maker, 35Lbs/24H & 44Lbs/Day Soft Chew Fast Ice Supply Machine, Self-Cleaning with Scoop & Basket for Home Drinks (Black)",1729533815583904255,"$3,074.67","[VT COSMETICS] #1 viral PDRN Reedle Shot Hair Brush Serum with Original Liquid Microneedling & PDRN | Large-Capacity Full Scalp Care, Hair Thickening, Fuller-Looking Hair & Daily Root Care | Hairline, Roots, Baby Hair & Dry Scalp | Korean Haircare",1732329137764667781,"$3,039.52",[Dr.Melaxin Official] Radiant Blowout Routine Set | Dark Spot & Peeling Care for a Radiant Korean Glow in a week,1731997189863477275,"$2,313.03",[Dr.Melaxin Official] Gifted Collagen Boost Set Pore Spot Skin Care Calcium Collagen Volume Firming Balm for Enhanced Skin Health routine,1731997246433955867,"$1,434.25",[Dr.Melaxin Official] Peel Shot Keratin Care Kojic Acid Turmeric Spray 200ml Pore Clearing Exfoliating Formula Skin Repair Scrub,1731572915654201371,$807.20
keyajames,Beauty & Personal Care,"$21,000.74",Womenswear & Underwear,"$10,988.29",Bur Bur Mermaid Brush - Essential Brush with Ethically Sourced Bristles & Natural Rubber Cushion for Medium to Thick Hair,1729964731527696782,"$7,469.83","The Ordinary Glycolic Acid 7% Exfoliating Toner, Brightening and Smoothing Daily Toner for More Even-Looking Skin Tone",1729389167562035209,"$6,220.41","Women's Knitted Round Neck Drop Shoulder Sleeve T-Shirt, Soft Lightweight Knit, Knitwear, Fashion Casual Minimalist Asymmetrical Criss Cross Back Tie Top, Spring & Fall Wear",1731474823556141530,"$2,771.95",ANRABESS Women Summer Casual Sleeveless Maxi Dress 2026 Crewneck Loose Split Wrinkle-Free Beach Travel Vacation Long Sundress,1732212292471525705,"$1,674.01","EUHOMY Countertop Icemaker Machine (ABS Plastic) - 33 lbs Daily Nugget Ice Production, 500g Capacity, Fast Compact Design, 2-Button Operation, Fits Home Bars & Kitchens, Ice Making Machine for Kitchen Household Products",1729389548737040895,"$1,667.93"
kindafitky,Pet Supplies,$682.28,,,"【Geoorood】 Geoorood Dog Grooming All-in-One Kit with Vacuum Brush 2.5L Large Pog, Stainless Steel Blades Lightweight Design 13KPa Suction Force Portable Cleaning Set#backtoschool",1729409406800270078,$593.10,"SleekEZ Cat Brush for Shedding & Grooming, Wooden Handle & Stainless Steel Blade, Pet Brush for Indoor Cats, 2.5 Inches Long Groomer Tools Fur Removal Tool",1729646227896635412,$52.83,"SleekEZ Dog Brush for Shedding & Grooming, Deshedding Tool for Short & Long Haired Dogs, Dog Comb, 5 Inches Long, 4oz Weight",1729646185502707732,$19.37,Rosemary Flea & Tick Spray for Pets + Home,1731272426244313769,$16.98,,,
kristinadunnn,Womenswear & Underwear,"$71,670.74",Sports & Outdoor,"$53,895.88",【Creator‘s Pick】Halara High Waisted Tummy Control Ruched Curved Hem 2-in-1 Fleece PU Mini Bodycon Skirt #BackToSchool,1732067350521418020,"$14,833.34",【Creator’s Pick】Halara UltraSculpt High Waisted Tummy Control Pocket Shaping Yoga Bootcut Leggings #BackToSchool,1730470200737173796,"$9,103.70","Women's Simple Solid Backless Halter Sleeveless One-Piece Jumpsuit, Elegant Chic Ruffle Design, Perfect for Casual Wear, All Seasons Fashion, Outfit",1732187881328251637,"$8,323.04",Halara Flex™ Asymmetric Low Rise Zipper Pockets Baggy Wide Leg Washed Casual Jeans,1731438044612563236,"$7,206.45",AnotherChill Women's Low Waist Micro Mini Skorts Skirt with Built-in Shorts Sexy Stretch Black Skirts Basic Outfits Elastic Waist #sohochic,1730745796940960224,"$6,258.72"
kristinanicoletall,Womenswear & Underwear,"$107,855.62",Sports & Outdoor,"$54,192.99",【Creator’s Pick】Halara Flex High Waisted Pocket Wide Leg Waffle Work Pants #BackToSchool,1729408758258766116,"$23,250.38","PUFF Sticky Bra – VIRAL No.1 Push-up Sticky Bra, Waterproof & Sweat-proof Invisible Bra, Reusable Silicone Adhesive Bra for Women, Includes Storage Board & Replaceable Pads",1731492372893241632,"$21,534.40",CAKES Lift - The Nipple Cover that lifts,1732548908548788799,"$16,987.64",CAKES Body Cleavage Bra™ - Seamless Sculpting Bra with Silicone Cups for Full Cleavage Reusable Matte Finish Ideal for Strapless & Backless Tops Womenswear Basic,1732022163491426879,"$13,336.63","Eomenie Tankini Swimsuit for Women Tummy Control Two Piece Bathing Suit High Waisted Tank Top with Swim Skirt Swimdress #Deals For You Days, Fashion Tankini, Floral Tankini Set, 2 Piece Sets",1732088850959995217,"$9,977.97"
kristiscustomcreations,Home Supplies,"$10,722.81",Furniture,"$8,758.07","Fireworks Romantic Castle 5D Sparkling Beads Painting Set, DIY Acrylic Round Hole Fashion Embroidery Handicraft Art Set, Stress-Relief Handcraft for Parent-Child Activities, Framed Home Decoration Festival Gift (Requires Handmade)",1732473693970797313,"$6,168.43","Elk Ridge 2-PC Fixed Blade Hunting Knife Set-Black Stainless Steel Skinner & Gut Hook Blades, ER-300CA,7-Inch/6.5-Inch Overall",1731856824389243019,"$4,079.80",4-in-1 Portable Cosmetic Shampoo Dispenser Storage Bottle Plastic Travel Friendly Compact Design for Easy Carrying,1732103690126201091,"$3,957.87","SANNAX Wooden 4-Tier Round Cupcake Carousel Stand, 360° Rotating Tiered Trays, Hosts 50 Cupcakes, Farmhouse Dessert Display for Wedding, Baby Shower Display, Tea Party Ready, Decor",1732300018291413527,"$3,593.66","LANBENA Upgraded Bamboo Charcoal Blackhead Remover Mask, 60 Sheet Nose Strips, Peel off Face Mask Pore Whiteheads Cleanser Strawberry Nose Purifying, Deep Cleansing for All Skin Types Skincare",1729987171787379413,"$3,536.18"
kseniasenn,Beauty & Personal Care,"$8,954.18",Health,$659.44,"Color Wow Money Mist Leave-In Conditioner Spray | Lightweight Hair Mist to Moisturize Dry Hair | Leave In Hair Conditioner for Frizz, Hydration & Shine | Formulated With Hyaluronic Acid & Marine Algae",1729441093035987589,"$2,197.06",sacheu Lip Liner STAY-N - Peel-Off Lip Liner Stain - All Day & Night Lip Liner with Hyaluronic Acid & Vitamin E - Long Lasting Formula - 0.12 fl oz / 3.5 ml,1729385088934777631,"$1,504.62","[New Shade Launch] TIMEPHORIA Eternal Lip Matte -  Matte Finish Liquid Lipstick, Long Lasting Lip Stain, Waterproof and Transfer-proof Lip Tint, Longwear Mask-friendly, Lightweight, High Coverage, 4ML Compact Size, Lip Makeup & Cosmetic Product, Matte Lip",1731364881518727819,$670.64,"[BB LAB] Good Night Low Molecular Collagen Powder Stick Supplement, Halal Certified, Korean Marine Collagen, Fish Collagen Peptides, Vitamin C, Glycine, Fast Absorption, Mix Berry Flavor (2g x 30 sticks)",1731927448370385734,$608.14,"sacheu Eyeshadow STAY-N, buildable and long-lasting eye makeup, crease-proof smooth liquid eyeshadow, Tan eyeshadow palette",1731173975669838623,$335.74
kuhl_finds,Home Improvement,$342.24,,,"VEVOR Modular PVC Garage Slat Wall Paneling, 8x4 ft Rectangular 3D Decorative Wall Panels, Fireproof, Coupling Structure, Strong Load-Bearing, Easy-Install Adjustable DIY-Cut Panels, Waterproof for Home Interior, Commercial Space, Garden Storage Display",1730855951689552046,$229.82,"【Summerfinds】VEVOR Modular PVC Slat 3D Wall Paneling, 8x4ft Fireproof Presson Accessory Wall Panel, Strong Load-Bearing, Adjustable DIY Cutting Coupling Structure, Storage Organizer for Garage Workshop",1730855960784900270,$112.42,,,,,,,,,
kylikamiller44,Sports & Outdoor,"$28,721.13",Womenswear & Underwear,"$24,907.80","MFVIM Women’s Breathable Body-Shaping Yoga Outfit, High-Waisted Quick-Dry Fitness Wear, Versatile Three-Quarter Shorts Sports Set,summerwins,travel essentials,camping essentials,back to school,back to school haul",1732388023895625751,"$18,781.11",【Creator’s Pick】Halara Flex Low Rise Zipper Pockets Washed Baggy Wide Leg Casual Jeans,1729571062218723620,"$6,187.54",Tall Bree Camo Stretch Cargo Jean - Olive/combo,1731049476085945192,"$4,466.66",【Creator’s Pick】Halara 2-Piece Super High Waisted Back Pocket & Side Hidden Pocket 2-in-1 Yoga Shorts Set 5''-Longer Length #BackToSchool,1730762001521283364,"$3,403.23",LikeMyChoice Women 2 Piece Quiet Luxury Matching Set Ribbed Knit Sweater Satin Slip Midi Skirt Vacation Outfit,1732507638063927453,"$2,916.91"
kynleebeau,Beauty & Personal Care,$64.60,Fashion Accessories,$30.97,R+Co BADLANDS Dry Shampoo Paste Texture Enhancer for Volume & Blow-Out Extender,1729533649409249735,$64.60,"Swyii Handmade Red Agate, Moonstone Agate Necklace, Boho Layered Crystal Choker for Women, Colorful Spring Jewelry, Holiday Gift for Her, Party Jewelry, Springrefresh, Mother’s Day Gift for Mom",1729538991997162115,$30.97,,,,,,,,,
laurenluto,Home Supplies,"$3,248.38",Womenswear & Underwear,"$1,080.49","7-Tier Rotating Shoe Rack, 360-Degree Lazy Susan Carousel Organizer Tower for 28-32 Pairs, Round Storage Cabinet for Shoes & Handbags, Home Organizer for Closet, Bedroom (Pink)",1732444806760731636,"$3,248.38",All The Attention Draped Mesh Mini Dress,1732382531701805769,$378.76,"NEWBELLA Mila Baguette Underarm Bag,Y2K Retro Lock Denim Spliced PU Leather Shoulder Purse, Aesthetic Vintage Handbag",1732520080212070522,$278.76,Cider Satin Mid Rise Ruffle Maxi Skirt,1732171240755335255,$227.48,Tied Up In Elegance Halter Midi Dress,1731686315698197193,$174.04
laurenmichellebell,Womenswear & Underwear,"$11,242.22",Baby & Maternity,$913.42,"HDE Women’s Pull-On Capri Pants with Pockets - Minimalist Elegant Stylish Women's Wear, Stretch Hip-Flattering Colored Straight Pants, Dressy Casual Bottoms",1729434948814672224,"$6,101.19","Dokotoo Women's Waffle Knit V-Neck Casual Summer Tops - Lightweight & Breathable Basic Tee for Beach, Party, Work",1730353124011643893,"$1,429.63",Songling Womens Casual Two Piece Outfits 3/4 Batwing Sleeve Crew Neck Top Wide Leg Pants Raw Edge Design Loungewear Set US Standard Size,1729583092687278919,"$1,247.71",MEROKEETY Women's Lounge Sets 2025 Fall Fashion 2 Piece Outfits Sweater Pajama Set Fuzzy Loungewear Matching Winter Clothes,1731972365184635167,"$1,061.53","EllivviBebe Baby Bamboo Pajamas, Ultra Soft Bamboo Viscose Zipper Romper Sleepwear，2-Way Zipper, Super Soft, Fun Print Baby Clothes, Breathable Stretch One Piece Footed Pajamas for Newborns Baby Infants Toddlers Bamboo Sleep Sack, Baby Clothing",1731892031821681548,$910.07
leahmstapleton,Food & Beverages,"$1,774.79",Beauty & Personal Care,"$1,247.44",BonBon's Sour S-Patch Mix,1732061996472046411,$917.32,Cozy Earth Bamboo Sheet Set | Premium Bamboo Viscose Sheets with Cooling & Breathable Comfort,1729481804813209866,$513.44,NuDerma Professional High Frequency Wand by Pure Daily Care with Argon & Neon Applicators Anti-Aging and Anti-Acne Beauty Instrument Facial Tools,1729401883758137709,$461.54,BonBon's TikTok Exclusive Swedish Candy Mix (Gluten-Free),1729710059368125259,$395.39,Freezball - Durable Fillable Dog Chew Bone,1729404133237756254,$328.63
lesettey,Shoes,"$79,652.37",Beauty & Personal Care,"$19,609.71",Dr. Scholl's Women's Joplin Fashion Boot,1731896531264573800,"$63,745.03","JUDYDOLL Ultra-Fine Liquid Eyeliner, Waterproof Liquid Eye Liner, Hooded Eyes, Sharp Winged Lines, Long-Lasting, Beginner Friendly, Lasting Satin Finish, Smudge-Proof, Transfer-Resistant, Suitable For Sensitive Eyes, Summerwins,Back to School",1730235179727360529,"$12,377.22",Sterling Silver Elongated Cushion Chocolate CZ Cocktail Ring,1732384554843869938,"$4,661.71",Astra | Modern Flat-Lens Cat-Eye Sunglasses For Women,1732201295444087593,"$4,364.59","ARCHIES | Black Arch Support Flip Flops for Men & Women – Orthotic Sandals for Plantar Fasciitis Relief – Lightweight, Cushioning, Shock-Absorbing Slippers, Sandals for Walking, Foot Pain & All-Day Comfort",1730192886306738683,"$4,285.76"
lifewithangiemae,Womenswear & Underwear,"$22,897.73",Beauty & Personal Care,"$2,350.64",Gap Women's VintageSoft Baggy Wide-Leg Sweatpants,1732332278148141686,"$2,468.98",ZESICA Women's 2025 Boho Sexy Off Shoulder Long Sleeve Smocked High Waist Side Split Flowy A Line Tiered Long Maxi Dress,1731972238990741746,"$1,838.13","Chicovar Women's Oversized Vintage Denim Mini Dress ,Sleeveless V-Neck Tie Front Ruffle Layered A-Line Tunic with Pockets & Front Pleats, Casual Outfit,Fashion, Summervibes",1732164026488885733,"$1,772.89",Yimoon 3 Pack Women's Oversized T Shirts Acid Wash Cotton Crew Neck Half Short Sleeve Summer Unisex Tees Casual Loose Fit Solid Streetwear Comfortable Tops Basic Womenswear Plain Tshirt,1731233204970623995,"$1,654.70","Florboom Women's Boho Sheer Lace Mini Dress – Deep V-Neck with Bow Tie & Ruffle Sleeves , Polka Dot Vintage Western Style Party Dress for Festivals & Date Nights Womenswear,sohochic",1729492499455776379,"$1,527.29"
lil.bbykay,Beauty & Personal Care,"$13,429.46",Shoes,$979.28,"nuorganic Eyelash Growth Serum (8ML) - Developed by Anti-Aging Scientists, Clean, Prostaglandin-Free Formula for Thicker, Longer Lashes, Daily, Repair, Hydrating, Soothing, Suitable for All Skin Types, Eye Treatment Skincare",1729385520686076431,"$12,889.62","Unisex PU Leather Medium Width Mule Slippers, Comfortable Breathable Rubber Sole, All-Season Wear, House Slippers",1731762605438046446,$979.28,"nuorganic Eyelash & Eyebrow Duo: Growth Serum for Longer, Thicker, Lashes and Brows, Organic Ingredients, Skincare, Cosmic Bundle",1729401966695518735,$398.87,"Lemme Grow Hair Growth Capsules for Women, Clinically Studied Keratin Complex, Visibly Thicker Hair & Reduced Shedding, Nourish Thinning Hair, Biotin-Free, 30 Count, 30-Day Supply",1730043703930360679,$127.02,CLEAN SHEETS (NEW 30 COUNT),1731381938023141806,$78.68
lil.mishr00m,Shoes,"$1,075.63",Womenswear & Underwear,$670.71,"Women's 2026 Colorblock Patchwork Bootlace Worm Lace Up Low Top Sneakers, Casual Comfortable Sports Shoes, Designer Casual Sneakers for Women for Daily Walking Fall.",1730860897989989202,"$1,075.63",Think Smarter Products 8oz HOCl hypochlorous spray | multi-use spray with Himalayan minerals | fragrance-free daily spray,1729385662156346324,$406.12,Eyelet Ruffle Babydoll Mini Dress,1729501095264425122,$399.36,Ellie Lacey Ginghman Strapless Top,1732305570453557410,$142.51,Ellie Lacey Gingham Shorts,1732305584055160994,$63.24
lillian_harriss,Womenswear & Underwear,"$6,708.58",Beauty & Personal Care,"$2,238.45","Yeokou Women's Turtleneck Fleece Jacket - Long Sleeve, High Neck, Lightweight, Snap Button Coat for Nurses, Back to School Clothes, Comfy College Wear, Trending Tops, Basic Tops",1729562156521984498,"$2,493.29",MINDBODYSKIN® 2 Supplement (No 5-HTP),1729614704826684183,"$2,188.41",JASGOOD Women Leather Belt for Jeans Pants Fashion Ladies Skinny Faux Leather Belt with Gold Buckle,1730352411482231261,"$1,097.64","AUTOMET Women's Oversized Faux Leather Jacket for Fall and Winter | Boyfriend Biker Moto Coat, Medium weight Fall Bomber Jackets, Winter Outerwear",1729615251848270295,$875.99,Mckinley Denim Mini Skirt,1731036248486940834,$698.18
linzbuzzard,Furniture,"$22,287.03",Phones & Electronics,"$3,071.24","Dowinx Cross egged Office Chair with Pivoting Armrests,Criss Cross Chair with Pocket Spring Seat & Back,Reclining Computer Gaming Chair with Footrest and Metal Base",1731998808395649437,"$10,586.46","Dowinx Big and Tall office chair, with pocket spring pad and waist support, high back computer game chair, adjustable armrests, executive office chair, foot rest",1729960194504823038,"$4,661.30","Stylish Aviator Sunglasses for Men and Women , Trendy Rectangle, Fashionable Design, Perfect for Outdoor Activities and Daily Wear",1732251463080579931,"$2,854.65","Dowinx High Office Chair, with Pocket Spring Pad and waist Rest, High Back Computer Game Chair, Adjustable Armrests, Footrested",1729864514876444926,"$2,206.43",All Purpose Scented Cleaner,1730369516036526190,"$2,041.85"
little__j,Womenswear & Underwear,"$55,262.68",Beauty & Personal Care,"$2,572.31",Sheer Bralette,1732457560710025807,"$20,942.74",CAKES Body Cleavage Bra™ - Seamless Sculpting Bra with Silicone Cups for Full Cleavage Reusable Matte Finish Ideal for Strapless & Backless Tops Womenswear Basic,1732022163491426879,"$12,763.48",CAKES Lift - The Nipple Cover that lifts,1732548908548788799,"$9,165.21","Renewing Lash Serum, Babe Lash Eyelash Serum, Prostaglandin-Free, Peptide-Powered Lash Serum, Support Fuller, Longer-Looking Lashes, Gentle & Effective, Easy To Use",1730818714696127032,"$2,093.89",CAKES OG Size Sticky Starter Pack - Sizes MED & LRG,1732088453048603199,"$2,045.74"
livingwith.lindsay,Womenswear & Underwear,"$109,974.68",Beauty & Personal Care,"$28,024.46","Wavytalk Airshape Pro Air Styler Set for Salon Blowout at Home | 4-in-1 Hair Dryer & Multi-Styler with Auto-Wrap Curlers & Rollers, Volumizing Brush, Less Heat Damage, Ionic Anti-Frizz",1732477883841548440,"$26,761.55","CRZ YOGA SoftAura Wide Leg Sweatpants Women 29”/ 31""/32"" Modal Lightweight Travel Pants with Pockets Fitness Workout Pants Fashion Sweatpants",1731490813938733857,"$23,877.44","Women's Solid Basic Zip-Up Hooded Sweater Cardigan, Casual Cardigan Top, Casual Fitted Drop-Shoulder Long-Sleeve Everyday Womenswear Cardigan, Women Knitwear Knitting for Fall & Winter Daily Wear",1729799154496279275,"$13,237.09","C202 Women Merino Wool Sweater Lightweight Soft Slim Fit Crew Neck Spring Layering Top Everyday Long Sleeve Casual, Fabric, Essential,clothes for back to school,first day of school outfits",1732029819856261826,"$12,917.76",Dokotoo Women's 2026 Striped Print Crewneck Casual Oversized Long Sleeve Knit Comfortable T-Shirt  Tops,1732414398684828661,"$9,494.97"
lizshops,Womenswear & Underwear,"$4,425.80",Sports & Outdoor,"$1,100.12","Aleumdr Women's Plus Size Oversized Corduroy Sweatshirt, Casual Crewneck Long Sleeve Lightweight Pullover, Baggy, Longsleeves, Lightweight Sweatshirt, Loose",1731739774455353742,"$2,588.63","Aleumdr Women's Plus Size Oversized Corduroy Sweatshirt, Casual Crewneck Long Sleeve Lightweight Pullover, Baggy, Longsleeves, Lightweight Sweatshirt, Loose",1731739774455353742,$838.92,"Aleumdr Women's Striped Color Block Elastane Sweatshirt - Longsleeves Tops, Casual Round Neck, Drop Shoulder, Relaxed Fit, Lettuce Hem Pullover, Machine Washable, Colorblock, Fashion",1732481950288810382,$195.63,Dokotoo Women's Summer Casual Short Sleeve Solid Color Loose Texture Knit Tunic Tops Blouses with Crew Neck & Side Slits,1729445533294433269,$176.14,Aleumdr Women's Striped Sweatshirts Crew Neck Long Sleeve Color Block Sport Pullover Tops Side Split Oversized Pullover Shirts Womenswear,1732448690958078350,$138.00
lizzmi45,Womenswear & Underwear,"$212,120.10",Sports & Outdoor,"$152,876.26","Colorfulkoala Women's No Front Seam Yoga Capri 21"" Dreamlux High-Waisted Tummy Control Workout Leggings with Hidden Pocket Petite Length,travel essentials,camping essentials",1731026394568233266,"$17,276.73","Women's Original Magic Fleece Lined Leggings - Lady Clothes, Cute Clothes, Compression Band, 1-Seam Option, Closed Foot, XXS-3XL, 4 Shades, Plus Size Available, Light-Brown Fur Fleece Tights",1729406693411230691,"$14,686.18","MFVIM Sporty Two-Piece Set Women’s Plain Crop Cami Top & Flare Leg Pants Sports Set, Sporty Casual Comfy Breathable Two-Piece Outfits for Yoga, Gym, Workout, Running, Gym Workout Clothes,summerwins,travel essentials,camping essentials",1732176528023851031,"$12,964.73","CurvySweet Athena Women's Elegant Knitting Fitted Curvy Maxi Dress - Sleeveless Convertible Cowl-Scoop Neck, Ruched Waist Gowns for Formal Wedding Guest",1729483993705256484,"$12,023.81",MASKERT Women's Two Piece Set Sports Tank Top & High Stretch Tight Leggings Tummy Control Workout Daily Wear Running Outfits summerwins Yoga Clothes Set Sleeveless Gym Tops,1731535252813943208,"$10,284.53"
lizzv23,Womenswear & Underwear,"$5,732.31",Sports & Outdoor,$612.36,QINSEN Womens Zip Front Tennis Dress Polo Collar Racer Back Workout Golf Dresses Build in Shorts with Pockets,1729506923078784569,"$4,033.48",QINSEN Womens Zip Front Tennis Dress Polo Collar Racer Back Workout Golf Dresses Build in Shorts with Pockets,1729507870543353401,$739.20,"WIHOLL Women's 2-Piece Loungewear Set - V-Neck, Airport Wide Leg Sweatpants, Comfy Nightwear Pajamas, Sweatpants for Women",1732390616323363569,$234.96,Popilush Shapewear Boho Floral Lace Front Slit Maxi Dress  A-line Silhouette with Smoothing Waist Control & Supportive Bust Design SohoChic,1731780586096595780,$145.49,"TIMEOFF Women's 2-Piece Workout Set - Solid Trendy Clothing with Flattering Sculpting Long Sleeve Crop Top, Wide-Leg Yoga Pants, Stretch Fabric, Matching Women's Sportswear Set for Workout",1731688732324827888,$138.90
london_bridges_the_gap,Home Improvement,"$26,024.47",Womenswear & Underwear,"$18,185.38","DEBAOBULB Rechargeable Emergency Light Bulbs  Battery Powered LED Light Bulb 6000K Daylight E26 120 Volt 9W 60W Equivalent with 1200mAh for Home Power Outage Camping Hurricane summergarden, Hook, Safety Tools",1730264570695685026,"$23,824.34","YOUSIFY Women's Bolero Shrug Hoodie - Long Sleeve Cropped Sweatshirt, Thumb Hole, Open Front, Y2K Style, Basic Lady Clothes, Korean Casual Workout Crop Top",1731720029395587842,"$15,131.25",Iron Hammer Herbal Tea,1729412598545289712,"$4,491.03","Resonance Sound Healing Tuning Fork Set – 128Hz, 136.1Hz, 256Hz, 384Hz with Activator – Sound Therapy for Stress Relief, Deep Relaxation & Chakra Balancing",1730835799600697670,"$1,878.73","Prasky Portable Blender Juicer, 27oz Type-C Rechargeable Automatic Powerful Juicer Machine, Mini Personal Blender for Fresh Juice Smoothies & Protein Shakes, Mixing Function, Extra Lid, Shoulder Strap, Dishwasher-Safe Parts, Ideal for Gym/Travel",1730614079112581699,"$1,658.52"
lydiaaulozzi_,Beauty & Personal Care,"$5,800.21",Toys & Hobbies,"$4,690.30","Hismile iD Stain Whitening Mouthwash for White Teeth, Freshens Breath with Essential Oils 237ml",1732164626458252048,"$3,539.36",Rainbow Loom Auto Loom Bundles,1730980482360119942,"$1,459.84","Eu Natural Conception For Him – Fertility Supplements for Men, Male Fertility Booster & Prenatal – Optimal Sperm Count, Motility, Strength – Ashwagandha, Folate, Folic Acid, Magnesium & Zinc Healthy Dietary Fitness",1731480691647484489,"$1,430.67","#sohochicGROWNSY Nasal Aspirator for Baby, Electric Baby Nose Sucker with Larger Suction Chamber and More Powerful Suction, Automatic Nose Cleaner with Music and Light Soothing Function",1730881858699891343,"$1,364.83","Sofia Dopamine Rainbow Beaded Choker - UV Reactive, Waterproof Stainless Steel Adjustable Necklace with Resin Beads, Rhinestones, Letter, Lobster Clasp, Whimsical Gifts for Daily Wear, Summer Costume Accessory",1732316857163092167,"$1,225.01"
lyndatrann,Beauty & Personal Care,"$79,306.89",Sports & Outdoor,$114.60,"Nooni Korean Apple Lip Oil + Lip Stain | Glossy Lip Stain, Tinting & Long Lasting, Moisturizing Lip Care (17 options) Hydrate Lipgloss Lipstick Makeup Glossy Hydrating Moisturizer Plump Transfer-proof",1729440860171702516,"$21,767.38",[TIRTIR Official] MOOD GLIDER LIP & BLUSH STICK - Dual Function Compact Makeup Stick for Lips and Cheeks,1732023290298864218,"$16,233.69",tarte snatch stick - 2-in-1 contour stick & brush Bronzer Contour Stick,1732491766232814524,"$14,637.74","Nooni Korean Apple Lip Tint Stain Duo/Trio Bundle | Glossy Lip Stain, Tinting & Long Lasting, Moisturizing Lip Care, Hydrate Lipgloss, Travel-Friendly, Smooth Oil Moisture, All Skin Types Travelfriendly Smoothing",1729619454557917428,"$4,081.88",Cell Fusion C Skin Blemish Balm Intensive | Skin Tint for Recovery | 5 Ceramides & 6 Peptides | Buildable Tone-Up Coverage | Korean BB Cream,1731956039964659721,"$2,769.46"
mackenziedudzik,Womenswear & Underwear,$35.09,,,"OQQ Womens 2 Piece Bodysuits Long Sleeve Square Neck Stretch Fitted Bodysuits Basic,back to school,back to school shopping",1729386665534328890,$35.09,,,,,,,,,,,,
mahoganylox,Luggage & Bags,"$1,259.70",Beauty & Personal Care,$715.76,"Angel Kiss Women's Leather Crossbody Bag - 13.2""x4.5""x10.7"" Medium Size, Soft PU Leather, Adjustable Reinforced Strap, Multiple Pockets, Anti-Theft Back Zipper, for Business & Casual Use",1730613073505849344,"$1,121.97",Philips Norelco OneBlade Intimate Pubic Groomer Smooth Steel Stainless Comfort,1729507549372977453,$309.51,"Lemme Sleep Gummies with 5mg Melatonin, Magnesium, L-Theanine, Elderberry, Chamomile & Lavender, Berry Flavor, 60 Count, 30-Day Supply",1729441955742782311,$251.25,Gemzeez DIY Temporary Tooth Gem Kit – Cosmetic Use Only; Temporary Short-Term Wear Only. Results are not guaranteed and vary based on application and technique. Not permanent or long-lasting. Not intended for those seeking permanent results.,1729385072427700778,$120.64,"Kaleidos Epiphany Glow Melt-On Eyeliner - Metallic Multichrome, Waterproof, Long-Lasting Beauty Product, Make Up for Rave & Festival Looks, Gifts for Women Cosmetic Gift,back to school",1730021592598680553,$96.99
mama.of.boys7,Home Supplies,"$5,061.97",Household Appliances,"$1,611.26","5oz Crystal Plastic Dessert Cups with Lids & Spoons - Disposable Square Parfait Cups for Mousse, Tiramisu, Pudding, Party & Catering eco-friendly",1729492625946415307,"$3,844.23","FEPPO Vacuum Sealer for Food with Visible Water Tank, 30 Reusable Bags Powerful Suction, Handheld Rechargeable Saver, 6X Preservation & Fresh, Auto Stop, Sous Vide & Meal Prep",1730761078943159009,$805.80,"DealsForYouDays PHIVILLA Stadium Seat for Bleachers Portable Outdoor Floor Folding Stadium Chair with Armrest, Back Support, Cup Holder, Mesh Bag and Hide Hooks",1731540722075013526,$757.76,"Katie's Limited Edition Chrome Shimmer Silver Rose Cosmetic Set - 25 Beginner-Friendly Items, Glossy Eyeshadow Palette, Lip Glosses, Eyeliner Pens, Sensitive & Acne-Prone Safe, Easy Eyeshadow, Pink Gift Box, Black Friday Pick, Gifts for Women",1732149394387538488,$717.95,"Men's Solid Socks Pairs, Casual Comfortable Breathable Soft Socks for Daily Wear, Men's Clothes for All Seasons, Breathable Minimalist Socks",1729536879940375407,$583.04
mariebriii,Health,$221.45,Beauty & Personal Care,$191.84,"Tewiky Easter Gifts Upgraded Crown Cross Necklace for Women, Crown Cross Pendant Necklace, Non-Tarnish Faith Jewelry for Women, Christian Religious Gifts for Her Back To School",1729460580021605131,$105.25,MAËLYS GET-FLATTERED Bundle - All Over Overnight Body Toning Cream and Belly Stretch Mark Cream,1729386878560540622,$96.00,PREGGO Female & Male Support Bundle - 1 Month Supply,1730929068201317078,$94.96,True Sea Moss Gel 2-Jar Bundle: Mango-Pineapple & Strawberry – Rich in Essential Minerals & Vitamins – supports overall vitality,1731352834691994260,$46.45,Nello Supercalm Calming Drink Mix with KSM-66 Ashwagandha Vitamin D3 Magnesium & L-Theanine Supports Cortisol Balance Mood Sleep 20 Servings Travel Packets Dietary Supplement,1729413027751104952,$33.96
mariefloree,Beauty & Personal Care,"$11,729.00","Books, Magazines & Audio","$6,922.24","CEELIKE Oral Spray Bottle (20ml) - Sugar-Free Liquid Oral Care for Adults, Portable Selfcare for Daily Minty Fresh Breath, Long-Lasting Effect, Important: Avoid Spraying Into the Eyes #backtoschool",1730278943412293794,"$8,835.59","Claire Monroe Kids' Systematic Theology Book - English, Ages 6-9, Full Colour, 88 Visual Concepts, NLT Bible Verses, Easy Explanations, Bible Discussion Activities, Q&A Reflection Questions for Knowing God",1732273429270925737,"$6,880.82","ERMNOIS Swivel Bar Stools - Adjustable Armless Counter Height Chairs with Back, 8"" Counter-Bar Fit, Wear-Resist Anti-Scratch Fabric, Modern Kitchen Island Seating, Wear‑Resist Seat",1730899796842746143,"$3,392.99","Night Light, 0.5W Night Lights Plug into Wall 6-Pack, Plug in Night Light, Dusk to Dawn Nightlight Led Night Lights for Bedroom, Bathroom, Hallway Warm White Home Lighting,baby shower gift,unique christmas gift",1731513459800576890,"$3,067.37","Tewiky Easter Gifts Upgraded Crown Cross Necklace for Women, Crown Cross Pendant Necklace, Non-Tarnish Faith Jewelry for Women, Christian Religious Gifts for Her Back To School",1729460580021605131,"$2,587.53"
meganlouise2319,Shoes,"$13,981.95",Kids' Fashion,"$3,864.59","DREAM PAIRS Women's Knit Fabric Mary Jane Ballet Flats - Wide Toe Box, Arch Support, Flexible, Breathable, Chic - Walking Shoes for Office Business, Casual Travel",1732416583381717900,"$10,446.71",Womens Cara Tassel Loafer Chocolate Brown Plaid,1732466985776484658,"$3,317.54","UPORPOR Girls' Princess Costume Dress - RGB Light-Up, App-Controlled Music Sync Cartoon Character Fantasy Fancy Dress Party Outfit with Princess Theme/Character Play Costumes & Accessories for 3-10 Years Old Summer Wear (Batteries Not Included)",1731831028250546663,"$1,872.39",Grabie Shrink to Sparkles Craft Kit - Spooky Night,1732563666073326247,"$1,313.01","UPORPOR Girls' White Soft Breathable Fabric Light-Up Princess Costume - 100+ LED Modes, Music Sync Kid Outfit, Elegant Cosplay Gear with Accessories (Ages 3-9, No Battery Included) for Christmas, Halloween,back to school,back to school shopping",1731585838264127975,$770.14
michaelascott20,Beauty & Personal Care,"$74,175.49",Womenswear & Underwear,"$1,686.47","JOOCYEE Velvet Rouge Matte Lipstick - Non-Sticky 2-In-1 Lip & Cheek Cosmetic,  Silky Blur Finish, Buildable Coverage,Long-Lasting,Transfer-Resistant, Non-Drying Lipstick Pen, Waterproof, Lightweight Formula, All Skin Types, Beauty Products, Back to School",1730932520433651999,"$16,663.18","Fit Colors Matte Lip Liner and Moisturizing Lip Oil Set, Precise Lip Liner, for Easy Lip Line Definition with a Natural Nude Glossy Finish, Perfect Holiday Gift, Lip Pencil, Cosmetic Lip Liner",1732467750884708611,"$16,400.61",Queen Tape - Hydrating & Moisturizing Mouth Tape For Sleep - Royal Plump Edition - Lip Plumping - Mouth tape with Collagen Hyaluronic Acid & Vitamin E - Built in Lip Mask - Royal Lips - One Month Supply,1731633751615705442,"$9,036.45","[NEW] [medicube] PDRN Collagen Gua Sha Neck Wrinkle Cream | Built-In Gua Sha Massager with Volufiline 5% + PDRN | Firming, Contour Care for the Look of Fine Lines, Jawline, Neck, Décolleté,Underarms, Chest, Legs, Shoulder | Massage Cream | Korean Skincare",1732399179294806251,"$6,294.22",[medicube] Affordable Glass Glow Skincare Set | Includes 8 products for Gentle Skin Glow Routine,1729606769780232427,"$2,805.70"
michelledemoda,Beauty & Personal Care,"$123,631.77",Baby & Maternity,"$1,637.97",tarte summer skin essentials - CC color-correcting tinted serum + creaseless setting powder,1732422500087993276,"$60,679.95",tarte maracuja juicy multi-stick + brush - double-ended cream blush & bronzer stick,1732418830638027708,"$13,947.06","TYMO CURLPRO PLUS - Upgraded Automatic Rotating 1-Inch Ceramic Long-Barrel Curling Iron for Long Hair, Negative Ion Technology for Flawless Curls, Gift Box Ready Adjustable Temp, Swivel Cord Dual Heaters for Beachy Waves Summer Vibes,dorm essentials toolu",1730891536459010526,"$10,225.20","TYMO CURLPRO Automatic Hair Curler - Multifunctional Styler, Curling Irons with Negative-Ion Ceramic Coating, Anti-Jam Chip, 1-Tap Auto-Rotating Barrel, Dual Temp, Timer, Swivel Cord, Anti-Tangle, Travel-Friendly Bouncy Curls Gift for Women toolupgrade, G",1729694858435465694,"$3,953.30",tarte sculpt tape & blush tape duo - blush and bronzer,1729417067781002172,"$3,846.24"
mikey_teeze,Beauty & Personal Care,$27.03,,,"Haircare Texturizing Cream - Lightweight Alcohol-Free Pre-Styling Product for Adults with Volume Boost, Long-Lasting Hold Creamy Texture Gel",1732028703117971948,$27.03,,,,,,,,,,,,
mish1977,Fashion Accessories,"$2,796.07",Beauty & Personal Care,"$1,347.75","Women's 100% Mulberry Silk Haircare Bonnet - Double-Layer, Reversible, Friction-Free, Anti-Frizz, Casual, Elastic Tie Band, Heatless Styling Nightcap, Gift for Females (Thanksgiving, Anniversary)",1729575267737440404,"$2,709.76","[YCZ] Magnetic Nights Fragrance Duo | 2-Piece Men's Eau de Parfum Collection,2×1.7 fl oz, Long-Lasting for Dates, Parties & Everyday Wear, From Quiet Confidence to Nightlife Energy,summer outifit,back to school",1731176260817031589,$884.23,"Bohemian Long Kimono , Long Flowy  Robes for Women, Printed Paisley Kimono Duster with Pockets,  Bridesmaid  Robe, Gift For Her",1729466363537887917,$380.10,"Dual-Layer Hydrating Gel Socks (1 Pair, Blue/Pink) - Moisture-Locking Self Care Products for Dry Cracked Heels, Calluses - Spa & Pedicure Repair Socks, Christmas Gift",1731661923978547632,$314.99,"Face Massage Pillow with Washable Silk Pillowcase, Soft High-Quality Beauty Pillow with Plush Silky Polyester Filling for Ultimate Sleeping Comfort",1731627068649934880,$312.35
mobilemerchant,Beauty & Personal Care,"$14,201.03",Computers & Office Equipment,"$3,930.43",tarte CC color-correcting tinted serum,1732403113516372924,"$6,627.69",Harry Potter Return to Hogwarts 2027 Spiral Wall Calendar,1732480472796926431,"$3,375.31","DRMTLGY Retinol Body Lotion, 6oz - Restores Youthful-Looking Skin with Shea Butter and Ceramides. Hydrates Dull, Dry Skin",1729436419777401382,$980.58,DRMTLGY Retinol Body Lotion Duo (2-pack). Restores Youthful-Looking Skin with Ceramides for Hydration and Anti-Aging,1729482595783054886,$917.53,The Advanced Clean Duo | TikTok Exclusive,1732296370109387682,$803.50
mommarynn,Fashion Accessories,$8.54,,,"22pcs Boho Style Hollow Out Flower Design Unique Cute Rings, Fashion Accessories for Women & Girls, Retro Jewelry for Party and Daily Wear Accessory, Trendy Versatile Exquisite Jewelry Gift for Birthday, Imitation Pearl Ring",1729458387589566542,$8.54,,,,,,,,,,,,
momsapprovedfinds,Home Supplies,$658.31,Computers & Office Equipment,$294.14,"Mr. Christmas 18"" Ultimate RGB Ceramic Nostalgic Tree",1732511205351723975,$317.34,Kringle Express 100-Piece All Season's Gift Bags & Tags Set,1732491710416131015,$294.14,"SNOWCLAD 10-Pc & 14-Pc Hybrid Nonstick Stainless Steel Cookware Sets with Lids – Frying Pans & Pots, Oven and Dishwasher Safe, Induction Ready, PFOA-Free #HomeEssentials #TikTokShopBackToSchool",1731040771305934988,$154.57,"ANIMAT3D FrostByte 12” Animated Talking Snowman, Light Up Projector Face, Christmas Songs, Jokes & Funny Expressions",1730849900943741396,$122.55,"Mr. Christmas 18"" Ceramic Nostalgic Tree",1729756134472389575,$94.05
natachacarlile,Sports & Outdoor,"$114,888.85",Womenswear & Underwear,"$23,546.39",Halara Flex DayStretch High Waisted Pocket Straight Leg Work Pants #BackToSchool,1729535261465612580,"$34,672.46",【Creator’s Pick】Halara UltraSculpt High Waisted Scrunch Butt Lifting Tummy Control Pocket Shaping Training Leggings #BackToSchool,1729568240189804836,"$10,598.08",BRXL Lycra Fabric Butt Lifting No Front Seam High-Waisted Breathable Yoga Pants Tummy Control Seamless Gym Running Leggings  Pilates GymWorkout #sohochi #backtoschool,1731106741955235937,"$10,040.61",GLOWMODE Game On Buttery-Soft Quick-Dry Removable Cups Built-In Shorts Side Pockets Squareneck Cutout Back Tiered Tennis Dress Golf Pickleball Workout Gym Daily Casual Wear,1732314393157079459,"$8,563.01","MFVIM Women's 3-Piece Trending Fashion Apparel Tracksuit Set - Solid Criss Cross Crop Tank Top, High Waist Leggings, Zip Up Crop Jacket - Breathable Women's Fashion Gym Workout Apparel Jackets for Yoga, Gym, Casual Spring Wear",1731929843583062039,"$8,072.93"
nataleezyy,Beauty & Personal Care,"$84,138.64",Womenswear & Underwear,"$1,698.32",Philips Norelco OneBlade Intimate Pubic Groomer Smooth Steel Stainless Comfort,1729507549372977453,"$20,568.83","MAC Cool-Toned Nude Lip Trio – Sculpt, Define & Plump Set",1732355647882826393,"$9,340.76",Plume Eyeshadow - Ambre Fumé - Feather Shimmer Veil,1732357432442917369,"$8,978.40",Plume Eyeshadow - Orchidée Céleste - Feather Shimmer Veil,1732357431278932473,"$6,442.26",Persona Cosmetics 24HR Waterproof Eyeliner Sharpen-able Eye Pencil - Cruelty-Free Vegan Makeup Cosmetic,1729405889651904902,"$3,314.83"
nataleezyyirl,Womenswear & Underwear,"$4,167.56",Shoes,$55.99,"Women's Solid Mid-Calf Polyester Socks - Casual, Soft, Comfy, Warm, Basic, Simple Fit for Fall & Winter Everyday Wear",1731752751104888912,"$2,973.93","Songling Women Mid Rise Barrel Work Trousers Elastic Back Waist Tapered Baggy Lounge Pants With Side Pockets True To Size Solid Daily Travel Bottoms, back to school shopping,clothes for back to school,first day of school outfits",1732216018534372167,"$1,139.20",HEYDUDE Austin Lift Clog - Comfortable Slip on Shoes for Women,1732435788029006384,$55.99,"Aoysky Women's High-Waist Flared Pants - Printed, Wide-Leg, Elastic Adjustable Drawstring, Striped Side, Pockets, Lightweight Polyester Elastane Blend, Casual Gym Streetwear, Leopard Print Option for Sweater Pairing",1732518030784107105,$28.04,"Aoysky Women's Adjustable Soft Basic Fold-Over Wide-Leg Cargo Pants - Polyester Blend Diagonal Twill, Loose-Fit, Drawstring Waist, Machine Wash Safe, Oversized Overall Bottoms",1732509929556054625,$26.39
natalieporretta,Womenswear & Underwear,"$4,771.07",Textiles & Soft Furnishings,$168.08,"Comfrt | The Camo Hoodie - Mega | Camo Print Hooded Sweatshirt, Cotton Fleece Fabric, Slouchy Fit",1729931371633742723,"$2,155.63",Comfrt | The Camo Sweatpants | Relaxed Fit Soft Camo Joggers,1729931882991096707,"$1,249.21",Comfrt | Travel Essentials Hoodie | Soft Oversized Sweatshirt With Storage Pockets For Travel,1729485995288597379,$375.28,Comfrt | Minimalist Hoodie - Mega | Super Soft Slightly Weighted Mega Hoodie,1729505773514822531,$261.57,"Comfrt | The Dreamer Blanket | Oversized, Cozy, Soft Warm Throw",1729931833196778371,$168.08
natalietucc,Beauty & Personal Care,"$33,745.71",Furniture,"$5,052.09","Hadley Designs My First Busy Book For Toddlers 3-5 - Preschool Montessori Activity Book, Homeschool Quiet Book Ages 5-7",1731812523317564380,"$4,763.76",The Real Dill: New Pickle Glow Reviver Melting Lip Balm & Makeup Sponge Set,1732567968880365859,"$4,668.88","【3 Packages Delivery】Yaheetech 5/7/9-Piece Patio Furniture Set, Outdoor Dining Table with 6 Chairs, Rattan Conversation Set with Soft Cushions for Backyard Deck Garden,,home decor,camping essentials",1730893895594905923,"$4,460.79",Flawless On The Fly Spray Icons Mini Trio,1732491651441333047,"$3,370.18","Sol de Janeiro Cheirosa Perfume Mist Best Sellers Limited Edition Set - TikTok Shop Exclusive Beauty Products, Curated Fragrances: Warm 62, Fruity Floral 68, Rose 91, Woody 59 Liquid Unisex Fragrance with Reusable Yellow Jelly Bag",1732279458149536158,"$3,125.64"
nicoashleyyy,Luggage & Bags,$168.62,Food & Beverages,$135.58,"BAGSMART Reiki Mini Gym Compact Duffle Bag (9.84"" x 5.9"" x 6.69"") 5.5L Capacity, Waterproof PVC Pocket, Adjustable Bottom Straps, Elastic side pockets, Ideal for Gym & Daily Use Super Brand Day",1730726643016569543,$168.62,"Vegan Protein Powder with Prebiotic Fiber, Plant Based, Low Sugar, Gluten Free & Dairy Free - IHOP Pancakes, Dole Whip Pineapple & Brown Sugar Oatmeal | Be Amazing",1729404586763653782,$135.58,"MaryRuth's Liquid Iron Supplement for Women, Men, & Kids 4 & Up - Iron for Healthy Blood & Oxygen - Sugar Free - Vegan - Gluten Free",1729469650858120142,$74.32,"P.band by PVOLVE | Resistance Band for Arms, Back + Posture | Exercise Anywhere",1729607972836970560,$66.13,Chocolate Brown Set & Flow Active Curling Headband – Kitsch Heatless Hair Curler for Soft Waves & Curls,1732208080472543282,$54.52
official.ally.a.54,"Books, Magazines & Audio",$17.98,,,Meditations -- Marcus Aurelius - Paperback,1729409235850466072,$17.98,,,,,,,,,,,,
ohheyitsabbie,Kitchenware,$157.15,Home Supplies,$143.35,"SCENT SZN 2 oz Home Fragrance Diffuser Oil, Paradise-Cream-Mint-Bean Scented Aroma Refill for Home Care Supplies, Freshener",1730588546972816269,$127.36,WildBird Linen Ring Sling Baby Carrier for infant to toddlers,1730954774052377111,$104.50,"SIP-SIP HOORAY! 17oz Printed Pumpkin Spice Glass Mug with Handle - Reusable, Portable, Leak-Proof Cup with Bamboo Lid & Straw, Fall Gift for Her",1729621743570490065,$104.08,"SIP-SIP HOORAY! 17oz Spooky Halloween Glass Cup with Handle, Bamboo Lid & Straw, Leak-Proof Portable Drinkware Bottle for Iced Coffee",1729576329334067921,$53.07,Crocs Women's Miami Toe Loop Summer Sandals,1729553399468823486,$35.99
ohkrista,Health,"$1,922.50",Womenswear & Underwear,$625.17,Happy V Fresh Start Kit: Vaginal Prebiotic + Probiotic for Women + Happy V Liquid Chlorophyll Natural Dietary Supplement Boost Mint Healthcare Wellness Edible,1731898727935283829,$617.28,"Happy V Vaginal Prebiotic + Probiotic for Women – Clinically Proven pH Balance & BV Treatment, Natural Yeast Infection Support, 60 Vegan Capsules Dietary Gut Health Supplement",1729571589157524085,$477.77,Delilah Distressed Romper - Black,1732482823970394984,$378.35,"Demonia Women's Black Vegan Leather Camel-203 Chunky Heel 5"" Platform Lace-Up Ankle Boot with Metal Back Zip Closure",1729435692458218392,$331.85,"Happy V Prebiotic & Probiotic 3-Pack Bundle TT - Capsules for Optimum Health & Edible Supplement, Vegan, Buy 2 Get 1 Free, Healthcare & Fitness",1731899077158474357,$185.54
ohsoitsjocelyn,Womenswear & Underwear,"$96,858.85",Sports & Outdoor,"$11,933.38","Women's Floral Bohemian Deep V Neck Crop Top & Fish Tail, Sexy Two-Piece Summer Outfit Set, Back-To-School Fashion, All-Over Print Design",1732222169951277353,"$14,980.97",SHAPELLX Deep V One Piece Bodysuit with Chest Support Breathable High-Waisted Tummy Control Jumpsuit for Women,1731461210302091904,"$12,040.78",Imily Bela Womens Long Ballon Sleeve Sweatshirts Tops Cropped Crew Neck Loose Fit Casual Workout Shirts,1729651434276688063,"$7,613.42","Women's Summer Holiday Off-Shoulder Top and Stylish Chic Bodycon Skirt Set, Breathable Beachwear for Casual Vacations Outfit Clothes, Skirts Set",1731433230082871614,"$5,819.31","Luxury Faux Fur Hooded Cape Shawl, Soft Warm Shawl, Warm and Comfortable for Air-Conditioned Rooms, Ideal for Daily Wear at Home and Parties",1732004721423716487,"$4,934.35"
oinetta,Fashion Accessories,"$1,125.82",Home Supplies,$413.08,"Tewiky 14K Gold Plated Waterproof Women's Bracelet Sets - Trendy Thin Dainty Stackable Cuban Link Paperclip Chain, Jewelry Stack, Accessories for Women, Mom Birthday Gifts, All Seasons Minimalist Costume Jewelry",1730385229390975793,"$1,113.61","Scentiment The One Fragrance Oil - Cardamom & Tuscan Leather Scented with Sandalwood, Cedarwood, Amber, Musk, Vetiver, and Iris - Luxurious Exotic Retreat Experience",1729409409412468914,$215.65,"Dreamcat Smart Low-Noise Automatic Self-cleaning Household Cat Litter Box 80L,Hands-Free,Smart Sensors Safety Protection,Easy Setup,Odor-Free,APP Control,Multi-Cat Home,Cat Companion#TikTokShopDealsforYouDays#DealsForYouDays",1731888665972544269,$141.37,"Scentiment Vegas Resort Fragrance Oil - Green Melon & Musk Scented with Lemon, Green Tea, Jasmine, Lily, Raspberry, and Oakmoss - Radiant Luxury Resort Experience",1729407140022620338,$109.60,"FUMOI Automatic Litter Box for Multi-Cat Homes - Open-Top Self-Cleaning Litter Cleaner with APP Control, 2.4G WiFi, Safety Sensors, Odor Lock, 10.5L Large Waste Bin, Automatic Litter Boxes #Summervibes #petLovers#tiktokshopbacktoschool #backtoschool",1732262271257776791,$82.79
ollie999,Toys & Hobbies,$89.12,Phones & Electronics,$38.56,"HURRA 10000mAh Rechargeable Battery Head Strap Adapter for Meta Quest 2-3-3S VR Headset - Multi-Model, Adjustable, Soft Foam, Skin-Friendly PU, Included Cable - Extended Play, Enhanced Comfort, Wheel,back to school,back to school haul",1730480486928126605,$38.56,"Luna Bean   4pc   Baby Hand & Foot Casting Kit – Newborn Keepsake, Baby Shower, New Parent Gift Milestone, Gifts for Mom, Hypoallergenic Moms Instructions",1729558429784314509,$36.99,"Luna Bean Original Hand Casting Kit – Keepsake Mold for Couples, Family, Anniversary & Milestone, Wedding Gifts, Back to School, My Favorite Person, Molding, Bridal Gift",1729436078970475149,$29.99,We're Not Really Strangers Couples Edition - 150 Questions & Wildcards for Couples Fun,1729440345111433380,$22.14,,,
petitewithjessy,Womenswear & Underwear,"$2,126.52",Sports & Outdoor,$59.66,"Tanming Womens Cotton Linen Pants Casual Button Up High Waisted Wide Leg Trousers Minimalist Basic Breathable Fabric Casual Loose Comfy Summer Beach Trousers,summerwins,summeroutfits,vacationoutfits,beachoutfits,back to school shopping",1732301686597849235,"$1,501.75","Chouyatou Women's Cute Sexy Thick Chic High-Waisted A-Line Cowboy Denim Skirt, Bohemian Style with Flowing Ruffle, Button Closure, and Tiered Design, Elegant, Women Fashion, Skirts For Women,back to school shopping",1731894392498983305,$347.65,"Chouyatou Women's Mid-Rise Floral Print Cropped Denim Trouser - Bohemian Loose Wide-Leg Streetwear Pants, Women's Clothes Bottoms, Jeans Capri Pants, Fashion Apparel,back to school shopping, Baggy, Stylish Women's Wear",1731882983466242441,$71.98,Cicy Bell Womens Hollow Out Maxi Skirts Summer High Waisted Boho Fringe Hem Long Skirt,1731733978686329199,$37.91,"utcoco Women's Bib Overalls, Cute Floral Print Denim Jumpsuit with Baggy Wide Leg and Adjustable Straps, Fashion Apparel Chic Pants,back to school shopping, Flower, Women's Clothes,clothes for back to school,first day of school outfits",1729494608230520289,$35.99
peytonxblack,Beauty & Personal Care,"$53,588.04",Womenswear & Underwear,$570.22,"tarte BB blur tinted moisturizer SPF 30 - instantly brightens, hydrates & smooths your skin",1729584174847071164,"$23,421.87","Palladio Under Eye Brightener Cream Cosmetic - Caffeine Peptides, Vitamin E, Radiant Coverage, Blendable Color Corrector & Primer, Smooth Setting, Evening Dull Tired Skin, Reduces Dark Circles",1729881829798023357,"$7,823.81",On 'Til Dawn Bronze Veil Waterproof Setting Spray,1732455657267630903,"$6,352.93",tarte Big Stick Energy duo – shape tape concealer stick & brush,1730956811325510588,"$3,660.34",Ultimate Color Corrector Stain,1732518933400032055,"$3,132.22"
peytonxshops,Beauty & Personal Care,$71.00,,,Pout Clout Lip Plumping Gloss Pen,1729436365218091299,$55.00,"e.l.f. Glow Reviver Melting Lip Balm, Hydrating Lip Balm High-Gloss Shine and Buildable Color 15.4mL",1730991053913559331,$8.00,"e.l.f. Lash XTNDR Tubing Mascara - Lengthening Lash Extension Effect, 5% Jojoba Oil, Clump-Flake-Smudge Resistant, Easy Warm Water Removal",1729416573902754083,$8.00,,,,,,
pinspo.girl,Womenswear & Underwear,"$15,597.68",Beauty & Personal Care,"$15,383.91","Etekcity ESN00 AI Smart Food Scale | 19 Nutrient Facts Auto Scan | Digital Calorie Counter for Meal Prep & Fitness | Compact Stainless Design, Summer Sale,home essentials",1729408268190847371,"$11,254.27",Sticky CAKES Circles Non-Toxic Silicone - Adhesive-Free Nip Nook Reusable for 5 Wears Seamless Coverage Womenswear Bra - Product provides coverage not lift,1731036579930346047,"$5,393.09","Women's Original Magic Fleece Lined Leggings - Lady Clothes, Cute Clothes, Compression Band, 1-Seam Option, Closed Foot, XXS-3XL, 4 Shades, Plus Size Available, Light-Brown Fur Fleece Tights",1729406693411230691,"$5,214.97",Fenty Skin Butta Drop Body Cream + Body Milk Body Care Hydrating Lotion Duo,1729716038966481710,"$4,785.69",Fenty Beauty Limited-Edition Gloss Bomb Burst Color-Intensifying Lip Luminizer Duo,1732471134830891822,"$2,971.91"
prettygirlglaze,Furniture,"$62,958.00",Food & Beverages,"$23,179.72","Medium Firm Hybrid Memory Foam Mattress - 8/10/12/14 in Twin, Full, Queen, King Sizes, Lumbar Support, Ergonomic Design, for Home Rooms, Hotels, Boxed Furniture Gift, Memory Foam Mattresses, Queen Size Mattress,dorm essentials,home decor",1730092261582738160,"$62,269.77",Unshelled Sunflower Spicy Red Seeds 12oz,1732220469286507347,"$8,775.26",SHAPSHE Waist Shapewear Corset for Women Sport Workout Vest for Women Gym Zipper and Hooks,1732027199022469228,"$5,006.22",【Runs Small】Popilush Leopard Print Corset Top Women Detachable Strap Lace Up Bustier Sculpting Shapewear Tank Top SohoChic Party Club Streetwear,1731223145403945796,"$3,662.71",Mini CRUMBS Spicy Red 5oz,1732242023177360211,"$2,725.83"
ragdollmanor,Food & Beverages,"$43,206.94",Health,"$33,346.53","Bears with Benefits Biotin Gummies for Hair Growth, Skin & Nails –  5000 mcg Biotin + Vitamins C & E + Zinc - 30 Gummies - Vegan Wild Berry Flavor - 1 Month Supply",1730755223971074070,"$32,837.29","BUILT Bar Puff Protein Bar, Pumpkin Cookie Chunk, Protein Packed Snack, Collagen, 160 calories, Not Gluten Free, 12 Count Box",1731834460486013170,"$15,824.22",tarte colored clay CC undereye corrector,1729734769623929788,"$13,090.03",Whipped Lemonade Protein Smoothie by FlavCity Weight Watchers,1732457573392093611,"$7,800.41",Evergreen Set of 3 Lighted Halloween WitchStakes,1731081757354464199,"$7,745.07"
rebecca.becca.b,Health,$36.28,Womenswear & Underwear,$32.36,"THORNE Creatine, Micronized Creatine Monohydrate Powder, 90 Servings | Supports Lean Muscle Mass, Endurance & Cognitive Function*, Unflavored, 5 g per Serving, NSF Certified for Sport",1729722578519626219,$36.28,Comfrt | Cloud Sweatpants | Buttery Soft Jogger Casual Style Sweatpants Deep Pockets,1729417808740520835,$32.36,,,,,,,,,
riannapepe,Beauty & Personal Care,"$22,102.29",Womenswear & Underwear,$277.48,Barbie x Glamlite Lip Kits,1732369753148658425,"$2,102.56",No Limits Cream Bronzer Stick,1729385764072624843,"$2,006.74",Barbie x Glamlite Makeup Set,1732367766276117241,"$1,937.97","Dr.Jart+ Cicapair 5-Piece Redness Relief Routine | Instant Redness Relief | Korean Skincare for Sensitive Skin, Barrier Repair, Color Corrector SPF",1732338093671617000,"$1,659.78",Lasting Mark™️ Lip-Defining Stain,1732567791732494864,"$1,643.50"
risingwithcristina,Sports & Outdoor,$255.90,Health,$195.39,"5 or 2 High Capacity Emergency Survival Water Straws - Personal Filter for Camping, Hiking, Travel Biking, Survival Preparedness, Lightweight Reusable",1729419146074362732,$255.90,"I Am Joy: Ormus Gold Oil Monoatomic Helps to Decalcify Pineal Gland, Repair DNA, Increase Manifestation Speed - Rich with Minerals Platinum, Iridium Using Non Chemical Solvent Extraction 4oz",1729407118584156350,$195.39,,,,,,,,,
rondadaly,Womenswear & Underwear,"$7,807.22",Sports & Outdoor,"$4,225.57",【Creator’s Pick】Halara Ribbed Knit Off Shoulder Long Sleeve 2-in-1 Casual Top #BackToSchool,1732205256768394078,"$3,255.83","Scacto Women's Classic Long Denim Trench Coat, Collared Button-Front Outerwear for Elegant Basic Outfits, Lady,back to school,back to school shopping, Long Sleeve,clothes for back to school,first day of school outfits",1732067582857941866,"$2,190.43","PrettyGarden Women's 2-Piece Outfits Short Sleeve Pullover Tops Split Hem Wide Leg Pants Lounge Sets, Comfy Pjs, Soft Suits-Womenswear Loungewear Nightwear#SwimWeek#Summervibes#DealsForYouDays",1729444226407305583,"$1,322.56","TIMEOFF Women's Short Sleeve Zip-Up Mock Neck Athletic Romper with Flared Skirt - Sporty Chic Dress, Athleisure Tennis Attire, Women's Clothing for Summer Fitness,summerwins,travel essentials,camping essentials",1731131763555144432,$663.91,"Transparent cosmetic storage bag, convenient handheld bag for parties and travel, suitable for storing towels and toiletries, can also serve as a small gift",1732484650772108139,$565.65
sam_joness_,Home Supplies,"$33,638.92",Sports & Outdoor,"$25,585.01",Hotel Collection | Scent Diffuser Discovery Kit Covers up to 600 sq/ft with One Fragrance Oil 50mL (1.69 Fl Oz),1732266143641211591,"$28,733.62",NEW BALANCE 530 Womens Shoes,1730843455865524661,"$19,737.65","LOVEVOOK Colorblock Carry-On Travel Backpack with 3 Packing Cubes and Laptop Compartment - Personal Item,TSA-Friendly, Travel Essentials, Airline Approved Travel Bag for Hiking, Weekend, TikTokShopBackToSchool",1729417326447727282,"$10,094.09","SEESE Cordless Pressure Washer and Single Port Charger Base, Bottle Portable Washer for Car,Home Cleaning & Garden Watering",1731236289885213002,"$7,837.55",Flamingo Light Hydrating Spray for Skin Repair & Moisture - Nourishing Formula with Papaya Fruit Extract & Sunflower Seed Oil - 6.7 oz Radiant Lotion Hydrate Moisturizing,1729470340006121588,"$4,850.60"
samanthasingsit,Beauty & Personal Care,$274.58,Womenswear & Underwear,$17.99,"USB Charging Hair Trimmer, Multi-Functional Electric Clipper, Portable Split Ends Trimmer, Home Use, Auto Hair Cutter, Gift Idea",1729396681962852545,$96.34,"Prosa Volumizing Mascara 3-Pack Bundles - Silicone, Water-Proof, Avocado-Infused Natural Cosmetic with Micro-Fibers for Eyelash Max Volume, Professional Classic Makeup Products, Mascara Lash Enhancer",1729552289872581594,$91.68,"DELUXE Ruby May Makeup Box Bundle - Eyeshadow, Lipgloss, Brow Products, Makeup Brush, Mascara, Blush, Setting Spray, Lash Essentials - Beauty Cosmetic Set - Ships from California, Pre-Packaged Makeup Sets",1729692159331569969,$68.02,"Women's Elegant Halter Deep V High Slit Bodycon Dress - Polyester Spandex Fabric, Stylish Design, Slim Fit, 1 Piece, Drop Shoulder Detailing, Digital Print Accent, Feminine Comfortable Lightweight Casual Wear, Style, Sexy",1729452961865830868,$17.99,"12 Colors Concealer Palette, Natural Facial Contouring Makeup Palette, Long Lasting Concealer Cream, Facial Detailing Makeup Tool, Summer Makeup Gift",1729388300215292246,$15.38
samshops_beauty,Home Supplies,"$2,945.78",Beauty & Personal Care,$163.78,"Sweetcrispy Modern Illuminated Vanity Mirror - LED Desktop Makeup Mirror with 3-Mode Lighting, Touch Screen Control, Detachable Base, Desk Gadgets, Apartment Accessories, Decor, Room Decor",1731634628381414114,"$2,945.78","[medicube] Mix & Match Toner Pads Setㅣ Pore, Use After Spot, Brightening Care for Clear & Glass Glow SkinㅣTikTok Viral Toner Pads",1731192157304754411,$71.96,Soft Glam Baked Blush,1731792682119434548,$50.02,"[medicube] Mix & Match Boba Cream Set | Tiktok Viral Capsule Creams for Uneven Skin Tone, Glow Hydration, Korean Skincare, K-beauty Skin Repair",1731513004788453611,$36.10,"Sweetcrispy Soft Durable Memory Foam Mattress Topper - Breathable Bedding Topper, Compact Bed Accessories for Bedroom, Guest Room",1729707309447090914,$33.23
saoirse.simons,Kitchenware,$23.83,,,Temp-tations Set of (2) 16-oz Seal the Meal Mugs,1732321134979945415,$23.83,,,,,,,,,,,,
sarahhill920,Womenswear & Underwear,"$8,098.32",Beauty & Personal Care,"$7,305.75","BIO IONIC OFFICIAL: Long Barrel Curling Iron - Hair Curler Adjustable Heat Settings, Effortless Voluminous Curls & Waves, Auto Shut-off, Easy to Use Styling Tool, For All Hair Types Comfort",1731031588942615519,"$4,561.42","C202 Women Merino Wool Sweater Lightweight Soft Slim Fit Crew Neck Spring Layering Top Everyday Long Sleeve Casual, Fabric, Essential,clothes for back to school,first day of school outfits",1732029819856261826,"$1,400.81","Bali Body Clear Self Tanning Gel | Streak-Free Sunless Self Tanner for Face & Body, Hydrating Lightweight Formula for All Skin Types Including Sensitive Skin, No Guide Color, No Staining, Vegan & Cruelty-Free",1732283704969498772,"$1,107.26",INLYRIC Women's Cosnufy Mesh Sheer Long Sleeve Tops See Through Boat Neck Going Out Tops Trendy Sexy Shirts,1731922990146031856,$899.97,"C202 Women's Boat Neck Basic Top Long Sleeve Minimalist Everyday Essential Soft Wool Blend Elegant Neckline Easy to Style Spring, Shirts, Fabric,clothes for back to school,first day of school outfits",1732029891601011394,$805.65
sashamarielovesshopping,Womenswear & Underwear,"$7,683.09",Beauty & Personal Care,"$2,674.01",BraSculpt Strapless Bodysuit Thong,1730963087669432340,"$1,950.71",NuDerma Standard High Frequency Wand for Anti-Aging and Anti-Acne Neon Argon Gas by Pure Daily Care high frequency wand hair,1729404718196625773,"$1,424.11",Tezi Boat Neck Light Knit Top,1731845458810343586,"$1,376.18",Daytime Low Rise Baggy Jeans,1729441178301665442,$706.92,"Make Up For Ever HD Skin Multiuse Cream Foundation & Blush Palette - 12 Shades for Flawless Complexion - Makeup, Blend - Make Up For Ever",1729623254241153997,$389.26
savi_trends,Kids' Fashion,$457.36,Shoes,$237.42,"balabala Girls' Casual Trainers, Retro Bow-Knot Low Top Sneakers with Hook-and-Loop Strap, Lightweight Nonslip Shoes for Back to School, Nonslip Trainers, Athletic Sneaker Footwear, Trendy Trainers,back to school",1732106026751726328,$457.36,"Dolly Parton Heaven's Kiss Lipstick Makeup - Satin Finish, Moisturizing, Lightweight, Vegan, Paraben-Free, Rhinestone-Studded Case",1731500263722750439,$151.21,Extra Strength Pain Relieving Oil Blend,1732436607183590293,$136.00,Smart ECG Health Monitoring Ring – ECG/Heart Rate /Sleep /Activity Tracker/Blood pressure/Blood glucose/Spo2/Temperature/Water Proof,1731170696570310865,$129.63,Cefiro Urban Envelope Bag Large - Stylish Urban Envelope Crossbody Bag Vegan Leather with Gold Hardware and Detachable Strap for Everyday Use,1732080603864469523,$118.18
seasonaldiariess,Kitchenware,"$53,911.17",Food & Beverages,"$7,718.41",Coca-Cola & Frost Buddy - Stainless steel - Dual Wall Vacuum Sealed - Drinkware,1732382098705650570,"$17,613.53",To-Go Buddy - Universal Cup Insulator for to-go cups - Keeps Drinks Hot Cold 12+ Hours - Vacuum Insulated Tumbler,1729430518270038922,"$11,216.56",Frost Buddy Halloween,1732471007461348234,"$10,058.57",New Thicc Buddy 50oz Leak Proof Double Wall Vacuum Sealed Tumbler with Handle Fits Lip Balm & Keys Drinkware Flasks Lid Insulated Mug for 12+ Hours Cold & 8+ Hours Hot,1732139017504789386,"$3,187.97",Bottle Buddy - Dual Function lid Water Bottle - Stainless Steel - Double Wall Insulated,1730778201079387018,"$3,117.54"
shilohstemple,Beauty & Personal Care,"$115,298.45",Fashion Accessories,"$16,686.53",[HOT] SKINTIFIC Hydrating Brightening Lip Serum with Hyaluronic Acid & Peptide for Radiant Lips Gentle Glossy Korean Beauty Makeup Balm Shea Smooth Moisture with Cooling Metal Roller Applicator,1731832307922407544,"$19,684.10","[TIRTIR Official] Glide & Hide Dual Concealer and Foundation 2-in-1 Stick l Lightweight Coverage, Flawless Makeup Cosmetic foundation stick",1731165559314747994,"$15,370.69","e.l.f. Glow Reviver Melting Lip Balm, Hydrating Lip Balm High-Gloss Shine and Buildable Color 15.4mL",1730991053913559331,"$15,341.43","TYMO FLIPRO Hair Care Set - FlipPro 2-In-1 Straightener Comb & Styling Tool with TYMO Heat Protectant Spray for Lightweight Frizz Control, Ceramic Coating, Fast Heat-Up, Summervibes gift Hair Flat Iron fathersdaygift,father'sdaygifts,dorm essentials toolu",1731735771965723102,"$9,037.11",The Frontal Queen Lace Melting Spray for Ashy Lace - Sweat-Proof & Slay-Proof Haircare Spray 4.2 FL OZ 120 ML,1729634847397811095,"$6,285.42"
shopaholicallee,Womenswear & Underwear,"$55,882.95",Sports & Outdoor,"$34,691.39","Women's 5-Pair Viral Cute Halloween Crew Socks Set, Calf-High Knit, Soft Stretch Warm Playful Print Pumpkin Ghosts, Fall Winter Essentials for Adults, Whimsical Gifts",1732470364146930295,"$13,341.48",Hanes Originals Women’s Supersoft Comfywear Sleep Slip Dress Women's Intimates Comfortable Fit Soft Stretch Fabric Breathable Hla219,1731467663274185700,"$10,104.96",【Creator’s Pick】Halara UltraSculpt High Waisted Tummy Control Pocket Shaping Training Capri Leggings #BackToSchool,1731269947944768350,"$7,258.69","Tanming Women's Baggy Wide-Leg Pants - Casual, Elastic-Waisted, Bohemian Minimalist Basic Women's Clothes Bottom with Pockets,summerwins,summeroutfits,vacationoutfits,beachoutfits,back to school shopping",1729491434710208659,"$6,730.09","4 Pairs Women's Stylish Mid-Calf Socks - Trendy Striped Leopard Print, Comfortable, Soft For Both Lounge and Outdoor Wear",1732147619087356375,"$6,178.33"
shopaholicallee2,Sports & Outdoor,"$29,509.18",Womenswear & Underwear,"$16,939.01",NIKE V5 RNR Womens Shoes,1732319439864566197,"$9,107.83","Long Sleeve Denim Jacket for Women,Drop Shoulder Curved Hem Denim, Classic Button Down Denim Jacket with Chest Pockets, Fashion Women's Clothing for Daily Wear, Vintage Western Trucker Jacket, Outerwear",1729469572738027768,"$6,595.79",【Creator’s Pick】Halara UltraSculpt High Waisted Tummy Control Pocket Shaping Training Capri Leggings #BackToSchool,1731269947944768350,"$6,357.16",Halara UltraSculpt™ High Waisted Tummy Control Contrast Lace Shaping Training Leggings with Pockets #BackToSchool,1731361332119834916,"$3,988.88","【Creator’s Pick】Halara UltraSculpt High Waisted Tummy Control Pocket Shaping Training Biker Shorts 3""/5""/7""/9"" #BackToSchool",1729465442609172772,"$3,524.24"
shopjulesm,Womenswear & Underwear,"$15,421.87",Sports & Outdoor,$127.96,SCUSTY Women's Autumn Sweater Cardigans Graphic Button Down Collar Knitwear Long Sleeves Y2K Oversized Print Coat,1731465165517983987,"$3,366.14",Imily Bela Women Striped 3/4 Sleeve Knit Cardigan Casual Crew Neck Button Down Cropped Sweater Jacket Y2K Fall Outfits Striped Knitted Cardigan Knitting Cardigan,1732489902525419533,"$1,000.57",Freya ONESO Women Mid Rise High Stretchy BBL Jeans Butt Lifting Wide Leg Raw Hem Denim Pants Tummy Control Spring Basic Minimalist Woman Denim Bottom Comfortable Denim Jeans OSW8019 Plus Size Regular Size Fashion Daily Outfits DIY Inseams #SummerVibes,1731273402271240469,$877.52,"Songling Women's Bohemian Wide-Leg Casual Beachwear Pants, Summer Flowy Pockets-Equipped Harem Bottoms, Womenswear, Bohemian Pants",1732403857651110727,$870.91,"Imily Bela Women Striped Sleeve Knit Cardigan Casual Crew Neck Button Down Cropped Sweater Jacket Y2K Fall Outfits, Knitwear, Button Cardigans",1732490286156452326,$775.29
shopwithangiemae,Womenswear & Underwear,$22.79,,,Dokotoo Women's Oversized Waffle Knit Pullover Sweaters Fall Outfis 2026 Classic Crewneck Pullover Tops with Round Hem Teacher Clothes Casual Travel Vacation All Day Wear Cute Trendy Winter Clothing,1731794721041257461,$22.79,,,,,,,,,,,,
shopwithrisah,Fashion Accessories,$129.26,Beauty & Personal Care,$85.35,Zlzlblbl 30inch Highlight Ombre Lace Front Wig Human Hair 13x6 HD Honey Blonde 4/27 Curly Wave Lace Frontal Wigs Glueless Wigs Human Hair 200% Density,1732220989095056066,$129.26,"Ryl Iced Tea- Jolly Rancher Variety Pack- Blue Raspberry and Green Apple- 0 Sugar, Antioxidant Superblend, Low Calorie, Low Carb, Non-GMO, Kosher, Gluten Free, Made in the USA, 4-Pack, 16 Fl Oz",1732299451586351442,$50.93,Fenty Skin Butta Drop Hydrating Body Milk — Salted Caramel,1731567998950806318,$36.00,Strengthen & Replenish Shampoo and Conditioner Set anti-hair loss rosemary,1729498483389338508,$29.39,R&W Co. Toilet Bowl Cleaner,1732464959572971666,$17.35
skylerbaseballmom,Womenswear & Underwear,$849.54,Luggage & Bags,$262.75,"G4Free Women's High Waist Wide Leg Yoga Pants - Soft Stretch, Pockets, Curvy Plus-Size Clothes, Business Casual Pants for Women, Chic Daily Outfit EverGoing 2026",1729814417873080623,$336.56,"【Summervibes】XPUDAC Matching Women & Dog Pajamas Set Short Sleeve Tee & Shorts,Owner and Pet Pajamas Are Sold Separately,Soft Casual Homewear for Lounging & Matching Photos Loungewear Cute Outfits Fabric Clothes Petlovers",1729503187618469344,$159.80,"【Limited Deals】TANKANEO Women's V-Neck Babydoll Blouse, Elegant Ruffle Short Sleeve Top with Scalloped Trim, Loose-Fitting Dressy Casual for Summer, Lady, Shirts",1732196678361453280,$117.45,"Portland Leather Koala Sling Bag – Premium Leather Crossbody Shoulder Bag for Travel & Everyday Carry – Adjustable Strap, Magnetic Closure",1732046851932983468,$104.99,R&W Co. Multi-Purpose Cleaner,1730656811716874386,$96.41
skylerclarkk,Textiles & Soft Furnishings,$26.97,,,Michael Jackson High Quality Flannel Blanket - Premium Flannel Material Super Soft Comfortable Throw for Travel Bedding Couch Hiking Bed Mother's Day Valentine's Day Birthday Christmas Gift,1732010612272108340,$26.97,,,,,,,,,,,,
southern_wellness,Health,"$9,717.09",Food & Beverages,$254.90,"Micro Ingredients Testosterone+ Advanced for Men & Women, 240 Softgels | 15-in-1 Complex with Tongkat Ali, Horny Goat Weed, Shilajit, Maca & Saw Palmetto | Non-GMO",1732277848170402477,"$2,024.30","Micro Ingredients Liposomal NAD+ Ultimate 1,000mg, 60 Veggie Capsules",1731481178363761325,"$1,564.91",Akasha GLOW & GROW Gummy Bundle,1731652917122208761,"$1,465.27",Akasha Sea Moss & Pearl Powder GLOW Gummies - Supplement for Collagen & Skin - Edible,1729409018910774265,$991.90,"ESTHER FORMULA Liposomal Glutathione Direct (284mg*30strips) Glutathione Strips, Korean Beauty Supplement Made in USA for antioxidant, Skin Tone Care, K-Beauty, Inner Beauty Healthcare Fitness beauty film",1731249117070201460,$554.87
southernlakemom,Womenswear & Underwear,"$129,662.12",Shoes,"$14,493.83","The Original Croptuck: Lightweight Adjustable Band for Crop Tops, Tucking, Cropping Oversized Tops, Layering, Shortening Dresses & No-Sew Fashion Hacks",1729385252914762474,"$15,007.78",SCUSTY Women's Casual Summervibes Two Piece Sets Color Block Crewneck Sleeveless Pullover Tops Matching Shorts With Pockets 4th of July Independence Day Outfit,1731188415101440243,"$10,510.48","FINAL SALE-Ribbed, Acid-Washed Women's Casual Dressbed Acid Washed Dress",1732458879438656204,"$9,889.79",UANEO Loose Barrel Pants for Women Quick Dry Lightweight Hiking Travel Workout Running Comfy Lounge Pants with Pockets SummerVibes,1731708005151117621,"$6,191.71",Imily Bela Women Off The Shoulder Romper Flowy Strapless Smocked Jumpsuit Playsuits Dress,1729448340331073727,"$5,755.96"
soyabundanciaa,Womenswear & Underwear,"$105,350.79",Sports & Outdoor,"$6,166.79",LUCKMEEY Women High Waisted Seamless Shapewear Shorts Tummy Control Butt Lift Faja Body Shaper Breathable Slimming High Waist Shaping Shorts with Built-in Crotch Invisible Fit for Everyday Wear#tiktokshopbacktoschool#sohochic,1730652584168165420,"$26,972.12",SHAPELLX Shapewear Sculpting Shorts for Women Seamless High Waisted Body Tummy Control Shaper Thigh Slimming Underwear Womenswear Seamless Compression Shaper,1731280168955253376,"$20,211.67",Popilush Spaghetti Strap Cowl Neck Midi Swing Dress Casual Breathable Elastic Fabric for Everyday Womenswear Feminine Adjustable Mesh SohoChic,1732017386487976772,"$8,047.60","Women's Simple Solid Backless Halter Sleeveless One-Piece Jumpsuit, Elegant Chic Ruffle Design, Perfect for Casual Wear, All Seasons Fashion, Outfit",1732187881328251637,"$7,054.10","Chicovar Women's Square Neck Boho Mini Dress – Long Sleeve Smocked Waist Tiered Ruffle Dress with Pockets , Cute Lantern Sleeve for Spring Wedding Guest, Family Photos, Church, Westernfashion, Summervibes",1731477912327721445,"$5,610.60"
spankifarris,Textiles & Soft Furnishings,"$8,418.31",Womenswear & Underwear,"$3,366.48","[backtoschool] WeCharmer Extra Thick Mattress 1000&500 GSM Topper, Down Alternative Overfill Plush Mattress Pad, Cooling Pillow Top with 8-21Inch Deep Pocket,summerwins,back to school,back to school shopping,home decor",1729457680158658805,"$7,666.70",PrettyGarden Oversized Tshirts Shirts for Women Summer Tops Casual Short Sleeve V Neck Loose Basic Tees#Summervibes#SwimWeek#DealsForYouDays,1732190593624871279,"$2,041.32",Freya ONESO Women Mid Rise High Stretchy BBL Jeans Butt Lifting Wide Leg Raw Hem Denim Pants Tummy Control Spring Basic Minimalist Woman Denim Bottom Comfortable Denim Jeans OSW8019 Plus Size Regular Size Fashion Daily Outfits DIY Inseams #SummerVibes,1731273402271240469,$831.12,"ThermoMaven 1-Touch Max Fire Brass ABS Culinary Propane Blow Torch Gun (Single Unit, Tank Not Included) with Safety Lock, Powerful Flame for BBQ Grill, Bakeware, Kitchen Use, Charcoal Lighter, Sous Vide Tool",1731065743854702822,$708.07,"DECOLURE | Bamboo Cooling Sheets 6pc Set – Ultra Soft & Breathable Bed Sheets for Hot Sleepers, Silky Viscose from Bamboo, 17"" Deep Pocket Fitted Sheet, Flat Sheet & 4 Pillowcases, Wrinkle-Free Luxury Hotel Bedding, Hypoallergenic, Oeko-Tex Certified",1729916842555707699,$403.86
specificallyketchup,Health,"$2,297.32",Beauty & Personal Care,$124.91,LEEFAR Her Juicy Feminine Probiotics Gummies- All in One Solution with Slippery Elm and Prebiotics&Lactobacillus Probiotic Blend for Women’s pH Balance and Dryness - Hawaiian Pineapple Gummies 60 Count probiotics women,1729890372836496007,$813.79,Wet & Wild Bundle - URO Women's Probiotic Capsules (30 Servings) and URO Moisture & Mood Capsules (30 Servings) with Ashwagandha and Gingko Biloba,1731431398236263126,$796.03,URO Women's Probiotics - 60 Count (Pack of 1) - Prebiotic and Probiotic Capsules for Healthy pH Balance and Odor,1729398461940339414,$282.83,LEEFAR Her Juicy Feminine Probiotics Gummies- All in One Solution with Slippery Elm and Prebiotics&Lactobacillus Probiotic Blend for Women's pH Balance and Dryness - Hawaiian Pineapple Gummies 60 Counts Women's Probiotics,1729945116083917472,$210.09,LEEFAR Her Juicy Feminine Probiotics Gummies- All in One Solution with Slippery Elm and Prebiotics&Lactobacillus Probiotic Blend for Women's pH Balance and Dryness - Hawaiian Pineapple Gummies 60 Counts Women's Probiotics,1729968753046294560,$45.63
stephanie_stimson,Beauty & Personal Care,"$72,836.05",Shoes,"$14,175.25","Bellavita Luxury Senorita Eau De Parfum | Women's Perfume 100ml (3.38 FL.oz) | Playful, Sweet & Confident Notes | Long-Lasting | Vegan & Cruelty-Free",1729470893913576374,"$11,022.11","Stylish Women's High Heeled Shoes, Slingback Stiletto Heels, Minimalist Slingback Pumps, European Style Patent Leather, Elegant Party Shoes Hollow Side Design, Classy Fashion Slimming Look, Exquisite Heels for Parties and Events, Elegant Footwear",1732180721823158836,"$10,558.06",KI Exosome Booster Ampoule Kit – Advanced Skin Care for Hydration & Glow | Made in Korea,1731494674229465785,"$8,240.46",Special Set -Drpen M8S Beauty Device Set with Storage Case with 20 Cartridges,1732359346028974679,"$7,063.19",Voyage Nova | Rosey Fruity Floral | Extrait De Parfum 50ml/100ml | Long Lasting Luxury Fragrance | Daily women's perfume Alluring Summervibes sohochic,1732263142232921043,"$4,306.71"
stephsharesitall,Computers & Office Equipment,"$25,947.09",Home Supplies,"$17,298.02","Magnetic Photo Frames 2""x2"" Clear Acrylic DIY Fridge Magnets with Adhesive Backing – Square Magnets for Crafts, Kitchen, Classroom, Party & Office Decoration Back to School College Dorm Essentials #HomeEssentials #TikTokShopBackToSchool",1732288674913947952,"$17,198.27","Vibrant Dinosaur 4-in-1 Mini Multicolor Pens Bulk (20/30/50Pcs) - Back to School Shopping Fun Desk Supplies, Mini Gifts for Kids' Birthdays/Party Favors, Teacher Student Office Stationery Mid-Year Sale Restock",1731220844494426246,"$14,706.19","Class Keeper® Back to School Memory Book - 14 x 10 x 2.5 inches, Bonus 1-Year Mobile App Membership, Simple Stylish Photo Keepsake Album with Ring, Templatized Pages, Cover & Box, 2 Styles, Halloween Gift (Office Stationery Notebook)",1729406439405424663,"$6,484.90","Egofuntoy Erasable Reusable Watercolor Pen Doodle Set for 1-4 Year Old Toddlers - Colorful Marker Pen, Drawing Art Supplies, Painting Supplies Kit, 12 Markers, 14-Page Unicorn Book, Car Travel Kids Toys Cool Gifts, Cool Gifts For Kids",1729476492327489974,"$5,326.65","Lifelines FlowArt Guided Art Meditations – Activity Pads with Themed Markers – Dot-by-Letter, Hidden Patterns, Pogo-Dot, Mosaic Designs, UV Art, or Dot-Pop - Coloring Books for Teens, Adults & Seniors",1731442954403287874,"$1,991.44"
stephsimons,Home Supplies,"$27,704.96",Textiles & Soft Furnishings,"$4,123.35",Wicker Park Set of 2 12' Oversized Cedar Garlands,1731664703525458887,"$5,230.83",Mr. Christmas 40in Blow Mold Nostalgic Round Tree,1731829293855642567,"$4,975.99","Wicker Park 24"" Indoor/Outdoor Jumbo Potted Faux Mums",1732525385408811975,"$2,812.35",Mrs. H by Dee Hilfiger 50oz Spiced Wine Glass Candle,1731967024797815751,"$2,022.48",TRTL TRAVEL PILLOW,1729472069440934578,"$1,870.43"
stephsimonslive,Home Supplies,$81.77,Kitchenware,$46.20,Set of 2 Lit Candle Holder Pedestals with Mirror Inserts by Valerie,1730748406521304007,$44.37,"Kringle Express Set of (2) 8"" Flameless Snowflake Lanterns",1731382449958785991,$37.40,Temp-tations Seasonal Footed 2.5-qt Serving Bowl,1731011768663643079,$23.24,Temp-tations Seasonal Set of 4 Spoon Rests with Gift Boxes,1731399317173670855,$22.96,,,
strawbxrrymilkx,Kitchenware,"$226,278.52",Home Supplies,$610.25,To-Go Buddy - Universal Cup Insulator for to-go cups - Keeps Drinks Hot Cold 12+ Hours - Vacuum Insulated Tumbler,1729430518270038922,"$73,211.49",Frost Buddy Halloween,1732471007461348234,"$38,714.43",Bottle Buddy - Dual Function lid Water Bottle - Stainless Steel - Double Wall Insulated,1730778201079387018,"$29,082.58",Bottle Buddy - Collegiate Edition - Dual Function lid Water Bottle - Stainless Steel - Double Wall Insulated,1730941375209313162,"$15,535.46",Thicc Buddy - Leak Proof - Double Wall Vacuum Sealed Tumbler - Handle Fits Lip Balm & Keys - Drinkware,1729443646612673418,"$14,397.30"
styledwithmorgs,Shoes,"$16,020.90",Beauty & Personal Care,$103.92,"FITORY Balance 3 Women's Asymmetrical Retro Flat Sandals, Adjustable Strap Lace-Up Breathable Synthetic Shoes for Casual Summer Beach Wear",1729491742371844264,"$5,117.22","Women's Leopard Print Slip-On Sandals, Leopard Pattern Slides, Casual Fashion Anti-Slip Flat Shoes, Fall Winter Spring Summer Wearable Sneakers, Non Slip Slippers",1731812393800209146,"$4,904.40","New Thick Sole Dad Shoes Casual Sporty Women's Athletic Trainers Sneaker Lightweight Breathable Height Increasing Sneakers, Fashion Sneaker, Round Toe Mesh PU Leather Low Top All Seasons Lace Up Sneaker",1730487360350032080,"$1,861.98","Women's Solid Color Waterproof Rain Boots, Women Shoes, 2024 New Style Fashionable Round Toe Boots for Outdoor Wear, Non-slip Rain Boots for Women & Girls",1729559330841661532,"$1,164.81","Women's Cute Bowknot Leopard Print Wedge Sandals, Elevated Sandals, Casual Fashion Slip-On Wedges, Summer Trendy Shoes for Beach Daily Wear, Fashionable Footwear",1730926239855710932,$848.38
stylevaultverdicts,Womenswear & Underwear,"$10,782.69",Shoes,"$1,923.91","Dream Pairs Women's Knee-High Riding Boots - Riding Boot Style Winter Footwear with Faux Fur Lining, Wide Calf Fit, Instep Zipper for Quick On-Off Comfort, Zipper Quick On, Buckle Strap Hold,shoes for back to school,back to school shoes",1729433233262875532,"$1,923.91",Dokotoo Women's Flannel Hooded Plaid 2026 Shacket Thick Coat Winter Coat for Warmth Button down Warm and Fuzzy Fleece Jacket,1729586299669877749,"$1,484.72",Dokotoo Women's Casual Summer Short Sleeve V Neck Tops T-shirts - Loose Fit & Comfortable Shirring Top,1729440015233422325,"$1,408.98",Dokotoo Women's V-Neck 3/4 Sleeve Oversized Tunic Tops Casual Summer Blouses Fitted Shirts 100% Polyester Comfortable Fabric,1729445592259793909,$999.81,"Women's Casual Floral Tunic Top, V-Neck Blouse with 3/4 Sleeves and Smocked Ruffle Cuffs, Breathable Loose Fit for Spring,back to school,back to school shopping",1729503265742755819,$948.90
sylviavanhoeven,Womenswear & Underwear,"$5,800.61",Fashion Accessories,"$2,091.81",Autumn Winter Women's Knit Sweater High Neck Loose Casual French Style Elegant Simple Solid Color Plain Sweater Pullover Long Sleeve Top,1731461858342704126,"$1,351.23","Rechargeable Selfie Light, Clip Fill Light for Phone Laptop Tablet Portable Light for Video Conference Live Streaming Zoom Call Makeup Picture (Black),back to school,back to school haul",1729415647966630551,$642.37,"innsol Women's Cat Eye Sunglasses - 90s Style, Alt Style, Modern Trendy, Trendy Styling, Lightweight Stylish Shades, UV400 Anti-UV Protection, Casual Glasses for Medium Faces Daily Wear",1731480965419078468,$578.20,Cosnufy Sheer Mesh Mock Neck Tank Top,1731233777730425072,$470.84,〖Summer Vibes〗1/2 PCS Retro Oval Sunglasses for Women Men Fashion Small Oval Sunglasses 90s Vintage Shades Frames UV400 Protection Classic Design sunglasswomen rich girl sunglasses,1731169899358556281,$373.68
sylviavanhoevenbeauty,Beauty & Personal Care,"$129,317.44",Fashion Accessories,$462.75,"2-Color Smooth Eyeshadow Stick Set, Long-Lasting Waterproof Makeup Products, Matte Highlighter & Glossy Eye Pencil, Easy Colored Eyeshadow for Beginners",1732305739916809186,"$71,344.15","Lifter Glaze Oil Balm with Hyaluronic Acid and Hydrating Oil Blend, Lip Balm with 24HRs of Smooth, Buildable Color, Moisturizing Shine, Maybelline",1730927783781307026,"$15,065.95","ColourPop Shadow Stix - Creamy Pigmented Long-Wearing Eyeshadow Stick with Built-in Sharpener - Matte, Metallic, and Chrome Finishes",1729555874369343537,"$10,255.10","Lassi Lips Staining Lip Oil - Up to 8hr Wear, Transfer-proof, No Peeling or Wiping Off, Ultra-comfortable, No Flaking or Feathering with Vitamin E & Mango Seed Oil",1729607961691853620,"$7,213.37",No Limits Cream Bronzer Stick,1729385764072624843,"$2,805.65"
tarynupmyheart__,Toys & Hobbies,$561.69,Health,$297.01,"Tinyfunz Montessori Pre-Assembled Multi Activity Playset - Portable Kids Toddler Sensory Board, Preschool Interactive Learning Toy with Flash Cards, Animal Icons, Safe Plastic Stickers, 3-6 Years Birthday/Christmas Gift, Sensory Activity Board, Preschool,",1729496900283568665,$561.69,"Nello Supercalm Tub (2-Pack): Calming Drink Mix with KSM-66 Ashwagandha, Vitamin D3, Magnesium & L-Theanine – Supports Cortisol Balance, Mood & Sleep, Helps Manage Occasional Stress – Tub (30 Servings) Mental Clarity Relaxation",1730363479151776184,$297.01,,,,,,,,,
taxicabbbbbbb,Womenswear & Underwear,"$25,558.44",Sports & Outdoor,"$7,468.94","New Yoga Tank Top High Waist Quick-Dry Casual Culottes Capris Pants Running Outdoor Yoga Set for Women, Capris ,Comfortable and Stylish Activewear",1732380858123457363,"$5,429.33",CAKES Lift - The Nipple Cover that lifts,1732548908548788799,"$4,083.94","Dazzle Dry Professional 4-Step Mini Kit - 5-Piece Long-Wear Chip-Resistant Nail Polish, 0.93 fl oz Total Base Coat for Fingernails & Toenails, Manicure, Nail Art, Daily Use, Anti-Peeling High-Performance Formula",1731463241978843345,"$2,882.94",BraSculpt Strapless Bodysuit Thong,1730963087669432340,"$2,503.13","CAKES Tape -  The Easy-to-Use, Better-for-You Boob Tape",1732269873025684031,"$2,210.81"
tayloradis,Textiles & Soft Furnishings,"$72,962.25",Womenswear & Underwear,"$45,563.98","Comfrt | The Dreamer Blanket | Oversized, Cozy, Soft Warm Throw",1729931833196778371,"$71,125.17",Comfrt | Waffle Lounge Tee | Textured Waffle Knit Casual Fit Loungewear Top,1731425990041768835,"$8,220.76",Comfrt | Inflate Zip Hoodie | CloudTouch Fleece Zip-Up With Built-In Travel Pillow & Eye Mask,1732586599091770243,"$6,005.67",Comfrt | Airplane Mode Travel Hoodie | Oversized Hoodie With Eye Mask For Travel & Airport Style,1731474967302738819,"$5,888.43",Comfrt | Dreamday Plush Robe | Ultra-Soft Unisex Plush Robe With Deep Pockets Flattering Fit Indulgent Robe,1732274801306669955,"$4,243.31"
thatgirlkaty2,Beauty & Personal Care,"$20,909.71",Luggage & Bags,"$12,746.34","tarte BB blur tinted moisturizer SPF 30 - instantly brightens, hydrates & smooths your skin",1729584174847071164,"$12,583.84","Universal College Clear Bag for Stadium Events - Stadium Approved Crossbody Bag, Clear Stadium Bag for Concerts & Sports Events,Florida Gators/UNC/Auburn Tigers/Texas Longhorns/Tennessee Volunteers/Oklahoma Sooners/Ohio State Buckeyes/Kansas Jayhawks,016,",1731768768959189045,"$6,656.37",Montana West Purses for Women Hobo Crossbody Bags Ladies Shoulder Handbags Tote Bags with Wallet,1731453742888161812,"$2,900.41",MAC Everyday Lip Trio - Lip Pencil + M·A·Cximal Silky Matte Lipstick + Squirt Plumping Gloss Stick,1731425651113300633,"$1,385.00",EVER PRETTY Women's Short Sleeve High-Low Chiffon Material Dress - Elegant V-Neck Formal Cocktail Gown for Wedding Guest Parties EG02084,1729395399074550252,"$1,165.31"
thatmombeth,Womenswear & Underwear,"$17,852.99",Fashion Accessories,"$1,579.92","Women's Pembrook Bamboo Diabetic Socks - 6 Pairs, Cable Knit, Smooth Viscose, Moisture-Wick, Non-Binding, Breathable, Socks for Women with Neuropathy Support, Smooth Seams, Slouchy Socks",1732254159757807771,"$6,821.30","Women's Pembrook Low Ankle Diabetic Socks - 6 Pairs, Neuropathy Relief, Comfortable, Mesh, Smooth Tops, Breathable, Maximum Stretch, Fits Running, Walking, Selfcare, Vibrant Fade-Resist Multiple Colors",1732254022991253659,"$2,946.68","Dearmay Gold Bracelet for Women 14K Gold Plated Bracelet Stacks Stackable Bracelets Waterproof Chain Adjustable Cute Jewelry Set, Cute Accessories, Gold Jewelry, Fourteen Karat Gold-Plated Bracelets & Bangles",1729498693836313011,"$1,221.75","BLOOMCHIC Plus Size Women Clothing Stylish Plaid Flannel Overalls - Smooth Fit Polyester Everyday Garment, Wide-Leg Sleeved Jumpsuit with Pockets, Simple Low Iron, [M-6X] for Swimweek Summerfinds",1732193623424602185,$957.11,Miley Judy Blue Mid Rise Straight leg Jeans,1732086429157658683,$904.87
thatnordicblonde,Beauty & Personal Care,"$6,240.58",Womenswear & Underwear,$410.75,tarte Big Stick Energy duo – shape tape concealer stick & brush,1730956811325510588,"$4,551.92","ONE/SIZE | Secure The Sweat Sweat-Proof Aluminum-Free Primer - Waterproof, Sweat-Resitant, Makeup-Locking Primer | Perfect All-Day Matte Primer for Humidity",1729400094160622391,$540.53,[medicube] Affordable Glow in a WEEK Set | Includes 8 NEW TOP-SELLING products | Achieve Glass Glow Skin IN 7 DAYS with Korean Skincare,1731333050791203051,$501.73,CAKES Lift - The Nipple Cover that lifts,1732548908548788799,$169.80,tarte colored clay CC undereye corrector,1729734769623929788,$114.62
thattiktoklady3,Womenswear & Underwear,$57.40,,,PrettyGarden Women's 2-Piece Set Summer Outfits S-XXXL Crew Neck Short Sleeve Tracksuit Jogger Set With Drawstring and Pockets Comfy Lounge Wear#springtok,1729400766042247535,$57.40,,,,,,,,,,,,
the.real.deal.d,Food & Beverages,"$13,890.59",Beauty & Personal Care,"$4,751.18","The Loaded Tea Shop - 40 Flavors, 1 Packet Makes 32 oz, Zero Sugar, Zero Carbs, Zero Calories, Zero Artificial Colors & Flavors, B-Complex, Vitamins D3 & K2, Aloe, 200mg Natural Caffeine, Build Your Own Bundle, Functional Energy Tea Packs",1729556031006938037,"$9,380.40","40-Pack Bundle, All 40 Flavors, 1 Packet Makes 32 oz of Loaded Tea, Zero Sugar, Zero Carbs, Zero Calories, Zero Artificial Colors & Flavors, B-Complex, Vitamins D3 & K2, Aloe, 200mg Natural Caffeine, Functional Energy Tea Packs",1732418657087099829,"$2,987.36",M3 Naturals Anti Cellulite Massage Oil 8oz - Smooth the Appearance of Cellulite - Body Care & Skin Care Massage Oil - Topical Collagen and Plant Stem Cell Body Oil to Restore Texture and Elasticity - Soothing Body Oil Moisture #TikTokShopSummerSale,1730216070939841300,"$1,644.42","MASGRE Cordless Neck and Shoulder Massager with Heat - 6D Deep Kneading Adjustable Neck Shoulder Relaxer, 2000mahdual battery+6d+heating+double layer+b, Full Body Relaxing for Back/Legs, Pain Relief for Home, Office Use,back to school,back to school haul",1729638546978476668,"$1,468.34","MASGRE Cordless Neck and Shoulder Massager with Heat - 6D Deep Kneading Electric Massage Pillow (Beauty Products, 6D Massage Devices) for Neck Pain Relief, Shoulder Pain Relief, Back, Legs - Home, Office Use",1732453059232502396,"$1,448.21"
theashleywill,Shoes,"$74,495.97",Womenswear & Underwear,"$29,859.07","EVELLYHOOTD Women's Loafer clogs Leopard Genuine Suede Leather Loafer Mules, Slip-On Casual Shoe with Arch Support, Comfortable Footwear for Everyday Wear, Gifts For Women, Shoes For Women,shoes for back to school,back to school shoes",1732171696888648231,"$31,894.67","Dr. Scholl's Women's Joplin Low Fashion Boot, Casual Minimalist Design, Comfortable Heels, Block Heel, Leather & Faux Leather Construction",1732469048422666600,"$22,175.22",Project Cloud Women's | Project Cloud 100% Genuine Leather Loafers for Women | Soft & Plush Insole | Lightweight | Non-Slip - Uma,1732478696587301432,"$9,786.02","【BackToSchool】ZELUS Weighted Vest-6/8/12/16/20/25/30lb Rucking vest with Phone Pouch&Reflective Stripes&Adjustable Straps for Men&Women|Workout enhancer for Motivational walking,Strength Training,Running|#",1729593333749617456,"$9,731.13","Shewin Women's Casual Oversized Solid Knit Pullover Sweater with Puff Short Sleeves, Round Neck and Side Slit, Lady, Piece, Elegance,back to school,back to school shopping, Women's Clothes Crewneck Elegant",1729558952707527581,"$8,122.34"
theeverhopefulgardener,Home Improvement,"$1,813.04",Home Supplies,$185.01,Vego Garden 30 Gallon Rolling Metal Citrus Tree Planter with Self-Watering System Round Planter Box for Porch Patio Backyard Raised Garden Bed with Wheels for Growing Trees Tomatoes Vegetables and Flowers,1731074593651987292,"$1,089.75",Vego Garden Frost Greenhouse Cover for All-Weather Plant Protection with Zipper Extends Growing Season Safely from Frost Rain Wind & Hail No Frame Needed,1732022516686295900,$349.80,Hammer-In Landscape Edging - Cor-Ten Steel - 4ft Strips - Plus Connector Clips,1729402876211925701,$150.00,"2-Pack Thicker Dog Cooling Mats for Dogs Cats, Cute Bone Quilted Durable Non-Slip Instant Cool Summer Pet Cooling Pad, No Geal No Electric Portable Lightweight Washable Indoor Outdoor Cold Kennel Crate Bed for Large Dog #SummerVibes#TikTokShopBackToSchool",1731574266362499154,$123.65,"Vego Garden EZ Self-Watering Rectangular Tomato Planter with Climbing Planting Stand, Single Unit, Supports Growth, Reduces Daily Watering, Frees Up More Garden Time",1731074721559384924,$99.95
thejaydonwalker,Sports & Outdoor,$505.33,Menswear & Underwear,$128.00,"JRing Full-Face Diving Mask for Adults - Anti-Leak Comfortable Silicone Edge Diving Gear, Wide HD 180° Anti-Steam Fog-Free View, Action Camera Mount, Adjustable Straps, Full-Face Diving Masks",1731483862721467037,$377.22,"DudeRobe Menswear Premium Hoodie Robe - Belt-Equipped Long Sleeve Sweatshirt, Men's Comfy Loungewear",1729440831807000630,$128.00,"HODL 21 Mud Slayer Golf Club Cleaning Brush - Fine Mist Removes Dirt, Leak-Proof Viewing Window, Retractable Clip, Dual Bristle Head, Ergonomic Handle Golf Bag Accessory, Golf Accessory",1731013206054703997,$78.49,Terra Lotus - Organic Deodorant - Extra Strength 24 Hour Odor Protection for Women & Men - Handcrafted in USA - Aluminum Free and Baking Soda Free - (2.5 Oz),1732461002094383871,$69.11,"Curves & Clubs Tan Mens Golf Snapback Hat - Wicking Fabrics, Breathable, Adjustable Fit, One Size Fits All, Golf Accessories, Sun-Shading Bill, Bold Tee-Off Look, Cool Side Panels, Soft Cotton Sweatband, Patch Accent",1731332363002155332,$27.92
themagicalmillennial_,Phones & Electronics,"$17,525.48",Womenswear & Underwear,"$13,802.85","MAGIC JOHN Screen Protector 2 Pack for iPhone, Samsung, Google Smartphones & Cellphones - Clear, Privacy Protective, Fingerprint Resistant, Dustproof, Bubble-Free Installation Design, Smartphone, Tempered,back to school,back to school haul",1731240700630176089,"$9,188.27","Pick Your Poison Vintage Comfort Colors Shirt, Princess Halloween TShirt, Kuzco Poison Apple Tee, Spooky Season, Villain Spooky Gift, Trendy Halloween Apparel",1731656748695458541,"$7,217.61","【Halloween】 Women's Halloween Cartoon Print Pajama Set, Cute Funny Sleepwear Pajamas, Loungewear, 2-Piece Short Sleeve, Fitted, Above the Knee, All Seasons Gift",1732465535713513979,"$5,435.10",All Purpose Scented Cleaner,1730369516036526190,"$3,109.46","【Magnetic Power Bank】Anker 5,000mAh Magnetic Power Bank, Wireless Portable Charger with Foldable Stand & Side USB-C Port, Battery Pack for iPhone 17/16/15/14/13#DealsForYouDays sohochic",1729386204817625168,"$2,111.14"
thenursethattoks,Health,"$2,181.78",Beauty & Personal Care,"$1,731.46","Liposomal Glutathione Capsules – Skin Glow, Immune & Detox Support (60 Count) - Rosabella",1732307596354622214,"$1,621.72","[Madeca Derma] 5 pcs of Elastic Firming Microbiome Ampoules, Postbiotics, Korean pharmaceutical skincare, Anti-aging, wrinkle treatment, age defying serum, skin barrier care, collagen peptides",1729694401097667159,"$1,088.09","HAPPY CURVES Comfort Powder: Talc Free Anti Chafe Body & Foot Dusting Powder Deodorant to Control Inner Thigh Chafing, and Private Areas(Pack of 1)",1729662049108267787,$491.70,Cata-Kor Liposomal Glutathione Supplement – 1155 mg | Vitamin C | Riboflavin (B2) | Selenium | Resveratrol Complex – Supports Antioxidant Defense & Cellular Health – Vitamin Dietary Supplement Fitness Healthcare,1732296253042823390,$316.75,"2 x Rosabella Moringa Capsules (800mg) for Immune Support, Gut Health & Vitamins",1729464033034539782,$158.63
theraysfinds,Beauty & Personal Care,"$3,378.16",Furniture,"$1,454.06","AMERLIFE 36.2/45""/47.2 Fluted Vanity Desk with Mirror and Adjustable LED Lights, Large 4/7 Drawers Makeup Table with Glass Top and Charging Station for Women and Girls, Bedroom or Dorm/Best Gift Ideas/Christmas Gifts[tiktokshopbacktoschool][SohoChic]",1731740828044727086,"$1,369.07",tarte colored clay CC undereye corrector,1729734769623929788,"$1,281.61",tarte baked & buttered duo - shape tape concealer & 2-in-1 cream & powder blush,1732204592239645628,$768.44,CHARM TINT Blurry Base Line,1731929587612947280,$193.98,tarte travel-size shape tape™ concealer,1731288355963704252,$135.00
therestadfam,Baby & Maternity,"$10,410.02",Luggage & Bags,"$3,059.37",Fashion Kids Girls Summer Clothes Sets Plaids Fly Sleeve Shirts Tops Cow Ruffles Denim Skirts Headband Outfits,1731302138323178276,"$9,996.36",Smart Luggage Tags (Navy 2-Pack) | Keeps Personal info Private With Durable Privacy QR Code | Use with Away GPS Bag Locator & Air Tag | Android or iOS,1729743237228630042,"$2,634.67","BIG ELEPHANT Helps Kids Feel Wetness Cues, 100% Cotton Washable Reusable Toddler Potty Training Pants for Boys and Girls",1729569671740888020,"$1,689.83",【Creator’s Pick】Halara UltraSculpt High Waisted Tummy Control Pocket Shaping Training Leggings #BackToSchool,1729406821413261604,"$1,598.61","Comfort Colors Gilmore Ghouls Shirt, Halloween Fall Vibes T-shirt, Autumn Festival Shirt, Spooky Gilmore Girls Fan Sweater, Halloween Gift",1731638151981535389,"$1,504.60"
thetonilacross,Beauty & Personal Care,"$18,454.76",Health,"$11,779.60","INIA GLOW FLEX 1064nm Deep-NIR Red Light Therapy System, From Full-Body Panel to Wearable Wellness, Cordless Body Strap for Relief, Sleep & Full-Body Glow,Summer Beauty Gift Ideas,back to school,back to school haul",1732295446335164690,"$11,886.36","BODYHEALTH PerfectAmino Powder - Essential Amino Acids for Muscle Recovery - 6x The Protein of Whey, Vegan, No Gluten, No Dairy, No Soy, No MSG, No Artificial Sweeteners, Collagen Fitness Supplement - Dietary, Healthcare - 6 Flavors protein powder",1731349100249977343,"$9,417.50","INIA TURBO All-in-One Wearable Body Sculpting Belt, 3-Engine Synergy: 1000+ RPM Vibration, Bipolar EMS, Red/NIR Light & Heat for Core Toning & Waistline Sculpting, Smart Wellness Gift for Women,back to school,back to school haul",1732374097092907282,"$2,627.53","BODYHEALTH Perfect Amino Tablets - Essential Amino Acids & BCAAs Muscle Recovery Protein Without Caloric - Vegan, No Gluten, Dairy, Soy, Sugar Supplement, Optimum Protein Health & Fitness Healthcare Dietary, Protein Powder, Gym, Collagen, Supports Lean Mu",1731353675811295743,"$1,849.62","INIA LUMIN 4-in-1 Facial Skin Care Tool Beauty Machine - FDA-Cleared, Rechargeable Battery, 3 Mins Daily for Fewer Lines in 14 Days, Less Puffiness in 21 Days, Lift & Brighten Eyes, Spa-Level Results, Selfcare Summer Gift Idea, Skin Care Tools, Batteries",1730220797031584018,$644.64
thisblondieee,Textiles & Soft Furnishings,"$13,240.12",Home Supplies,$258.92,"Bedsure PureWoven 100% Rayon Derived from Bamboo, Bed Sheets, 3 Pieces Cooling Sheets for Hot Sleepers, Breathable & Silky Soft, 16"" Deep Pocket, Hotel Luxury Bedding",1731367134008480341,"$10,551.12","2-Pcs Decorative Soft Chenille Throw Pillow Covers, Solid Neutral Farmhouse Textured Cushion Covers for Couch, Sofa, Bedroom and Living Room",1732385776730870191,"$1,858.50","Utopia Bedding White Soft Bounce Pillow Inserts - Pack of 4 - Plush Brushed Fabric (Plush Look, Durable Fabric for Daily Use), Breathable, Supportive Memory Foam - Hand Wash/Spot Clean Only - Pillows, Room Decor, Bed Accessories, Living Room, Comfy Couch,",1731425405097250822,$317.11,Hotel Collection | Scent Diffuser Discovery Kit Covers up to 600 sq/ft with One Fragrance Oil 50mL (1.69 Fl Oz),1732266143641211591,$235.96,"Bedsure Tufted Boho Comforter Set, GentleSoft 3 Pieces Farmhouse Shabby Chic Embroidery Bedding, Oversized Bedding, Soft Jacquard Comforter for All Seasons, Bed Set",1730006072768041557,$119.82
thrivewithlolita,Beauty & Personal Care,$646.53,Food & Beverages,$218.62,[Sungboon] Collagen Patch | Ultimate Korean Skincare | Intensive Melting Collagen Eye Patches for Deep Care & Radiant Skin (Eye Patch 3ea + Forehead Patch 3ea),1730488041090880124,$253.33,"Wonderskin WONDER BLADING Lip Stain Masque – Long-Lasting, Waterproof, Transfer-Proof Lip Stain with Hydrating Vegan Formula for Soft, No-Fade Lips",1729407540442862434,$112.80,The Starter Pack,1731931754952953977,$71.91,Sardines with Hot Pepper (3-Pack),1731992432182923385,$70.94,BK Beauty Flawless Face Makeup Brush Trio,1729560007571968276,$55.23
tikitytokexpress,Beauty & Personal Care,$471.07,Home Supplies,$223.71,"Katie's Limited Edition Chrome Shimmer Silver Rose Cosmetic Set - 25 Beginner-Friendly Items, Glossy Eyeshadow Palette, Lip Glosses, Eyeliner Pens, Sensitive & Acne-Prone Safe, Easy Eyeshadow, Pink Gift Box, Black Friday Pick, Gifts for Women",1732149394387538488,$344.71,"5oz Crystal Plastic Dessert Cups with Lids & Spoons - Disposable Square Parfait Cups for Mousse, Tiramisu, Pudding, Party & Catering eco-friendly",1729492625946415307,$223.71,"Grandma Chocolate & Vanilla Snack Variety Pack - Pack of 24 Chocolate Chip, Brownie Chip and Mini Chocolate & Vanilla Sandwich Creams",1729598323506451290,$174.14,"DealsForYouDays PHIVILLA Stadium Seat for Bleachers Portable Outdoor Floor Folding Stadium Chair with Armrest, Back Support, Cup Holder, Mesh Bag and Hide Hooks",1731540722075013526,$166.60,"Katie Limited-Edition Chrome Shimmer Gloss Cosmetic Set - 25pcs Blind Box with Sensitive-Friendly Soft Silver, Rose, Sweet Pink Eye Shadow Palette, Eyeliner, Lipgloss - Ideal Black Friday Unique Gifts for Women's Valentine's Day, Birthdays",1732160734452617784,$126.36
tonya.wellness.np,Beauty & Personal Care,$179.97,Health,$87.24,"Grüns Superfood Gummy Bears: Comprehensive nutrition supplement with 60+ ingredients: Vitamins and Minerals, Prebiotics for Digestive Health, Adaptogens, Chlorophyll, Chlorella, Fruits and Vegetables, Gluten Free, Vegan, Third Party Tested",1729457221611458715,$87.24,"10% Glycolic Acid Treatment Tonic - Gentle Anti-Acne Soothing Exfoliant for Adults' Dry Skin, Cleansing, Hydrating, Hyperpigmentation & Pore Improvement, Oil Control Skin Care Products with Vitamin C (Single Item) Skin Repair, 10% Aha Cell Turn, Retinol,",1729431788859658844,$51.16,tarte CC color-correcting tinted serum,1732403113516372924,$42.00,"[Anua] Retinol TM 0.3% + Niacin Renewing Serum, 1.01 fl. oz. (30ml) ｜Korean Skin care, for Signs of Aging, Slow aging, Daily gentle retinol, age-defying, anti-aging",1729447239777620449,$32.00,"Disney Princess Belle BPA-Free Leakproof Reusable Silicone Water Bottle - 22oz/500-1000ml, Dishwasher-Safe, Non-Slip Silicone Base, Portable Lid-Included, Work Bag-Compatible for Unisex Adults",1731473837202117538,$30.28
tonyashomefinds,Home Supplies,$197.26,,,Titan Outdoor TV Cover,1732272192081203953,$197.26,,,,,,,,,,,,
toreefromtennessee,Womenswear & Underwear,"$54,164.54",Shoes,"$1,658.28","Women's Plain Scoop Neck Sweater, Casual Drop Shoulder Long Sleeve Jumper, Women Fall & Winter Knit Top",1732527901015904604,"$5,394.72",Chouyatou Vintage Loose Wide Leg Jean Bib Overalls Women’s Y2K Button Front Denim Overall Pants One-Piece Romper Jumpsuit,1732483786107163017,"$3,575.60",PrettyGarden Women's Oversized Cardigan Sweater Fall Long Lantern Sleeve Knit Open Front Lightweight Sweater Knitwear Tops,1731208195967717743,"$3,264.38","Chouyatou Women's Y2K Wide-Leg Cargo Denim Pants Mid-Rise Casual Camouflage Print Jeans Slightly Flared Distressed Camouflage Jeans with Multiple Pockets,back to school shopping",1732415080783188361,"$3,067.83",Sidefeel Women's Wide Leg Jeans High Waisted Stretchy Raw Hem Zimbaplatinum Denim Pants DealsForYouDays summerwins WeeklyDeals Summer Outfit,1731106948361326860,"$2,752.55"
torineu04,Beauty & Personal Care,"$6,019.39",Pet Supplies,"$3,522.58","CATPICK Interactive cat toys for indoor cats—automatic feather toy that flutters like a bird, USB-rechargeable electric cat teaser with a suction cup base, 360° rotating cat toy, and smart, sensor-activated self-play puzzle toys designed for bored cats",1731871756732240238,"$3,501.59","TYMO ROVY COMPACT - 1-Inch Deep Wave Hair Crimper and Curling Wand, Negative-Ionic Ceramic Styling Tool for Smooth Hollywood and Mermaid Waves, Dual Voltage, Lightweight, Anti-Frizz, Travel Friendly,dorm essentials toolupgrade",1729442199827812830,"$2,954.62",PRAVANA Intense Therapy Leave-In 10oz: Hydrating Mist,1730059716675736327,"$1,118.35","I DEW CARE Korean Instant Volumizing Dry Shampoo Powder l Tap Secret | Benzene-free, Non-aerosol, Natural, Made with Black Ginseng and Biotin for Haircare,  Comfort, Cleansing, Cleanser, Voluminous",1729441786522341812,$610.20,"TYMO ROVY - 1.25-Inch Beach Waves Curling Wand, Ionic Ceramic 3-Barrel Crimper for Women, Dual Voltage, Anti-Scald, Reduces Frizz & Heat Damage, Easy to Use, Mermaid Waves, Travel Friendly,dorm essentials toolupgrade",1729385637241786846,$576.28
torivofficial,Home Supplies,$69.99,Textiles & Soft Furnishings,$49.20,TORI V VIP BAG - Exclusive Autographed Items,1732322690898366631,$69.99,Tori V Insane Pillow,1732499868505313447,$49.20,Big Bad Wolf T-Shirt,1731272456340017319,$38.99,,,,,,
trinity.blair,Beauty & Personal Care,"$6,689.86",Womenswear & Underwear,"$2,343.37",SBEAUTI 1oz Strapless Bra Push up Sticky bra Seamless Strapless Backless Sweat proof glue Ligher fabric adhesive Cleavage Bra Invisible Bra for Date Night Party Wedding dress SummerVibe,1731141931395616870,"$2,255.07","Wavytalk Bare It IPL Hair Removal with Ice Cooling, 3 Modes & 24J Dual-Pulse for Salon-Level Results on Face, Body & Bikini, Painless & Precise",1729531973032121205,"$1,473.87","Al Rehab Choco Musk EDP Spray - Viral Chocolate Vanilla Gourmand Fragrance, Long-Lasting EDP Scents, Non-Toxic EDP Liquid Perfumes, Warm Spicy, Soft Musk Notes, 50ml (1.65 fl oz), Women's Beauty Products, Adult Gifts",1729481791088332935,$849.99,Strawberry Clouds  Perfume Oil Roller,1730947704574415358,$687.87,"LADYSPOT  Electric Bikini Trimmer-180° Rotatable Flexible Ergonomic Head with Built-in Light & Mirror, 2-in-1 Trim & Shave IPX7 Waterproof Wet Dry Lady Trimmer for Leg Underarm Bikini Line,dorm essentials, Dry Shaving Solutions,back to school",1732436942825230936,$537.21
trixietracks,Beauty & Personal Care,$940.01,Health,$654.92,"Shark FlexStyle Marilyn Monroe Icon Collection Air Styling & Drying System, Frosted Diamond - HD442JW",1732479635802395552,$737.97,"Horbäach Liquid Chlorophyll Drops - 2 oz - Vegan, Non-GMO, and Gluten Free Formula - Natural Peppermint Flavor",1730928849486975148,$503.66,Body Magic Chlorophyll for Body Odor & Clear Skin - 3 Pack,1729623625231405958,$139.28,"Cheeky Bonsai pH-Balance Intimate Wash Liquid - Cleansing Daily Care for Sensitive Skin, Odor Control, Feminine Full Body Wash for Sensitive Areas, 7 FL OZ",1731030966339604985,$114.54,Salt.Xo pH-Balancing Intimate Wash - Gentle and Soothing Cleanser for Women - Mint,1729553361634365641,$39.93
ttsdani25,Household Appliances,"$4,104.66",Kitchenware,$89.91,AquaTru Carafe Home Water Filter,1729560031752655812,"$4,104.66","JOYIN Oddly Satisfying Slow Rising Butter Stick Squishies Toy - Pocket Stress Relief Soft Squishy Companion, Hygienic Sensory Fidget Toy for Neurodivergent Individuals, 1/Regular/Jumbo Options, Birthday Gifts",1732431670690288465,$51.11,[ilso] Blackhead Remover Pore Care Bundle - Sebum Softener 5.29 oz + 40 Toner Pads + Deep Clean Master Tool | Melts Clogged Pores Without Squeezing | Korean Skincare for Oily & Sensitive Skin,1732168452635988425,$49.60,"4 Compartment Bento Lunch Box with Soup Thermo, 1 Count Leakproof Lunchbox Food Container, Portable Lunch Box for Home Office School Insulated Lunch Compartment Bpa Free Compartments Lunch Containers",1729706528475156895,$28.52,"Ultrean Digital Kitchen Weight Scale - 11lb Capacity Food Scale with 6 Units, Tare Function, Auto-Off & Backlit, 1g Precision, 4 High-Precision Sensors, Alkaline Batteries Included, for Baking, Meal Prep, Medium (7.4*5.5 in)",1729409004822696061,$24.40
ugcwithbrii,Womenswear & Underwear,"$71,438.02",Beauty & Personal Care,"$40,529.98",Bur Bur Mermaid Brush - Essential Brush with Ethically Sourced Bristles & Natural Rubber Cushion for Medium to Thick Hair,1729964731527696782,"$22,292.63",LUCKMEEY Womens Strapless Front Closure Bra Push Up Lift Bra Padded Add Cup Non Slip  Anti-Slip Grip & Removable Straps Fit Outfits Wireless Supportive  Seamless Comfortable#tiktokshopbacktoschool#sohochic,1732282937141662165,"$19,334.06",CHICME Built-in Bra Tank Top Ribbed Racerback Tops Women Going Out Tops Everyday Basic Tanks Padded Tops,1729484235456352758,"$18,614.46",Bur Bur Mermaid Bundle Featuring Growing Season Hair & Scalp Treatment and Your Choice of Mermaid Brush - Essential Boar Bristle or Wet Detangling Brush,1729964781015241102,"$10,474.55","Topyangs 2-Pack Stainless Steel Cat Litter Box, Extra Large Non-Stick Rust-Proof Metal Tray with High Sides Splash Guard, Leak Proof, Easy Cleanup for Multi-Cat Households",1731999342311543122,"$9,933.46"
vanessaanaya30,Womenswear & Underwear,"$110,299.69",Sports & Outdoor,"$48,574.78","YEOREO Women's Halter Neck Sports Bra Longline Workout Tank Top with Built-in Bra Backless Strappy Gym Top Buttery Soft Padded Yoga Cami summderfinds,travel essentials,camping essentials tiktokshopbacktoschool,back to school,back to school haul",1732405592203432921,"$26,436.20",Unlined Plunge Scoop Bra Lace Trim Balconette Sexy Underwire Demi Bras Deep V,1731992992760893731,"$23,189.72",SCUSTY Women’s Lightweight Fleece Pullover Jacket Cropped Fall Winter Fuzzy Sherpa Jacket Sweatshirt Coat with Pockets,1729630973397078259,"$16,704.70",【Creator’s Pick】Halara Halter Tie Back Maxi Dress with Pockets #BackToSchool,1732355026333963102,"$12,879.31",Inbarely Soft Single-Layer Basic Long Sleeve Shirts See Through Breathable Wear Casual Sporty Shirt,1731641065545634032,"$12,088.75"
victoriaperciballi,Luggage & Bags,$58.36,Womenswear & Underwear,$35.00,"Women's Solid Color Credit Card Holder, Fashionable Small PU Leather Wallet, Casual All-Match Commuter Card Bag for Work & Daily Use, Great Gift for Girlfriend, Card Slot, Card Storage",1729434155173187651,$58.36,Nellie Mini Dress Brown Polka / Stripe,1732228256677139045,$35.00,"Cider [2 colors, size One Size-One Size] All Over Print Winter Warm Shawl",1729462576055619671,$34.99,"Miss Mouth's Messy Eater Stain Treater Spray - Fast-Acting Household Cleaner, Greasy Cleaning Spray, Heavy Duty Stain & Odor Eliminator All-Purpose Cleaner for Newborn Essentials, Removable Food & Grease on Laundry, Underwear & Fabric",1732306344375128248,$33.84,,,
vitulls,Baby & Maternity,"$1,559.56",Pet Supplies,"$1,031.23","Baby wipes, Momcozy wipes - oversized, cleansing and moisturizing children's wipes, baby products, products for girls and boys, unscented baby wipes, portable maternal and child gifts, safe baby wipes",1729406715603031015,"$1,425.53",Comfrt | Signature Paw Hoodie | Durable Leash Opening Matching Pet Hoodie,1729541391824229251,$901.90,Chouyatou Women's Retro Plaid Smocked Dress Spaghetti Strap Flounce Long Casual Sleeveless Flowy Evening Fashion Basic with Pockets Womenswear Cute Elegant Plus Size Hide Belly Dress,1729443883935109513,$396.25,PAVOI 14K Gold Plated Graduated Simulated Diamonds Bezel Set Tennis Bracelets for Women - Cubic Zirconia Round Statement Bride Bracelet,1730908702761456136,$371.20,"Cider Women's Fitted Elastane Sleeveless Maxi Dress - Elegant Formal Semi Formal Wedding Guest Dress, 2026 Spring Evening Attire",1729752619818324344,$343.82
wesleyrbarker,Womenswear & Underwear,"$45,943.94",Beauty & Personal Care,"$2,272.88",BOOMBA Demi Boost - Patented Sticky Inserts For demi-cup styled clothing - Outfit enhancer,1729451016473711531,"$14,341.28",CAKES Body Cleavage Bra™ - Seamless Sculpting Bra with Silicone Cups for Full Cleavage Reusable Matte Finish Ideal for Strapless & Backless Tops Womenswear Basic,1732022163491426879,"$5,919.84","Summerwins Women's Fitted Plain Ruffle Goth High-Low Skirt - Steampunk Victorian Pirate Costume Bottoms, Cosplay Halloween Party Wear, Alt Clothes, Girl's Summer Vacation Beach Outfits, Skirts for Women 6388-D1 Formal Fashion Skirt Side Tie Skirt",1730895192270607226,"$2,892.79",BOOMBA Micro Lift Adhesive Inserts - Patented Sticky Inserts,1729451071793173419,"$2,283.54",BOOMBA Invisible Lift - Patented Sticky Fashion Bra Inserts Prevents Nipple Slips No Sewing Required Low Cut Tops Womenswear,1729451034361697195,"$2,042.54"
whatlololikes,Womenswear & Underwear,"$470,061.44",Shoes,"$51,138.62",PrettyGarden Women's Oversized Cardigan Sweater Fall Long Lantern Sleeve Knit Open Front Lightweight Sweater Knitwear Tops,1731208195967717743,"$175,169.42",SCUSTY Women Fall Winter Wool Blend Camel Mid-Long Coat Notch Double-Breasted Lapel Jacket Outwear,1729610943386980595,"$15,256.95",Naturalizer Womens Tansy Other - Medium & Wide Width,1732207310717948380,"$12,117.77",UANEO Womens Cropped Trench Coat Classic Collar Oversized Casual Jackets with Checkered Lining SummerVibes,1731900687663665461,"$11,799.49","Cicy Bell sohochic Womens Striped Cardigan Sweaters Long Sleeve Button Up Knit Tops | Color Block, Loose Fit, Button Down, Open Front, Casual Cardigan, Fall Winter",1732489618828464495,"$9,305.79"
yourpassportpal,Fashion Accessories,"$41,128.01",Luggage & Bags,"$20,856.11",The Barb Wire Choker Danielle Guizio X The M Jewelers,1732377057880544126,"$35,079.68",CEFIRO Uluh Bag with Guard - Stylish Handbag with Gold Hardware and Adjustable Strap for Everyday Use,1732354352924102675,"$14,245.76",RSQ Womens Low Rise Baggy Carpenter Shorts,1731006173987246517,"$6,998.78",Cushionaire Gracie Mesh Mary Jane Flats for Women |  Breathable Ballet Flats with Adjustable Buckle Strap and Memory Foam Cushioning,1732478842261508988,"$5,086.72",PAVOI 14K Gold Plated Bangle Bracelet for Women - Classic Lightweight Stacking Stainless Steel Bracelet - Single & 2-Pack Bangles,1732149931549233672,"$3,638.73"