Creator,Top 1 Category,Top 1 Category GMV,Top 2 Category,Top 2 Category GMV,Top 1 Product,Top 1 Product ID,Top 1 Product GMV,Top 2 Product,Top 2 Product ID,Top 2 Product GMV,Top 3 Product,Top 3 Product ID,Top 3 Product GMV,Top 4 Product,Top 4 Product ID,Top 4 Product GMV,Top 5 Product,Top 5 Product ID,Top 5 Product GMV
_alanacalvs,Womenswear & Underwear,"$64,467.04",Sports & Outdoor,"$28,888.07",【4 Lengths】Magic ONESO Mid-low Rise BBL Jeans Stretchy Wide Leg Tummy Control Distressed Baggy Denim Pants Plus Size Regular Size Curve Hugging Fall Fashion,1732412928253268991,"$20,469.15",Magic ONESO Mid-low Rise Baggy Jeans Stretchy Wide Leg for Women Distressed Pants Womenswear Bottom 8001 Lady Basic Minimalist Comfortable Denim Tummy Control Curve Hugging Plus Size Regular Size BBL Fall Fashion Daily Outfits,1729445477031121919,"$16,998.90",Halara UltraSculpt™ V-Shaped High Waisted Contrast Lace Yoga Flare Leggings with Pockets,1732311109215294302,"$11,844.25","【Creator’s Pick】Halara 2-Piece Super High Waisted Back Pocket & Side Hidden Pocket 2-in-1 Yoga Shorts 3"" Set #BackToSchool",1730762320809595172,"$4,611.03","Women's Original Magic Fleece Lined Tights - Plus Size Women's Clothing, Body Slimming Compression Band, 1-Seam Option, Closed Foot, XXS-3XL, 4 Shades, Light-Brown Fur Fleece, Cold Wash, Viralproducts",1729406693411230691,"$4,170.36"
_karina.michelle,Beauty & Personal Care,"$42,434.78",Virtual Products,"$1,650.62",Never Thirsty Shampoo & Conditioner: Moisturize + Strengthen in One Set,1732436624532803875,"$4,384.54","True Match Hyaluron Tinted Balm Embellisher - Buildable Cream Blush & Highlighter Makeup, Hydrating, Lightweight, Non-Comedogenic Formula for Radiant Skin, L'Oréal Paris",1732523196091241069,"$3,908.17",Sunlit Essentials,1732464909285430006,"$3,276.96",tarte x @itsmaureenkelly lash cocktail - tartelette tubing mascara & primer,1730968659830019004,"$2,533.39",Fenty Skin Butta Drop Body Cream + Body Milk Body Care Hydrating Lotion Duo,1729716038966481710,"$2,479.03"
ababyandabulldog,Womenswear & Underwear,"$46,903.81",Sports & Outdoor,"$41,706.89",Tanming Womens Baggy Wide Leg Pants Relaxed Palazzo Harem Pants Elastic Waist with Pockets,1729491434710208659,"$25,075.92",【Creator’s Pick】Halara UltraSculpt High Waisted Tummy Control Pocket Shaping Training Leggings #BackToSchool,1729406821413261604,"$9,282.77",Halara UltraSculpt™ High Waisted Butt Lifting Tummy Control Pocket Shaping Workout Leggings,1730069349916840228,"$8,006.52",Halara UltraSculpt™ High Waisted Butt Lifting Tummy Control Pocket Shaping Workout Leggings,1730610574732857471,"$5,055.34",Everyday Bowl,1731107416280830490,"$3,297.52"
actinglikeimputtogether,Kitchenware,$167.11,,,"Oaksip - Wooden Whiskey & Bourbon Drinking Glass Tumbler Cup, Charred or Uncharred Old Fashioned Glass, Perfect Gift for Men, Traditional Drinkware, Perfect Father's Day Gift, Gift for Dad, Father's Day",1729671478132118060,$167.11,,,,,,,,,,,,
alexagiacinto,Menswear & Underwear,$228.12,,,"Men's Winter Warm Drawstring Baggy Sweatpants - Unisex Straight Wide-Leg Loose-Fit Casual Athletic Trousers with Pockets, Comfy Menswear Bottoms Essential, Streetwear Male Clothing,clothes for back to school,first day of school outfits,sohochic",1731737090859176889,$228.12,,,,,,,,,,,,
alexandracaste,Food & Beverages,$46.89,Fashion Accessories,$35.83,Don Beto's Beef Jerky - Fuego,1729719309656297668,$46.89,"EUNOIALENS 70s Style Oversized Aviation Sunglasses - Unisex Thick Metal-PC Frame, UV400 Anti UV Glasses, Adults' Accessories, Sunglasses for Women, Summer Sunwear, Gift Option",1732079227352355829,$35.83,,,,,,,,,
aliciamariecacho,Womenswear & Underwear,$119.17,,,"Women's Solid Square Neck Long Sleeve Shapewear Bodysuit, Casual Comfy Tummy Control Butt Lift Shaper, Ladies Shapewear for All Seasons",1729614179939750063,$70.88,Cider 2-Piece Set Boat Neck Polka Dot Ruched Tee & Micro Mini Skort with Built-in Shorts Fashion Style Women's Summer Sets SohoChic,1732042116899049559,$31.30,"Women’s Seamless Shaping Bodysuit Piece - Long Sleeve V-Neck, Tummy Control Thong Clothes, Elastane Lightweight Compression Fabric, Arm Shaper, Valentine’s Day Wedding-Ready Fashion Nova Style Leggings-Inspired Everyday Spring Wear Smooth Womenswear",1731784970783789181,$16.99,,,,,,
alisammarie,Furniture,$657.70,Sports & Outdoor,$363.60,[Summervibes] Tribesigns 63-Inch Long French Country Style Wooden Sofa Table for Living Room & Entryway Natural Finish Modern Farmhouse Decor with Sturdy MDF Construction & Foot Pads for Stability,1731489542250795771,$412.71,"GIZOON 4-Piece Modern Patio Furniture Set, Sturdy Textilene Conversation Set (Black) - Weather-Resistant, Stable with Wooden Armrests, 2 Rocking Chairs, Coffee Table for Outdoor Patio, Balcony",1731386149963534650,$244.99,"Hibbent cUPC Certified 13'' High-Pressure Dual Shower Heads Combo with 10-Setting Adjustable Handheld Shower Attachment, 5-Spray Upgraded Rainfall Head, 12'' Extension Arm, 71'' Hose, Chrome Wall Mount Holder, Massage Jets",1729698100885689065,$228.23,Halara Adjustable Straps Ruched Wide Leg Heathered Casual Jumpsuit with Pockets-Easy Peezy,1732255696408843102,$224.34,The Mini Discovery Set,1730273546600747017,$171.60
alykate97,Fashion Accessories,"$4,939.81",Womenswear & Underwear,"$1,018.04","Tasiso Women's Sparkling CZ Pendant Necklace - 39cm Transparent Cord, Adjustable Minimalist Choker, Office Attire Everyday Layering Necklaces, Gifts for Women,sohochic",1731992960085430403,"$2,383.63","Women's Custom Personalized Letter Charm Necklace - Elegant Layer-Friendly 15""-2"" Adjustable Extender, Gold & Silver Metal Coating Pendant, Daily Customizable Initial Jewelry for Mom, Ideal Gift for Christmas/Birthday",1732469312344593401,"$1,404.94","【2Packages Shipping】Queen/Full Size Murphy Bed with 2 LED Lights, Farmhouse Wood Hidden Foldable Wall Bed Frame w/Gas Struts, Storage Bed Cabinet for Bedroom, Office, Space-Saving, No Box Spring Needed, Rustic White/Brown",1731495075783873003,"$1,007.98","Turandoss Women's Dainty Golden Heart Initial Necklace - A-Z Letter Tag Pendant Jewelry for Women, Mom Birthday Gifts, Personalized Summerwins Costume Accessory, Gold Lettering Necklaces,sohochic",1731158885662232626,$727.62,PAVOI 14K Gold Plated Lobe Lifters for Heavy Earrings for Women - Earring Backs for Droopy Ears - Comfortable Earring Backings for Studs - Trendy Fashion Jewelry Accessories,1731648186027250184,$365.21
amanda_hadzimichalis,Womenswear & Underwear,"$6,217.70",Sports & Outdoor,$655.82,FeelinGirl Wireless Bra Women's Seamless Full Coverage Bra Cozy Wide Shoulder Strap Wireless T-Shirt Bra Comfortable Fit Everyday #newarrivals#SohoChic,1730503134732653217,"$1,293.98",Eytino Womens Plus Size Wide Leg Pants Elastic Waist Drawstring Casual Palazzo Pants Cotton Lounge Trouser with Pockets(1X-5X),1732348493015519327,"$1,106.93","Vertvie｜GRACE Classic T-Shirt Bra, Jelly Bras, Wireless Full Coverage for All Day Comfort Breathable Womenswear",1731578445279630251,$942.45,"Women's Plus Size Minimalist Polyester Knit Kimono Bathrobe Gown - Basic V-Neck Long Sleeve Soft Nightwear with Adjustable Strap, Pockets, Curvy Fit (1X-5X, 2X Included) for Party, Evening | Plus Size Fashion, Curvy Clothing for Women,sohochic",1729538014986408067,$632.84,OEAK Women Jelly Bras Wirefree Full Coverage No Underwire Everyday Bras Comfortable Wireless Padded Tshirt Bra,1731406217255686451,$465.51
amanda_pac,Sports & Outdoor,"$66,985.54",Womenswear & Underwear,"$19,155.93",Halara One Shoulder Long Sleeve Thumb Hole Curved Hem High Low Quick Dry Yoga Sports Top-Built-in Bra,1731918375289458980,"$62,642.90",[Sale off 50%] Vintage All Team Football 2 Sided Stadium Ash Grey Sweatshirt TM JD,1732443391692935661,"$6,261.26","Women's Original Magic Fleece Lined Tights - Plus Size Women's Clothing, Body Slimming Compression Band, 1-Seam Option, Closed Foot, XXS-3XL, 4 Shades, Light-Brown Fur Fleece, Cold Wash, Viralproducts",1729406693411230691,"$5,569.92","Women's Lace Sculpting Bodysuit, Tummy-Control Shapewear for Daily Wear",1732576959021551710,"$2,471.22",Inbarely Soft Single-Layer Basic Long Sleeve Shirts See Through Breathable Wear Casual Sporty Shirt,1731641065545634032,$999.00
amandaaaapac,Beauty & Personal Care,"$3,813.60",Health,$252.30,Self-Tanning - Milky Essence,1732314195951063680,"$2,605.56",[medicube] Body Gommage Exfoliating Pad 8ea for bumpy skin flaky skin body scrub,1731233913351344363,"$1,066.91",Arrae Bloat Gummies | Fast-Acting Bloating Relief Peach Lemon Gummies | Clinically Proven| 28 ct| Natural Healthcare Dietary Supplement Edible Fiber Bathroom Fitness Fitness,1732388889503634045,$252.30,"[medicube] PDRN Pink Collagen Volume Multi Balm | All In One Volufiline, PDRN, NAD Stick for Youthful-Looking, Helping Look of Fine Lines, Firming Care, Anti-Aging Care | For Under-Eyes, Neck, Forehead, Smile Lines, Lip Care | Korean Skincare",1729508370969629931,$129.14,"OANVA 2 in 1 facial & eyebrow hair trimmer for Women, Rechargeable Face Razor, Lip & Peach Fuzz Remover, Precision Eyebrow Shaper, Portable Painless Hair Removal Tool.",1731333919275783013,$11.99
amandaathome1,Toys & Hobbies,$237.71,Kitchenware,$29.56,"3D Laser-Cut Wood Fantasy Mini House Magic Ring Kit - Lighted LED Set, 14+ Age, 5-6 Hrs Build, Unisex DIY Woodwork Toy for Craft Enthusiasts, Handmade Gifts, Cozy Glow Nook Bookshelf Decoration",1732381209627759505,$237.71,"Reduce Aspen 20oz Insulated Glass Tumbler - Portable, Stylish Cold Keeper Flask, Reusable Functional Drinkware for Iced Coffee, Boba Lovers",1731653223215698248,$29.56,"PAVILIA Women Waffle Knit Kimono Robe, Soft Cozy Breathable Lightweight Bathrobe with Side Pockets, Shower Spa House Long Robe for Women Everyday",1731782345735311576,$27.99,All Purpose Scented Cleaner,1730369516036526190,$20.90,,,
amandaburbank131,Beauty & Personal Care,$291.65,Sports & Outdoor,$153.37,"ADDWIN 2026 New Fascia Ring R10 Mini Muscle Recovery Fascia Device upgraded adjustable strap fits Up to 55in waist, Cordless Rechargeable, Designed for Waist & Back Muscle Recovery portable massager parents gift summervibes",1731284232420626805,$153.37,Wrangler Crossbody Bags for Women Sling Bag Cross Body Fanny Pack Chest Bag,1730791181555831316,$133.92,"Tideway Prowaver 6-in-1 Ionic Hot Air Styler - Oval Blow Dryer Brush with Auto Wrap Curlers for Smooth, Frizz-Free Blowout & Curly Styles, Dual Voltage Travel Hair Products, Women's Gift",1731711806746563453,$80.32,Queen Tape - Hydrating & Moisturizing Mouth Tape For Sleep - Royal Plump Edition - Lip Plumping - Mouth tape with Collagen Hyaluronic Acid & Vitamin E - Built in Lip Mask - Royal Lips - One Month Supply,1731633751615705442,$60.36,"32/40oz Insulated Tumbler with anti slip handle and flexible straw | Insulated Stainless Steel Cup 100% Leakproof | Cup Holder Friendly for travel - Gifts for Women & Men Mug Insulation tiktokshopspringglowup Summervibes,sohochic",1732405092747022830,$58.46
amy.e.schmidt,Womenswear & Underwear,"$4,496.53",Fashion Accessories,"$1,722.12","Songling Women Mid Rise Barrel Work Trousers Elastic Back Waist Tapered Baggy Lounge Pants With Side Pockets True To Size Solid Daily Travel Bottoms, back to school shopping,clothes for back to school,first day of school outfits,sohochic",1732216018534372167,"$3,267.73","Women's Printed Oblique Angle Satin Neck Scarf - Head Scarf, 59"" x 5.9"" Fashion Accessory for Bag or Hair",1730701444048523487,"$1,683.14",Flamingals Wash Multi Pocket Mid Rise Straight Leg Jeans Women's Fashion Casual Comfort,1731476274694230101,$239.96,Gap Women's Heavyweight Baggy Sweatpant Jeans,1731190897624322678,$206.50,"Katch Me Chic(US/CN)Women's Versatile High Waist Stretchy Denim Wide Leg Jeans, Flexible Multi-Pocket Trousers, Soft Wrinkle-Resistant Pants, Non-Shrinking Durable Streetwear, Figure Flattering Daily Outfits #TikTokMadeMeBuyIt #DenimJeans #WideLegPants",1730053628148093916,$135.55
anastasiya_ray,Sports & Outdoor,"$44,060.81",Womenswear & Underwear,"$6,366.67",Halara UltraSculpt™ Leopard Print High Waisted Tummy Control Yoga Leggings with Pockets,1731476661501595940,"$13,773.58",Halara One Shoulder Long Sleeve Thumb Hole Curved Hem High Low Quick Dry Yoga Sports Top-Built-in Bra,1731918375289458980,"$11,276.63",Halara UltraSculpt™ V-Shaped High Waisted Contrast Lace Yoga Flare Leggings with Pockets,1732311109215294302,"$10,250.13",【Creator’s Pick】Halara UltraSculpt High Waisted Tummy Control Pocket Shaping Training Leggings #BackToSchool,1729406821413261604,"$3,091.97",HydroJug Traveler | Leak-Proof Insulated Tumbler with Flip Straw & Cup Holder Fit Flasks Lid Drinkware Leakproof Tumbler,1729553368065741562,"$2,597.81"
andrea_costanzo,Womenswear & Underwear,$804.46,Sports & Outdoor,$258.01,Imily Bela Women's Summer Mini Dress Casual Workout Tennis Dress with Shorts Sleeveless Althletic Dresses,1729428284144587566,$510.60,CHICME Built-in Bra Tank Top Ribbed Racerback Tops Women Going Out Tops Everyday Basic Tanks Padded Tops,1729484235456352758,$209.86,Ninja Flip Toaster Oven & Air Fryer - SP151,1731966262506917973,$149.99,"Women's Plants Print V Neck Swimdress & Tankini Set, Casual Sleeveless Swim Dress & Swim Top Two-piece Swimsuit for Beach Holiday Vacation, Ladies Swimwear, Swimwear Sets",1730840513403195504,$105.65,"klassy Ribbed Scoop Racerback Brami - Sleeveless Crop, Chunky Binding, Soft, Stretchy",1729577979473596453,$84.00
andthatsthelipton,Womenswear & Underwear,"$23,838.27",Fashion Accessories,"$1,513.94",Scene Stealer Faux Fur Crop Denim Jacket,1731843430611456713,"$3,195.82",SCUSTY Women's Two Piece Outfit Cotton Matching Set  A-Line Sleeveless Tank Tops and High-Waist Shorts with Pockets,1730815762275668211,"$2,562.69",Women’s V Neck Poncho Tops Batwing Sleeve Solid Color Loose Fit T-Shirts Blouses,1731080116594839788,"$2,027.83",Cider Cotton Plaid Collar Short Sleeve Blouse & Mid Rise Lace Trim Bowknot Mini Skirt Set SohoChic,1731911890868146263,"$1,961.29","Women's Plain Fitted V Neck Basic Tee, Casual Short Sleeve T-shirt for Summer, Ladies Clothes for Daily Wear, Top, Casual Fashion Top, Womenswear",1731073172645974879,"$1,427.93"
angelacallisto123,Womenswear & Underwear,"$117,195.22",Phones & Electronics,"$8,349.69",Freya ONESO Women Mid Rise High Stretchy BBL Jeans Butt Lifting Wide Leg Raw Hem Denim Pants Tummy Control Spring Basic Minimalist Woman Denim Bottom Comfortable Denim Jeans OSW8019 Plus Size Regular Size Fashion Daily Outfits DIY Inseams #SummerVibes,1731273402271240469,"$27,851.30","CUPSHE Women's Longline Cardigan, 78% Viscose Loose-Fitting Plain Open Front Nylon Duster, Dolman Sleeves Lightweight Knit Layering Top, Casual Fall Travel Wear#SohoChic",1731598991692763864,"$11,176.45",Tanming Womens Baggy Barrel Pants Wide Leg Lounge Pants Drawstring Waist Casual Athleisure Bottoms with Pockets,1731229445891395731,"$10,308.78",PrettyGarden Women's Oversized Cardigan Sweater Fall Long Lantern Sleeve Knit Open Front Lightweight Sweater Knitwear Tops,1731208195967717743,"$8,430.10",Back To School！KUKIHO Wireless Lavalier Microphone for iPhone iPad Android With Charging Case Audio Smartphone Audio Smartphone,1729588735736517619,"$7,903.11"
annaslivka2,Fashion Accessories,"$3,915.10",Beauty & Personal Care,$59.99,YoungSee Micro Loop Hair Extensions Human Hair micro ring pre bonded Soft and Silky Hair Extensions for Women Micro Ring Extension Human Hair 100% Real Human Hair Summer braids half wig summer hair style glueless wig#summerwins #DealsForYouDays,1731915004731495134,"$2,313.79",YoungSee 14-28 inches Micro Loop Hair Extensions Human Hair Soft and Silky Hair Extensions for Women Micro Ring Extension Human Hair 100% Real Human Hair #summerwins #DealsForYouDays Raw Hair Bundles Natural Wavy Hair,1730893574771741406,$823.67,YoungSee 12-28 inches Tape in Hair Extensions Human Hair Soft and Lightweight Hair Extensions for Women Tapeins  100% Real Human Hair Hair extensions Summer braids half wig summer hair style  #summerwins #DealsForYouDays,1731914992833106654,$293.65,"GOO GOO Micro Link EasyFit Remy Human Hair Extensions 14-24Inch 30-100g, Cold Fusion, Glueless Micro Loop Micro Ring Invisible Hair Extensions Natural Straight Micro Bead Hair Extensions #sohochic #tiktokshopstockup",1731165349082927539,$168.60,Youngsee 16-28 inches butterfly weft hair extensions ovo weft genius pu weft  hole butterfly  hair extensions human hair XO weft human hair extensions straight hair real human glueless wig #summerwins #DealsForYouDays,1731548152031122142,$147.77
aricandchristy,Home Improvement,$879.60,Kitchenware,$403.60,"12.5"" Starry Night Stacked Pumpkins by Valerie",1732518597707076551,$879.60,10 Strawberry Street Platter Merry Morsels Platter,1732099737067295687,$320.72,Hay and Harvest Oversized 60x80 Harvest Plush Throw,1732491848847954887,$128.85,philosophy 32oz trio of treats shower gel,1731011399756125127,$70.28,Kringle Express Oversized 60x80 Holiday Printed Throw,1732390235971556295,$57.80
arsy_vartanian,Beauty & Personal Care,"$5,178.05",Household Appliances,$594.76,"PUFF Tape Ultra-Moisturizing Sleep Strips – Designed for Beauty Sleep – Collagen, Hyaluronic Acid & Vitamin E for Overnight Lip Hydration, Plumper Lips & Refined Facial Appearance (30 Count)",1732149210223644960,"$2,530.46",NuDerma Clinical High Frequency Wand with Fusion Neon-Argon Applicators Anti-Aging Anti-Acne by Pure Daily Care  Facial Beauty Instrument Facial Beauty Machine Facial Care Tool,1729401883679232365,$883.76,"Reviv R3 Firm Silicone Night Mouthguard - Unscented, Latex-Free Teeth Grinding & Clenching Mouthpiece, Durable, Supportive Fit, Holds Shape, No Molding Required, XL/Large Size, Bpa-Free, Firming, Multi-Size, Mouth Guard, Everyday Use, Overnight Stability,",1732279335109759499,$824.35,"The Beast Mini Blender Plus | Mini Countertop Kitchen Blender | Blend Smoothies, Shakes, Sauces, Dips | Extra Vessels, Straw Cap and Straws Included",1729485974103167761,$475.51,"HUSH HOUR Unscented Mouth Tape - Gentle, Soothing Organic Green Tea Skincare Tool for Restorative Sleep, Sensitive Skin, Dry Lip & Jawline Contour Care",1732086435376042859,$256.28
ashleyinfl,Womenswear & Underwear,$862.77,Furniture,$419.45,"Mid-Century Modern Upholstered Dining Chairs Set - Linen Fabric Kitchen & Dining Room Chairs with Nailhead Trim, Curved Wingback, Gentle Backrest Support, High-Resilience Sponge Keeps Shape, Rubberwood Legs, Stable Solid Wood Frame, Sturdy, Easy Assembly",1731329318280335949,$419.45,"Dokotoo Women's Western Denim Mini Dress, High Waist 3/4 Sleeve Zip Up Casual Dresses, Loose Fit Cowboy Style Streetwear Outfit for Fall & Daily Wear Long Sleeve Collared",1732435311745405941,$208.64,High Neck Loose Pocket Tassel Long Sleeve Suede Dress,1732538805274513877,$137.40,"SLOOSH Inflatable Pool Floats Adult,  Floating Lounge Chairs , Blow up Pool Noodles for Adult Heavy Duty, Floating Chair for Party Summer Water Beach Lake Fun ， can choose 1 pack or 2 pack",1729449581672632930,$91.96,"【FallPickDeals】Monbix Queen Comforter Set - 7 Pieces Cationic Dyeing Bed in a Bag Comforter Sets with Double Sided Storage Pockets, Sheets, Pillowcases & Shams, microfiber,Reversible Bedding Comforters Sets,sohochic",1731734059290890871,$73.31
ashleyorganic,Luggage & Bags,"$17,815.19",Beauty & Personal Care,"$9,075.87","SHA CERLIN Storage Bed Frame Modern Linen Upholstered Headboard Lift Up Storage Platform Bed Frame, Two Style Headboard, Heavy Duty Gas Lift Support, No Box Spring Needed,Wood Slats Support, Full Queen King Size, sohochic",1729537141726810464,"$5,621.57",NEWBELLA Marella M Collapsible PU Leather Tote Bag with Magnetic Closure and Luggage Sleeve for Work and Travel #sohoch,1729477606392238202,"$4,635.59","Qure LED Light Therapy Mask for Face - FDA Cleared for Wrinkles & Acne Treatment with 3 Modes, 5 Facial Areas &  5 Lights: Red, Deep-Red, Blue, Amber & Infrared, 3-Min Daily, Eye-Protection, Smart App",1730401910219313767,"$4,227.06","Tanming Women's High-Waist Drawstring Casual Wide-Leg Sweatpants - Baggy Athletic Bottoms with Pockets, Basic Casual Streetwear Pants for Spring Summer, Women's Clothes, #SpringStatements,summerwins Womenswear",1731922724730409107,"$3,464.54","DREAM PAIRS Women's Square Toe Platform High Chunky Block Heel Y2K Ankle Flared Leather Boots Girl Inner Side Zipper for Easy Wear Fall Autumn Winter Classic Comfortable Walking Shoes,back to school,back to school haul,sohochic",1729466557548696460,"$3,048.92"
ashleyorganicedits,Beauty & Personal Care,"$15,568.42",Household Appliances,$977.34,"[medicube] Hypochlorous Acid Rice Peel Shot Duo For Face & Body | Gentle Exfoliating Serum for Dead Skin Cells & Pore Care, Blackheads & Excess Sebum Control | Rice Extract, Hypochlorous, Panthenol for Hydrating & Smoothing Care",1731738460512030955,"$5,027.60",30 Years of Bestsellers Set,1732537844925633005,"$4,362.90","[medicube] Kojic Acid Turmeric Peel Shot Duo For Face & Body | Brightening Reset Gentle Exfoliating Serum with BHA, LHA & PHA for Dead Skin Cells, Blackheads & Excess Sebum | For Dull, Rough & Troubled Skin",1732182201234002155,"$1,568.14","【2026 Newly Upgraded】Trucozie T350 Rechargeable Cordless Vacuums, 8-in-1 Lightweight Upright Floor Cleaning Vacuums with 2 Bonus HEPA Filters, 2-in-1 Brush, Hands-Free Design, 45-Min Runtime, 33 kPa Suction, Housewarming Gift for Hardwood Floors, Pet Hair",1729406319708377732,$903.38,"L'ANGE HAIR Glam Me Up Blush Styling Kit - Ceramic Coated GlamWave Thermal Ionic Brush, Adjustable Rival Heat Shield, Lightweight Marula Oil Hydration Spray, 4oz Salt + Sea Texturizing Spray for Flawless, Frizz-Free Straightening My Hair",1731776245891633648,$863.55
avas.fav.finds,Beauty & Personal Care,"$3,638.20",,,"LYS Beauty No Limits Cream Bronzer Stick, Makeup Contour, Buildable Face Color with Natural Radiant Finish",1729385764072624843,"$2,925.96","LYS Beauty Higher Standard Cream Glow Blush Stick, Makeup Blush Stick for Natural Radiant Finish",1729442305345688267,$276.40,The Blush Stack Dew Blush + SuperSuede Blush,1731606733682217843,$247.95,"sacheu Contour STAY-N - All-Day Liquid Contour - Long-lasting, buildable, ultra-blendable contour Effortless Smooth Bronzer makeup products",1731001036376085279,$102.31,"LYS Beauty Cosmetic Bronzing Stick & Aim High Highlighter Stick Set, Natural Cream Bronzer Makeup Products",1729497083566199499,$59.26
ayeitsanju,Luggage & Bags,$165.04,Health,$148.59,"Women's Solid Color Shoulder Bag, Back To School, Fashionable Large Capacity Crossbody Bag for Daily Used, Casual Trendy Versatile High-quality Daily Commuting Bag",1729496373355844345,$165.04,"Bloom Nutrition Greens & Superfoods Powder (30 Servings) - Digestion, Gut Health, Bloating Relief, Spirulina & Chlorella with Probiotics & Antioxidants",1729399601858974651,$108.95,"Women's Solid Color, Casual Outdoor Sun Protection Cap for Women & Girls, Fashion Accessories for Daily Wear, Breathable Head Cover, Summer Outdoor Hat",1730691917901959683,$73.82,"Two-piece Set Women's Solid Backless Cami Top & High Waist Shorts Tracksuit Set, Solid Sports Sets, Sleeveless Spaghetti Strap Crop Top & Skinny Shorts, Ladies Sportswear for Indoor Outdoor Wear, Gym Wear, Backless Gym Clothes, High Stretch Activewear",1729478901425279827,$40.03,Bloom Nutrition Greens & Superfoods Powder 30 Servings 2 Pack Digestion Gut Health Bloating Relief Spirulina Chlorella Probiotics Antioxidants Organic Dietary Edible Vitamin Essential Minerals Supplement,1729485344610358203,$39.64
backnjennaup,Beauty & Personal Care,"$3,536.06",Furniture,"$1,498.63","Palladio Under Eye Brightening Cream Concealer - Caffeine Peptides, Vitamin E, Biotin, Gluten Free, Blendable Radiant Coverage, Color Corrector & Primer, Smooth Setting for Adults, Evens Dull Tired Skin, Reduces Dark Circles",1729881829798023357,"$1,312.39","75.2"" Tall Pantry Cabinet, Kitchen Pantry Storage Cabinets with 2 Door and 5 Adjustable Shelves, White Metal Pantry Storage Cabinet, Cupboard for Kitchen, Dining Room, Living Room and Bathroom Organizer",1731459666424271005,"$1,217.09","Westmore Beauty Shadow Edit - Instantly Conceals Dark Circles, Shadows & Age Spots - Concealer Foundation Flawless Makeup",1729453082652283063,$960.59,"LANE LINEN Turkish Beach Towel - Oversized XL (39""x71"") Flat-Weave Cotton Blend Lightweight Soft Towel, Quick-Dry, Sand-Free, Pre-Washed, Packable, Stripe & 30+ Designs, Multi-Pack Options for Beach Supplies, Pool, Gifting",1732304296434963436,$479.38,Portland Leather Koala Sling Bag - Soft Leather Crossbody Purse & Travel Chest Bag for Women,1732046851932983468,$396.57
baileyyoliverr,Womenswear & Underwear,"$19,502.99",Sports & Outdoor,"$8,441.94",Project Cloud Women's | Oxford Shoes for Women | Genuine Leather | Memory Foam | Lightweight | Non-Slip - Wally,1731581887912710712,"$5,047.75","Dream Pairs Women's Genuine Suede Mini Platform Winter Ankle Boots - Fuzzy Faux Fur Lined, Memory Foam, Water-Resist EVA Sole, Leather-Feel Luxe Upper, Casual Alternative Classic Chestnut Women's Shoes for Outdoors,sohochic",1729496854625162124,"$4,568.99",Sporty Chic Lace V-Neck 24 Graphic Jersey Top,1731121088253104841,"$2,453.65","OGL Fall 2 Piece Set - Cami with Removable Pads & Surplice Ruched Crossover Top. Slimming, soft & comfortable, long sleeve matching sets for women. Multiple colors, fall winter womenswear, casual elegant outfit. SohoChic Matching Sets For Women",1732364222237872164,"$2,001.11",Halara U Neck Pocket Harem Casual Jumpsuit-Easy Peezy Edition,1730196177300328740,"$1,728.30"
becsreview,Beauty & Personal Care,$970.01,Furniture,$54.66,"JUDYDOLL Ultra-Fine Liquid Eyeliner, Waterproof Liquid Eye Liner, Hooded Eyes, Sharp Winged Lines, Long-Lasting, Beginner Friendly, Lasting Satin Finish, Smudge-Proof, Transfer-Resistant, Suitable For Sensitive Eyes, Summerwins,Back to School",1730235179727360529,$217.41,"[2.0]CARSLAN Black Magnet Soft Focus Powder, 24H Longlasting Translucent Pressed Setting Powder, Oil Control, Waterproof, Sweatproof, Poreless Powder",1730080489125417058,$120.31,"JUDYDOLL 2 in 1 Highlight & Contour Palette - Face Shaping, Long-Lasting, Multi-Use Makeup Palette, Face Bronzer, Cool Toned, Natural Matte Highlighter, Blendable, Buildable Contour, Back to School",1731159981009310225,$109.21,"CARSLAN Black Magnet Oil Blotting Setting Sheet With Powder More Control Oil Keep Fresh 2 IN 1 Blotting Sheet with Mirror Puff & Recyclable Case, 450 Sheets 1 Box 2 Refills, Oil Sucker Blotting Paper, For Touch Up",1731796665614700642,$94.18,"CARSLAN PINK Limited Edition 3.0 Black Magnet Soft Focus Powder, Replaceable Container, 24H Longlasting Translucent Pressed Setting Powder, Oil Control, Waterproof, Sweatproof, Blurring Pore Face Powder, Matte Flawless Finsh, Travel-Friendly Touch Up",1732422067841765474,$68.41
bestiebriitt,Household Appliances,"$63,622.04",Beauty & Personal Care,"$19,919.18","【2026 Newly Upgraded】Trucozie T350 Rechargeable Cordless Vacuums, 8-in-1 Lightweight Upright Floor Cleaning Vacuums with 2 Bonus HEPA Filters, 2-in-1 Brush, Hands-Free Design, 45-Min Runtime, 33 kPa Suction, Housewarming Gift for Hardwood Floors, Pet Hair",1729406319708377732,"$38,217.58",Merach Vibration Plate Exercise Machine with Lymphatic Drainage Feature Compact Design for Full Body Workout Max User Weight 400LBS Home Gym Equipment BackToSchool,1729438841571218111,"$10,128.90",HAIRtamin Miracle Brush | Viral Boar Bristle Detangling Hair Brush for Smooth & Shiny Hair,1730473302865318582,"$6,697.71","【2026 New Arrivals】Trucozie T550 Cordless Vacuum Cleaner, 40kPa Powerful Suction Smart Stick Vacuum with 50 Mins Runtime, 8-in-1 Lightweight Handheld/Upright Vacuum for Hardwood Floor, Carpet, Pet Hair & Car, Cordless Handheld Vacuum, Home Cleaning Tool,s",1731578192195392132,"$6,054.02",Sole Serenity Foot Pads – Overnight Self-Care Foot Patches with Zeolite & Botanical Ingredients | Relaxation & Night Routine,1729487875379467209,"$4,758.64"
bkewwwl1507,Beauty & Personal Care,"$39,233.89",Fashion Accessories,"$17,920.49",Micro-Infusion 2 Month Rejuvenating & Brightening Bundle,1730973352148243047,"$14,860.58",NuDerma Clinical High Frequency Wand with Fusion Neon-Argon Applicators Anti-Aging Anti-Acne by Pure Daily Care  Facial Beauty Instrument Facial Beauty Machine Facial Care Tool,1729401883679232365,"$10,230.43",GOO GOO Hair Extensions Seamless Clip in Human Hair Extensions Natural Straight Hair #sohochic #tiktokshopstockup,1729397696606998963,"$5,578.90",GOO GOO Hair Extensions Clip in Human Hair Natural Straight Remy Hair Easy To Style Soft Clip ins for Women #sohochic #tiktokshopstockup,1729388698832703923,"$5,231.76",DAFNI KLIX Magnetic Hair Clips Set of 2 - The Icon Sandstone - Magnetic Hair Accessories with Seamless Connection with Exclusive Sticky Pad for Mirrors - Strong Magnetic Hold No Slipping - Flat Hair Clips,1732268336969323349,"$3,996.11"
brandie1234,Womenswear & Underwear,"$12,473.25",Fashion Accessories,"$3,008.38","Women's Plain Basic Button-Front Drop-Shoulder Fitted Denim Jacket Coats, Casual Fashionable Outerwear Long-Sleeve Collared Pocket Outerwear for Daily Wear, Aesthetic Womenswear",1729589173787988987,"$2,228.49",PrettyGarden Women's Oversized Cardigan Sweater Fall Long Lantern Sleeve Knit Open Front Lightweight Sweater Knitwear Tops,1731208195967717743,"$1,999.98",Comfrt | Luna Lounge Robe | Buttery-Soft Modal Spandex Jersey Bath Robe,1732587014438359939,"$1,088.38",Cody James Men's Men&#039;S Pioneer Wash Wyatt Slim Bootcut Stretch Denim Jeans - Cjsu23j83-Ltw,1730596356971991270,"$1,040.61",QUAY - HIGH PROFILE Aviator Sunglasses with Gold Metal Detailing & Adjustable Silicone Nose Pads Classic Style,1731049229866602523,"$1,007.53"
brandienicole27,Beauty & Personal Care,"$35,342.43",Luggage & Bags,"$20,659.92",Kelce Brown Football Clear Bag,1731463315645960563,"$19,706.48",tarte timeless hydrating foundation & serum foundation brush - full coverage serum foundation + FREE brush,1732289079425471420,"$10,901.80",The Precision Brightening Set | Soft Focus Under Eye Powder and Brush,1729504703639819641,"$8,039.33","AUTOMET Women's 3-Pack Long Sleeve Crop Tops - Slim Fit, Y2K 2000s Cute Clothes, Minimalist Korean Style, Casual Fit Chic, Basic Layering T Shirts Women, Haze Blue/White/Black, Everyday Tops, Cute Clothes for Summer Womenswear",1731253520473559511,"$3,814.43","utcoco Women's Sleeveless Denim Bodycon Midi Dress - Casual Wear, Going Out Outfit, Trending Clothes, Stylish Women's Wear, Denim Fabric, Side Slit, Elegant Fit, 2026 Chic Design, Imported, Machine Washable",1732202457133715937,"$3,390.87"
brando23454,Pet Supplies,"$3,893.14",Sports & Outdoor,"$2,091.35","VEVOR Portable Dog Blow Dryer, 2000W/2.7HP Pet Grooming Dryer with Metal Housing, Safe Heating, Quick Drying, Adjustable Speed, Temperature Control, 4 Nozzles, Extendable Hose, Auto Shut-Off, Black (Father's Day Gift Option), Easy To Connect, Safe And Com",1729433235356618926,"$2,459.90","【SohoChic】 Cozila Elevated Dog Bed for Large Dogs Up to 120lb, Year-Round Pet Cot with Breathable Teslin Mesh & Removable Winter Plush Mat, Durable Waterproof Frame, Indoor & Outdoor Use",1729536878182371542,"$1,008.81","WARSUN T7 EDC Flashlight, Pocket LED Work Light with Magnetic Base & Clip, USB-C Rechargeable, Compact Everyday Carry Tool for Camping, Car Repair and Outdoor Use",1729541227726476256,$850.09,"Ridge Tracker Card 2.0 - Smart Tracking, Rechargeable, Wireless Credit Card-Size Wallet Tracker, Apple + Android FindMy Compatible, AirTag Alternative, Slim EDC Accessory, Top Tech Gift",1729496156303627882,$580.87,#Toolupgrade | TOPDON JS3000 12V 3000A Battery Booster Automotive Jump Starter Pack for Up to 9L Gas/7L Diesel Engines Car Tool Kit Automotive Tool Kit with 24000mAh Battery Capacity Vehicle,1729431923202626098,$558.63
brehyah,Phones & Electronics,"$4,106.07",Sports & Outdoor,$691.91,"JLab JBuds Lux ANC Wireless Bluetooth Noise Cancelling Headphones with Mics, Adjustable Over-Ear Design, Custom EQ, Be Aware Safety Mode, Foldable, Wired Charging Cable, Compatible with iPhone/Android Devices (Tools and Gadgets, Mens Gifts)",1729430076387136161,"$2,797.69","JLab Epic Lux Lab Edition ANC Over-Ear Headphones, 32mm Drivers, Adaptive Noise Cancellation, Hi-Res Audio, Bluetooth & Wired Connection, Cable Included, Chargeable, Wireless Charging Dock, Headphone Case, Manufacturer Warranty",1730308689466987169,$731.22,"Made4pets Large Freestanding Cat Scratching Post with Condo Design, Cotton-Sisal Rope, Dual Rope Options, Beige Vertical Scratcher - Pet Play & Rest Spot, Fits Any Home Decor",1731379862791819537,$573.82,EHPlabs OxyShred Energy Drink | Ready-to-Drink RTD | On-The-Go Energy & Focus Support | Daily Performance Routine | Zero Sugar | Better For You Energy Drink | 12 Pack,1729433039799751674,$534.52,At My Limit Animal Weekender,1732294700865065818,$411.35
bretthayes24,Shoes,$39.08,,,"Unisex Mules New Fashion Minimalist Plain PU Leather Shoes, Comfortable Breathable Slip-On Sandals, Casual All-Season Footwear",1731762605438046446,$39.08,,,,,,,,,,,,
brittany.fnp,"Books, Magazines & Audio","$1,528.88",Toys & Hobbies,"$1,144.79",Michael Coloring Book,1732387379775443062,"$1,528.88","Children's Miniature Cooking Set - Safe Pretend Play Toddler Kitchen Toys with Kids Cooking Accessories, Children Development Toy, US Standard Adapter Included, Gift Ideas for Kids",1732216102089102092,$742.30,"Kids Michael Jackson Thriller Graphic T-Shirt, King of Pop Cartoon Portrait Youth Cotton Short Sleeve Tee, Boys Girls Casual Everyday Aesthetic Shirt, Retro Music Fan Children Gift Tee",1732532375781151307,$474.33,HYZ Women's Pearl Beaded Halter Twist Sleeveless Tie Back Dress A Line Dress,1732160119251832875,$269.94,Children's Halloween Costumes Boy Jackson cosplay costume Red leather jacket Long-sleeved top fashionable leather jacket,1732516969035109265,$238.58
brittanydejardo,Womenswear & Underwear,$41.48,,,"[Clearance] baleaf Women's Pleated Tennis Skorts, High Waisted Flowy Athletic with Pockets for Golf, Gym & Casual Wear, Tennis Attire",1729387636236456189,$41.48,,,,,,,,,,,,
brittnymarch,Womenswear & Underwear,$718.72,Beauty & Personal Care,$461.78,DELIMIRA Women's Inbarely Plus Full Coverage Bra No Padded Plus Size Underwire Unlined Seamless Bras,1731378392447357219,$663.78,Scentual Luxury Perfume Oil Ultra-Concentrated Handcrafted in USA 10ml Roller with Vanilla Gourmand Floral Fruity Notes,1731248492514480638,$341.23,Trio Bundle: Ultra Concentrated Mist + Body & Hair Oil + Free Roller,1732111730285253118,$76.68,OEAK Womens Seamless Jelly Bra No Underwire Comfort Push Up Bras Buttery Soft Wireless Full Coverage Sport Everyday Bra,1729721094667014451,$54.94,"[Dr.Melaxin Official] Zero-Fit Blemish & Dark Spot Patch Duo | S-ZINC + Mela-C·E Ultra Thin Spot Patches with Salicylic Acid, Acne Care, Sulfur, Vitamin C & Niacinamide | 72 Patches × 2",1732544791635398683,$20.40
bryttani_mingo,Beauty & Personal Care,$407.75,Toys & Hobbies,$68.95,"TYMO ROVY COMPACT - 1-Inch Deep Wave Hair Crimper and Curling Wand, Negative-Ionic Ceramic Styling Tool for Smooth Hollywood and Mermaid Waves, Dual Voltage, Lightweight, Anti-Frizz, Travel Friendly,dorm essentials,toolupgrade",1729442199827812830,$182.20,"TYMO RING Series - TYMO RING or TYMO RING PLUS or TYMO FLIPRO 2-in-1 Straightener Comb for Frizz-Free Styling, Ionic Titanium Brush, 9 Temp & LED, Multifunctional Brush, Fast Heat, Each Sold Separately; Summervibes Plancha de Cabello gift Hair Flat Iron,,",1729385521380102622,$77.18,"Car Adventure Toy Race Track Playset for Toddlers 3-5, Interactive City Rescue Puzzle with 6 Buttons 8 Challenges & Mini Cars, STEM Motor Skills Educational Gift for Boys Girls",1729392834399671197,$68.95,Best Interest Deep Repair Air Dry Styler,1730307483047858671,$65.04,"Wavytalk Multifunctional Ionic Blow Dryer Kit | 1875W Powerful Dryer, Ceramic Coating Heat Damage Protection, Diffuser, Styling Comb, Lightweight Quiet Hair Tool for All Hairstyles, Multifunctional Hair Dryer, Hair Dryer Kit",1729388492356489368,$60.18
btbeautyx,Beauty & Personal Care,"$2,342.60",Womenswear & Underwear,$263.44,"Brightup 5 in 1 Air Styler, Hairstyle, Airwrap, Automatic Hair Curling Iron with Detachable Brush Head, Blow-Dry,Straightening Wrap  Negative Ions Ergonomic Rose Gold,dorm essentials tiktokshopbacktoschool",1729478886449255048,"$1,970.99","Chouyatou Women's Lightweight Solid Cotton Fabric Dress - V-Neck, Short Sleeve, Adjustable Drawstring, Elegant Bohemian Style, Loose Casual Beach Dress with Pockets, Casual Wear, Shortsleeve, Breathable, Lady, Fashion Apparel, Sun Dress, Beach Outfits",1732173592754295177,$263.44,"MyDepot Ergonomic Home Office Chair - High Back Reclining Mesh Task Chair with 360-Degree Swivel Rolling Base, Adjustable Headrest, Pneumatic Height Adjustment, Porous Mesh, Smooth Casters Glide on Tile or Wood, 275lbs Weight Limit (Footrest Optional)",1729550655709549029,$219.78,Denture Pod and Foam Cleaner Combo,1731272415267361031,$130.97,"GuruNanda Retainer & Denture Cleaning Pod with UV for Dentures, Retainers, Mouthguards with One Touch Timer Lightweight Daily",1730721120930205959,$77.98
by.bren2,Womenswear & Underwear,$421.00,Kids' Fashion,$389.15,Hanes Ecosmart Boys' Tank 5-pack Underwear Multi Pack Comfortable Fit Soft Stretch Fabric Breathable Brlta5,1731045157806380004,$389.15,FAIABLE Men´s Hoodies Unisex Oversized Zip-Up Hoodie for Women Plain Acid Wash Long Sleeve Pullover Basic Minimalist Tops Heavyweight Fleeced Cotton Zipper Hoodie Vintage Casual Menswear Sweatshirts,1729773126172578149,$210.38,"Women's Color-Block Patent Leather Pointed Toe Slingback Heels with Bow Detail, Vintage Sweet Chic Multi-Occasion Footwear for Daily Wear, Parties, Dates & Weddings, Shoe",1732017005707694666,$187.13,Cider Napoleonic Core Peter Pan Collar Houndstooth Button Short Sleeve Blouse Napoleon,1731569923994456151,$97.38,"klassy Ribbed Dainty Boat Neck Brami - Casual Top for Women, Stretchy Fabric, Essential Womenswear",1729532610105348133,$92.19
calebrichhh,Beauty & Personal Care,"$2,259.61",Menswear & Underwear,$62.25,"Lumiellé Glass Skin Liquid Exfoliant with Salicylic Acid (BHA) – Gentle Exfoliating Soft Exfoliating Face Treatment, Retexturizing Peel for Pore Minimizing, Skin Resurfacing, Brightening & Facial Exfoliation Results",1729399294440607900,"$1,195.91","Instant Angel Lipid-Rich Nourishing Moisturizer - Fragrance-Free, Deeply Hydrating, Firming Cream",1729397664481972561,$250.50,Self-Tanning - Milky Essence,1732314195951063680,$244.48,"Diffusion Dew Lightweight Skin Tint – Dewy, Hydrating Foundation with a Natural Radiant Finish by MAKE Beauty",1729408867429356460,$198.04,"[Beauty of Joseon Official] Glow Serum : Propolis + Niacinamide 50mL | Moisturizing Facial Serum, Nourishing Propolis, Brightening, Gentle, Soothing for Irritated Uneven Skin Tone, Korean Skincare",1729566268670382513,$134.69
candidly.betsy,Sports & Outdoor,"$51,096.98",Toys & Hobbies,"$6,241.07","2026 Dumpling Squishy Advent Calendar - Indoor Recreation Stress Relief Toy, 24 Surprise Kawaii Mini Food Squishy Figures, Cute Christmas Countdown Holiday Gift",1732609143065383676,"$48,688.45","Halloween Dumpling Stress Relief Toys, 1pcs/3pcs/6pcs/8pcs/12pcs with Steamer Storage Boxes,Slow‑rebound maltose squishy toys, ideal for Halloween party gifts, featuring grimace pumpkin and little devil designs，12pcs Mini Dumpling(5cm）",1732534855764971527,"$3,031.73","Halloween Squishy Surprise Box, 24 Piece Advent Calendar Countdown Set with Cute Ghost Pumpkin Designs, Halloween Gifts, Party Favors & Classroom Prizes",1732612161263997692,"$2,203.06",Mini Bun Squishy Countdown Red Gift Box,1732615249509454063,"$1,116.46","JOYIN Christmas Dumpling Stress Relief Toys Set, Cute Malt Sugar Christmas-Themed Squeeze Dumpling Stress Balls, Slow Rising Squishy Fidget Sensory Toy, Soft Squeeze Decompression Dough Gift for Adults and Girls Boys, Birthday Gifts",1729524296050054151,$856.33
carlosesparza,Menswear & Underwear,$774.20,Womenswear & Underwear,$312.34,"AELFRIC EDEN Men's Gothic Streetwear Baggy Sweatpants - Barrel Leg Athleisure Joggers with Blade Graphic Print, Drawstring Waist, Vintage Men's Clothing for Gothic Street Look (Blade Graphic Adds Edge),sohochic",1732253469021737570,$277.30,"Aelfric Eden Patchwork Distressed Baggy Wide-Leg Jeans with Pockets Soft Denim Casual Streetwear Vintage Y2K Pantstressed Pants,clothes for back to school,first day of school outfits,sohochic",1731311857230516834,$165.37,"AIRHAS Men's Barefoot Shoes Zero Drop Wide Toe Box Minimalist Slip-on Gym Shoes for Men Deadlift Cross Training Sneakers #Outdoorfun #TikTokShopBlackFriday #SummerVibes#TikTokShopDealsforYouDays,shoes for back to school,back to school shoes,sohochic",1729572383560732677,$159.96,"VICTORIOUS TERRA Men's Baggy Fit Raw Denim Jeans, 5-Pocket Streetwear Style in Breathable Stretch Cotton, Fabric, Soft, Stylish, Casual, Classic, Menswear, Hem",1729641487396475528,$132.69,"Y2K Trendy Geometric Metal Coated Chunky Beaded Chain Necklace - Adjustable 17.7in Chain with 2in Extender, Premium Quality Retro Fashion Statement Jewelry for Women, Daily Wear Streetwear Accessory Perfect Gift",1731158960335393748,$129.00
carlymanninggg,Beauty & Personal Care,$318.64,Menswear & Underwear,$20.22,tarte Big Stick Energy duo – shape tape concealer stick & brush,1730956811325510588,$208.64,tarte colored clay CC undereye corrector,1729734769623929788,$110.00,"Comfort Colors Dean Di Laurentis Briar U Vintage Shirt, Briar University Shirt, Off-Campus Hockey t-shirt, Hockey Romance graphic tee",1732406682214503268,$20.22,,,,,,
caro_manning,Phones & Electronics,"$6,264.53",Beauty & Personal Care,"$3,925.07",SHOKZ OpenRun Pro 2 Bone Conduction Bluetooth Sport Headphones；DualPitch premium sound；Open ear awareness; Smart Mic; IP55; 12H battery; Running/Cycling/Hiking,1729658353063203418,"$2,822.17",SHOKZ OpenRun Bone Conduction Open-Ear Bluetooth Sport Headphones Open ear comfort; Lightweight & Secure fit; IP67 water resistance; 8H battery; Running/Cycling,1729658080504484442,"$2,327.64","tarte BB blur tinted moisturizer SPF 30 - instantly brightens, hydrates & smooths your skin",1729584174847071164,"$1,228.51",tarte colored clay CC undereye corrector,1729734769623929788,"$1,185.77",JLab GO Sport+ True Wireless Earbuds with Integrated Charging Case 35+ Hour Playtime 3 EQ Sound Settings IPX4 Bluetooth 5.3 Cable Rechargeable Headphones Audio - Electronic,1729397398907556513,$807.47
carringtonchronicles,Beauty & Personal Care,$7.92,,,Lip Scrub Brush - Exfoliate and brighten your lips. Helps to brighten smoker lips.,1729385716314641147,$7.92,,,,,,,,,,,,
cassycass00,Beauty & Personal Care,"$27,623.41",Sports & Outdoor,"$1,381.59",tarte summer skin essentials - CC color-correcting tinted serum + creaseless setting powder,1732422500087993276,"$15,522.66","Gywwn Electric Ear Cleaning Kit for Adults - Rechargeable Earwax Removal Tool with 2-in-1 Built-in Waste Tank, 4 Pressure Settings, IP67 Waterproof Rating, 3 Nozzles, Back to School Beauty & Personal Care Item, Non-Medical,sohochic sohochic",1731065506959561622,"$7,620.87","[ELROEL Official Store] ELROEL Blanc Cover Cream Stick V White - Korean Color-Changing Foundation Stick with Volufiline - Medium to Full Coverage Dewy Finish Base Makeup - Dual-Ended with Detachable Brush (13g, 0.04 oz)",1732244344172417451,"$1,543.38","L'ANGE HAIR Glam Me Up Blush Styling Kit - Ceramic Coated GlamWave Thermal Ionic Brush, Adjustable Rival Heat Shield, Lightweight Marula Oil Hydration Spray, 4oz Salt + Sea Texturizing Spray for Flawless, Frizz-Free Straightening My Hair",1731776245891633648,"$1,196.15","L'ANGE HAIR GlamWave Infrared Thermal Ionic Brush - 38mm Heated Round Brush Adds Volume, Curl & Shine, Reduces Frizz",1730842125903565296,$757.22
cassymedwards_,Beauty & Personal Care,"$13,968.95",Health,$28.31,tarte double take clay pot shadow eyeliner + FREE brush - hybrid shadow liner + double-ended brush,1732349004843029436,"$3,201.20","COVERGIRL TruBlend Skin Enhancer Baked Luminous Finishing Powder - Glow Setting Cosmetic Setting Powder, Blurring Makeup Beauty Product with Hyaluronic Acid",1732356199721439998,"$2,648.80",tarte sculpt tape & blush tape duo - blush and bronzer,1729417067781002172,"$2,430.12",tarte smolderEYES shadow liner duo,1731479846982685628,"$1,208.20",tarte quick stick double-ended shadow liner trio,1732387343493403580,$713.49
cheerockafellaa,Fashion Accessories,$668.16,Beauty & Personal Care,$151.87,【Hot Sale】VIPbeauty Half Wig Human Hair 200 Density Burmese Curly Half Wig Spiral Curly Ends 3 In 1 Seamless Flip Over Glueless Wigs Human Hair with Drawstring Beginner Friendly Curly Wig Headband Wig for Women Daily Wear#SohoChic,1730723192437445202,$366.20,"Bikini Pain-Free Hair Removal Cream for Sensitive Skin, Hypoallergenic Formula-Gentle & Fast-Acting Depilatory with Citrus Scent, Aloe & Hyaluronic Acid for Soothing Care, Suitable for Men & Women,backtoschool",1731625997827871273,$142.76,34 Inch Straight Wigs Human Hair 13x6 HD Lace Front Wigs Human Hai HD Transparent Lace Frontal Wigs Human Hair Pre Plucked,1731565010075292117,$121.53,Tahikie 99J Burgundy Colored 200% Density Deep Wave 13x6 Full Frontal HD Lace Front Curly Wave FB30 Highlight /Natural Black Human Hair Wigs For Women TikTokShopBlackFriday#SummerWins #DealsForYouDays#TikTokShopBackToSchool#SohoChic,1729438956644831236,$96.53,"【30 Inch $81.9】Haloqueen 13x6 30 Inch Deep Wave Lace Front Human Hair Wigs 200% Density 13×4 HD Transparent Deep Curly Lace Front Wigs for Women Pre Plcked Wigs With Baby Hair, Deep Wave Wig, Wigs Human Hair,sohochic",1731556895045226786,$83.90
chelsleebmoney,Phones & Electronics,"$9,476.89",Beauty & Personal Care,"$4,988.32","JLab JBuds Lux ANC Wireless Bluetooth Noise Cancelling Headphones with Mics, Adjustable Over-Ear Design, Custom EQ, Be Aware Safety Mode, Foldable, Wired Charging Cable, Compatible with iPhone/Android Devices (Tools and Gadgets, Mens Gifts)",1729430076387136161,"$3,865.31",SHOKZ OpenRun Pro 2 Bone Conduction Bluetooth Sport Headphones；DualPitch premium sound；Open ear awareness; Smart Mic; IP55; 12H battery; Running/Cycling/Hiking,1729658353063203418,"$3,748.25","Disney Sunny Side Up Marvel Spidey & His Amazing Friends Soft Throw Blanket for Kids' Bedding, Boys Room Decor, Cool Gifts for Kids, Room Stuff for Boys",1731636411001573839,"$1,913.03","YITAHOME 1/2 pcs Raised Garden Bed Kit, with Gloves & Tension Bar, Outdoor Patio Planter Box for Plants Vegetables Flowers",1732253056543723696,"$1,109.89","#sohochic HARPPA Toddler Wagon Stroller - Unisex Iron Frame Portable Foldable 2-Seat/4-Seat Stroller with Canopy, Push-Pull Handle, EVA Foam All-Terrain Wheels, Large Storage, Multi-Use for Outdoor/Camping",1731422535267553462,$844.14
christinaliddo,Womenswear & Underwear,"$1,232.02",Fashion Accessories,$199.75,"Midnight Margaritas Comfort Colors Shirt, Witchy Cocktail Graphic Tee, Retro Halloween T-Shirt, Spooky Season Fall Apparel, Magical Autumn Gift",1732521742042108653,"$1,117.34",SOJOS Polarized Narrow Square Cateye Sunglasses for Women Retro Trendy Driving Glasses,1729457314765902168,$155.95,"Magnetic for iPhone 16 ProMax Gingham Phone Collage Case for iPhone 17-11 Pro Max & 17 AIR - Cute Espresso Brown Fall Design, Smartphone Cellphone Handheld Devices Accessoriesfor iPhone16e",1732415443203952777,$121.42,【Creator’s Pick】Halara UltraSculpt High Waisted Scrunch Butt Lifting Tummy Control Pocket Shaping Yoga Bootcut Leggings #BackToSchool,1730598888052330788,$66.90,SOJOS Retro Rectangle Polarized Sunglasses for Women Men Trendy Hexagon Narrow Chic Y2K Sunnies,1732292149116768600,$43.80
christylong40,Beauty & Personal Care,"$4,358.96",Home Supplies,"$3,347.41",Home Reflections 60x80 Reversible Rib Harvest Printed Throw,1732549204203377607,"$1,975.38",Lenox 6-Piece Sparkle & Scroll Ornament Set,1731869840880079815,"$1,228.17",Home Reflections Set of 3 Flameless Tree Candles,1731505867278947271,"$1,117.09",10 Strawberry Street Platter Merry Morsels Platter,1732099737067295687,$939.68,"MoFiz Women's Lightweight Insulated Fleece-Lined Thermal Hybrid Waterproof Breathable Full-Zip Long Sleeve Multi-Fabric Fall Winter Jacket - High Elasticity Athletic Outerwear for Hiking, Running, Biking",1729619646980002397,$752.17
colleen_fusco,Beauty & Personal Care,"$5,990.74",Womenswear & Underwear,$573.97,"[NEW] Fluff & Snatch Brow Powder Pen, 24H Wear, Cream To Powder Eyebrow, Transfer-Resistant Formula, NYX Professional Makeup",1732313729432392008,$838.81,Skin Perfecting Cream Blush,1732606948685549844,$620.66,tarte colored clay CC undereye corrector,1729734769623929788,$554.56,"[NEW]:  Peel Off Liner Lip Stain, Up to 24H, Tattoo-like Wear, Maybelline New York",1732356123453198994,$472.18,sacheu Lip Liner STAY-N - Peel-Off Lip Liner Stain - All Day & Night Lip Liner with Hyaluronic Acid & Vitamin E - Long Lasting Formula - 0.12 fl oz / 3.5 ml,1729385088934777631,$440.25
creatorsalley,Furniture,$185.73,Sports & Outdoor,$89.34,"Raybee Furniture 57""H 16 Drawer White Dresser with Wooden Top, Modern Tall Dresser for Bedroom & Chests of Drawers, Large Capacity Storage Cabinets for Bedrooms, Living Room, Entryways",1729436108344758810,$185.73,"Fireplace TV Stand with 18"" Fireplace, Electric Fireplace 3D Fireplace TV Console for TVs up to 65"", LED Lights Wood and Glass Entertainment Center & USB Charging Outlet, Black",1732569914917359662,$89.34,"30 Inch Long Claw in Ponytail Extension, Natural Fluffy Loose Wavy Wave Synthetic Extensions, Synthetic Hairpiece for Daily & Party Use, Wavy Ponytailwig Hairstyle, Hair Weave Wig, Loose Wave Bundles",1730889499626148144,$76.83,,,,,,
deniece0110,Womenswear & Underwear,"$84,887.95",Shoes,"$20,113.07","Women's Striped/rhombus/leaf/dot Cloud Handbag, Clip Closure Crossbody Bag, Lightweight Foldable for Daily Use, Gifts for Friends and Valentine's Day",1732227985172828427,"$18,223.60",YeeZaa Women's Gingham Plaid Jacket Cropped Zip Up Stand Collar Oversized Jackets with Batwing Sleeves Loose Casual Lightweight Coats 2026 Fall Outfit with Pockets Back to School First Day Outfit,1732532186273648684,"$14,633.20",YeeZaa Rollneck Knitted Sweater for Women 2026  Fashion Fall Winter Casual Soft Chunky Cotton Long Sleeve  Crochet Knit Oversized Crewneck Pullover Top Transitional Fall Look Office Outfit,1732493923192246316,"$5,881.69","Women's Blue Plaid Oversized Pouch Pocket Long Sleeve Shirt, Comfortable Loose Fit Top, Vintage Street Style, All Seasons",1732472656167932176,"$5,314.30",【SS26 Collection】TARSE Womens Linen Blend Wide Leg Flowy Culotte Shorts Drawstring Loose Fit Summer Casual Lightweight Comfy Vacation Wear,1729476467655284360,"$4,316.27"
diaryofamaterialgurl,Beauty & Personal Care,$193.26,Womenswear & Underwear,$49.77,AOA Dewy Blend Foundation,1729484640410439825,$114.11,"Women's Fisoew Quarter-Zip Pullover - Moisture-Wicking, Lightweight, Oversized Sun Protection Jacket with Casual Sports Style for Gym, Fitness Running, Everyday Activewear (Athletic Tops, Workout Tops Included)",1732097229565562930,$49.77,"Pink Blush Shams Al Emarat Khususi Alcohol-Based EDP Perfume Spray - 100ML (3.4 OZ) Unisex Long Lasting Floral Jasmine Scented Fragrance, Floral Woody Notes, Everyday Wear, Love Gift",1730954972422902666,$37.69,"Glossier Body Spritz - Orange Blossom Neroli, Sandstone & Lilyhaze",1731600720900035093,$30.45,"Athlefit Women's Wedge Sandals, Dressy Square Toe Thong Slip On Flip Flops with a Cushioned Low 2.4-Inch Heel for Summer Parties, Black Sandal, Flipflop, Casual Outdoor Sandals tiktokshopbacktoschool,back to school,back to school haul,sohochic",1732218838576042516,$30.44
digitaljinxy,Beauty & Personal Care,"$111,027.83",Home Supplies,"$4,257.60","Bella Vita Luxury's Honey Oud | Eau de Parfum 100ml (3.4 fl oz) | Patchouli, Vanilla, Bergamot | Floral & Spicy | Made with Clean & Vegan Essentials Oils | Cruelty Free Fragrance Perfume",1729413742968869814,"$67,862.15","BellaVita Luxury's CEO Man Eau De Parfum 100ml (3.38 Fl.oz) | Lemon, Lavender, Tonka & Agarwood | Long Lasting Perfume for Men | Vegan Perfume | Perfect Gift for Men",1729413705690223542,"$13,902.47","BellaVita Luxury's Honey Oud - (0.68 fl. oz./20 ml) | Eau de Parfum | Patchouli, Vanilla, Bergamot | Floral & Spicy | Long Lasting | Mini Perfume",1730302033260876726,"$9,296.44",Voyage Nova | Rosey Fruity Floral | Extrait De Parfum 50ml/100ml | Long Lasting Luxury Fragrance | Daily women's perfume Alluring Summervibes sohochic,1732263142232921043,"$6,444.95",Bellavita Luxury White Oud Eau De Parfum 100ML | Elegant Unisex Perfume for Women & Men | Fresh Spicy Oud Fragrance | Long Lasting Luxury Scent | Women Perfume Gift Set,1729413119628710838,"$4,563.25"
dinakxoxo,Sports & Outdoor,"$25,179.81",Womenswear & Underwear,"$3,911.16",Halara One Shoulder Long Sleeve Thumb Hole Curved Hem High Low Quick Dry Yoga Sports Top-Built-in Bra,1731918375289458980,"$19,814.82",Halara One Shoulder Long Sleeve Thumb Hole Ruched Yoga Sports Top #BackToSchool,1731821865584398628,"$3,405.84","AISIZE A5602 Women's Mesh Cowl Neck Ruched Asymmetrical Cocktail Dress with Draped Convertible Neckline for Party Evening ,Summeroutfits, Vacationoutfits, Beachoutfits",1732475374525256626,"$1,767.88",AISIZE A5605 Women's Off Shoulder Long Dress Casual Summer Dress with Pockets Soft Stretch Flowy Long Dress for Vacation Brunch Date Night Maxi Womenswear,1732480190294430642,$846.75,〖Summer Vibes〗3/6 PCS Retro Oval Sunglasses for Women Chic Cat Eye 90s Sunnies Lightweight Narrow Shades Trendy UV Protection Sunglasses Vintage Rich Girl Sunglasses Women Sunglasseswomen,1731169892210610297,$832.01
ellencherry_,Womenswear & Underwear,"$17,393.62",Luggage & Bags,$671.05,Cicy Bell Womens Summer Oversized Button Down Shirts Half Sleeve V Neck Business Casual High Low Tops Loose Fit Blouses,1732357818255184239,"$7,180.39",utcoco Women's Barrel Jeans - 2026 Y2k Casual Cute Soft Lightweight Ruffle Patchwork Baggy Boyfriend Denim Pants,1732429401698701793,"$5,284.14",2025 INS blogger's parody creative grocerybags platinum bag remake fashion blogger's same fitness and leisure bag Beach Bag,1731559003617268062,$671.05,"3 pack sports shorts, breathable running exercise, workouts, and everyday casual Seven quarter pants",1729482331289785797,$528.06,"Flamingals Solid Mid Waist Baby Barrel Cropped Pants Without Belt Womenswear Stretchy 26"" Inseam",1732529296705818709,$524.99
emileys.drafts,Beauty & Personal Care,$759.22,,,"Soft by Al-Rehab EDP Spray, 35ml",1729409282815661014,$256.28,"Lattafa Yara Women's Perfume, 3.4oz(100ml) Oriental Mix Fragrance, Fresh Long-Lasting Perfumes for Women with Tropical, Fruity & Vanilla Bean Notes, Fragrances",1729392338954654602,$113.82,[,1732485417170998230,$112.54,"Curvlife 20ml Nail Glue Remover – Gentle Non-Acetone Formula for Press-On Nails, Soft Gel, Nail Tips | Precise Pinpoint Dropper | Quick Dissolve, No Damage, Easy Removal at Home or Salon Healthy Marker Pen Stains Efficient Polish Manicure",1731187557237101108,$67.33,"PHLUR Vanilla Skin Body Mist - Full Size Hair & Body Fragrance Mist with Vanilla, Pink Pepper, Cashmere Wood & Sandalwood (8 fl oz)",1729406255448822017,$39.00
errrcat,Womenswear & Underwear,"$48,697.11",Shoes,$265.92,Lacsper Daisy Floral Lace Minimizer Bra Unlined Unpadded Full Coverage Plus Size Underwire Breathable Mesh Cup Comfort Support for Women,1731589895165612280,"$6,690.18","Vertvie｜GRACE Classic T-Shirt Bra, Jelly Bras, Wireless Full Coverage for All Day Comfort Breathable Womenswear",1731578445279630251,"$4,640.33",HSIA Mermaid Scales Sexy Lace Plus Size Unlined Underwire Bra for Women Full Coverage Minimizer Bra Lifting Daily Large Bust Bras Lightweight Breathable Mesh Comfort Back Smoothing Bra,1729413206647607494,"$3,903.97",Lacsper Daisy Floral Lace Comfort Bra Plus Size Minimizer Full Coverage Underwire Supportive Under Band Non-Padded Unlined,1729488258047710456,"$3,450.04",HSIA Starry Night 4mm Lightly Padded Demi Bra Lifting Support Natural Push Up Balconette Bra with Wider Padded Straps for Women Plus Size Shimmer Underwire Bra Back Smoothing Daily Large Bust Bras,1729596177708650694,"$3,281.34"
everydayaudur,Textiles & Soft Furnishings,$232.93,Beauty & Personal Care,$95.97,Zulay Kitchen Cozy Throw Blanket for Lounging with Gift Box,1729408004716859453,$232.93,"SNOWY Sticky Inserts - Instant Lift & Boost, Washable & Reusable, Outfit Enhancer",1729420460993712801,$72.00,"TIMETOME Reusable Grooved Handwriting Workbook for Kids, Learning Materials, 6 Books–Early Elementary, Covers Math, Words, Drawing –Gift for Children Preschool Alphabet Tool Classroom Supplies，summer learning workbook,sohochic",1731199102360326543,$63.81,"Woody Sandalwood, Dossier, Unisex Perfume, Eau de Parfum, 50ml, Sandalwood, Violet Leaves, Cardamom, Orris, Ambrox, Cedarwood, Musk, Amber",1729436419438056160,$63.20,"Montessori Busy Board for Toddlers Ages 3-5, Sensory Activity Board with Alphabet Life Skills, Screen-Free Travel Toy for Airplane Car Ride, Preschool Learning Toy, Birthday Gift, Activity Sensory Board,  Developmental Activity Board, Preschool Busy Board",1729680469600015157,$40.18
foodfashionfun12,Food & Beverages,$789.69,Health,$466.80,Keurig 24 Cups Variety Pack - Keurig Single Serve Pods - Countdown - 2026 Advent Calendar - Flavored Coffee,1731672315963937275,$348.03,Guild Themed Mystery Box - Makeup - Lipglosses - Lip Stain - Bodyshimmers - Makeup brushes - Blushes,1732266138963055523,$130.00,Rush Energy Caffeinated Powder Loaded Waters,1731880692975964393,$104.54,Liquid I.V. Sugar-Free Hydration Multiplier - Green Grape - Hydration Powder Packets | Electrolyte Powder Drink Mix | Convenient Single-Serving Sticks | 8 Vitamins & Nutrients | 1 Pack (14 Servings),1729407832403448023,$101.02,Liquid I.V. Limited Edition Spider-Man Hydration Multiplier Sugar-Free -  Raspberry Lemonade - Hydration Powder Packets | Electrolyte Powder Drink Mix | Convenient Single-Serving Sticks | 8 Vitamins & Nutrients | 1 Pack (14 Servings),1732403144794411223,$81.90
freekbass,Toys & Hobbies,$36.99,,,"LEKATO MW-20 2.4G PRO & Pogolab BKW-X1 2.4G Rechargeable Plug-N-Play Wireless Mic Transmitter Receiver Set with XLR Adapters, 48V, 2-Hour Quick Charge, 20Hz-20kHz, 4 Channels, Dynamic Mics, DSLR Cameras, Podcast Setup, Live Streaming Equipment",1729436223692444275,$36.99,,,,,,,,,,,,
gabbrieluh,Textiles & Soft Furnishings,"$2,016.06",Womenswear & Underwear,$820.90,"Amoami Floral Vintage Pattern Area Rug - Soft, Lightweight, Non-Slip TPR Backing, Machine Washable Indoor Rug for Bedroom, Living Room Home Decor, Rugs For Bedroom, Sohochic",1732390933638385994,"$1,978.08","Ommig Women's Parachute Wideleg Pants Baggy Y2K Elastic Waist Wide Leg Track Pants Trousers Casual,sohochic",1729585507777548858,$478.75,"Sweet Dreams. Lady's Oversized Knitting Batwing SleeveCardigan, V-Neck Button-Front Basic Women's Tops,Casual Bohemian Summer Outfits Knitwear",1732476607271440900,$187.93,"Derma Roller for Face, Beard, and Hair, Titanium Needles - Ideal for Personal Skincare and Hair Care, Suitable for Men and Women Comfort Dermaroller",1729581040733622489,$125.44,"Best Choice Products 3-Tier Slim Rolling Nursery Caddy w/Wheels, Utility Cart for Storage Organization",1732417487470498474,$104.14
grayson.finks,Womenswear & Underwear,"$16,241.52",Luggage & Bags,"$9,944.07","Women's Striped/rhombus/leaf/dot Cloud Handbag, Clip Closure Crossbody Bag, Lightweight Foldable for Daily Use, Gifts for Friends and Valentine's Day",1732227985172828427,"$9,741.82","Aswulk Women Cute Fish Intarsia Knit Sweater, Roll Edge Mock Neck Lantern Long Sleeve Loose Pullover Jumper, Casual Vintage Knit Top for Fall Winter",1732483983571063238,"$1,682.06",Cider Vintage Sheer Lace Boat Neck Cutout Sleeveless Top for Elegant Outfits SohoChic,1732323567170130007,"$1,409.95","Women Vintage Camo Print Drawstring Waist Capri Cargo Bermuda Shorts, Multi Flap Side Pocket Loose Baggy Calf Length Utility Cropped Pants, Adjustable Ankle Tie Cuff Wide Leg Camouflage",1732455339904897293,"$1,040.27",LikeMyChoice Boho Short-Sleeve Shirt & Wide-Leg Pants Luxury Resort Wear 2-Piece Outfit Satin Fabric Women's Lounge Set for Vacation Vibe Clothes Suits,1732364275747950749,$965.05
hanaisfinechina,Womenswear & Underwear,"$21,493.74",Beauty & Personal Care,"$1,176.34",LUCKMEEY Womens Strapless Front Closure Bra Push Up Lift Bra Padded Add Cup Non Slip  Anti-Slip Grip & Removable Straps Fit Outfits Wireless Supportive  Seamless Comfortable,1732282937141662165,"$13,335.13",HSIA Starry Night 4mm Lightly Padded Demi Bra Lifting Support Natural Push Up Balconette Bra with Wider Padded Straps for Women Plus Size Shimmer Underwire Bra Back Smoothing Daily Large Bust Bras,1729596177708650694,"$2,036.78",LUCKMEEY Womens Strapless Front Closure Bra Push Up Lift Bra Padded Add Cup Non Slip Anti-Slip Grip Wireless Supportive  Seamless Comfortable Tube Jelly Bra,1732453577414382037,"$1,305.90",BOOMBA Magic Padded Sticky Bra - Patented Sticky Fashion Bra Inserts,1729459877607019435,"$1,187.97",tarte colored clay CC undereye corrector,1729734769623929788,"$1,032.51"
happyhealthyabbie,Home Supplies,$164.27,Womenswear & Underwear,$23.39,"Sima Japanese Hexagon Weave Silver Ion Antibacterial Back Loofah, 47 in Bamboo Charcoal Fiber Shower Towel, 2-level Exfoliate Exfoliating Body Scrubber, Extreme Lather Cleaning Sponge for Deep Clean (All Skin Types)",1729444042329723095,$164.27,"Comfort Colors Later Gator Vintage 90s T-Shirt, Retro Style Shirt, Funny Graphic Alligator Tee, Gift For Him Or Her",1730779516893171953,$23.39,,,,,,,,,
hayleyyrichardson,Womenswear & Underwear,$209.80,Furniture,$136.76,Fast N' Curious Costume,1729450355894621018,$209.80,"Modern Criss Cross Armless Ergonomic Chair - Wide Swivel Seat, Adjustable Height, No Wheels, Cross Legged Design, Home Office Desk Use, Ideal Christmas Gift",1731192577614058154,$136.76,,,,,,,,,
hkapproved,Womenswear & Underwear,"$13,086.83",Beauty & Personal Care,"$6,780.51",Comfrt | Cloud Zip Hoodie - Mega | Soft Mega Oversized Zip Up Hoodie For Men & Women,1729417808759264131,"$8,373.89",Hanes Originals 2 Piece Lounge Set Comfywear Supersoft Boxy T-shirt & Sleep Shorts Loungewear Women's Comfortable Fit Soft Stretch Fabric Breathable Hla202,1731550007173878756,"$2,178.94","[Beauty of Joseon Official] Daily Tinted Fluid Sunscreen 50mL | OTC Certified, SPF, Broad Spectrum Protection, Mineral based Sunscreen, Makeup",1730890891608691121,"$1,473.53",[HOT] SKINTIFIC Hydrating Brightening Lip Serum with Hyaluronic Acid & Peptide for Radiant Lips Gentle Glossy Korean Beauty Makeup Balm Shea Smooth Moisture with Cooling Metal Roller Applicator,1731832307922407544,"$1,292.42",Comfrt Kids | Cloud Zip Hoodie | Slouchy Oversized Casual Zip Up Sweatshirt For Boys & Girls,1730163854523798403,"$1,007.07"
honestamandafinds,Furniture,"$21,380.16",Toys & Hobbies,"$5,211.22","【Back to school】Dowinx Big and Tall Office Chair with Pocket Spring Cushion,High Back Computer Gaming Chairs with Linkage Armrests,Executive Desk Chairs with Footrest,PU Leather",1732199719185846685,"$15,323.56","Costzon Toddler Slide Rocking Toy with Basketball Hoop, Rocking Horse,  Foldable Climber Rocking slide playset for Both Indoors Outdoor Use, mothersdaygift",1729442692279013891,"$4,651.04","【Back to school】Dowinx Big and Tall Ergonomic Office Chair, High Back Reclining Gaming Desk Chair, Teddy Fleece Criss Cross Computer Chair with Thick Cushion, Wide Seat & Armrests, Foot Rest, Gray",1732379066796511645,"$3,017.72",Ettika All the Chains Layered Necklace | Gold Layered Chain Necklace Stack with Crystal Pendant | Trendy Statement Jewelry for Women,1729454831588053819,"$1,574.67","Sweetcrispy S-3 Tier Heavy Duty Rolling Garment Rack - Lockable 360° Swivel Casters, Adjustable Freestanding Floor Stand, Multifunctional Organiser with Clothes Dresser Storage, Durable Furniture Storage for Home Goods Organization",1732306798172016653,"$1,375.71"
honeyquiche,Womenswear & Underwear,"$331,888.47",Beauty & Personal Care,$25.92,Eleplus 3 Pieces Lightly Lined Wireless Bras for Women Comfy Plunge T Shirt Bra Pack Style Womenswear for Everyday & Bridal Events #SummerVibes,1731831726131155211,"$62,447.73",OEAK Womens Jelly Bras Wireless Comfortable Soft Push Up Bralettes Seamless Tshirts Bras Deep V Everyday Bras,1729714461980332262,"$48,858.41",DOBREVA Women's Unlined Balconette Bra No Padded Underwire Supportive Plus Size Smooth Scoop Neck,1731395246467027235,"$43,884.37",INLYRIC Women's Teardrop Push Up Bra Padded Supportive Underwire Add 1 Cup Seamless Tshirt Sexy Lift Up Plunge Bras Fit Foam Elastic Smooth Straps Womenswear,1732293573760028912,"$22,805.49",INLYRIC Women's Inbarely Triangle Bralette Plunge Unlined Seamless Bra No Underwire Sexy Comfortable Everyday Seamless Fit Bra Summer Bra,1731711189670924528,"$21,739.65"
itschlospamm,Womenswear & Underwear,$505.00,Health,$69.72,Nailed It Costume,1729586163487904602,$178.00,Magic School Club Costume - Green,1731684594553033562,$119.00,Magic School Club Costume - Red,1731685035036808026,$119.00,Revenge Assassin Costume,1731684420159378266,$89.00,"Xero Picks Candies - Sweet Flavored Toothpicks - Candy Substitute, Sugar-Free, Sweet Tooth Cravings Healthy Alternative Candy Flavors Zero Sugar Candy",1729746521242374199,$69.72
itsgenise,Beauty & Personal Care,"$3,902.49",Virtual Products,"$3,306.97","PlayStation eGift Card | PS5 & PS4 Games, PS Plus, DLC & PSN Wallet Funds",1732347574006223439,"$2,505.93","Disney Princess Belle BPA-Free Leakproof Reusable Silicone Water Bottle - 22oz, Dishwasher-Safe, Non-Slip Base, Portable Lid-Included, Work Bag-Compatible, With Straw, Gifts for Adults, Daily Use",1731473837202117538,"$1,794.11","DEBAOBULB Rechargeable Emergency LED Light Bulb - E26 Base, 120V, 9W (60W Equivalent), 6000K Daylight, 1200mAh Batteries, Hook, Energy Saving, Multiple Brightness, for Home Power Outage, Outdoor Camping Hurricane Safety Tools",1730264570695685026,"$1,750.68","Bellanomi Kiddies African Net Sponge soft texture for gentle daily cleansing, quick drying, mini size",1732223023251951793,"$1,504.95","AquaSonic ICON Rechargeable Travel Power Toothbrush - Oral Electric with Soft-Touch Handle, Travel Case, Smart Timers, Mint Green, ADA Approved - Dental Cleaner",1729442291598922514,"$1,017.55"
itsjesslaw,Furniture,$499.98,,,"【Ships in 2 Boxes】AMERLIFE Murphy Bed with Storage & Charging Station, Farmhouse Murphy Cabinet with Foldable Panel, Noisy Free, for Guest Bedroom, Living Room, Office #SohoChic",1729891448764404480,$499.98,,,,,,,,,,,,
itsmakenzietaylor,Sports & Outdoor,"$3,787.10",Womenswear & Underwear,$799.53,【Creator’s Pick】Halara Flex High Waisted Pocket Wide Leg Waffle Work Pants #BackToSchool,1729408758258766116,"$2,543.73",【Creator’s Pick】Halara Flex DayStretch High Waisted Pocket Straight Leg Work Pants #BackToSchool,1729418999352693028,$979.27,Halara Flex High Waisted Pockets Rolled Hem Wide Leg Washed Casual Jeans #BackToSchool,1729541335060091172,$126.82,UANEO Womens Cropped Trench Coat Classic Collar Oversized Casual Jackets with Checkered Lining SummerVibes,1731900687663665461,$114.83,Halara DayStretch High Waisted Barrel Leg Casual Pants with Pockets,1732535906609173342,$73.90
itsmekaycee77,Womenswear & Underwear,"$30,373.24",Shoes,"$27,069.26",Vince Camuto Adjustable Slingback Pumps - Thanya,1732491617205392327,"$21,287.51",UANEO Women's Oversized Quilted Puffer Jacket Hooded Long Sleeve Lightweight Warm Coat With Pockets,1731840664031170869,"$6,458.35","Chouyatou Lady's Winter Double-Breasted Long Wool Fabric Coat - Black, Casual Notched Lapel, Thermal, Sweater-Inspired Sleeves, Basic Womenswear for Daily & Office Wear, Minimalist,back to school,back to school shopping, Solid",1731590104358097289,"$5,493.29",BABZ-BLUE LIQUID LUXE MOTO JACKET,1731749524357616227,"$5,149.01",Aelfric Eden Napoleon Zip Up Jacket Napoleon Military Style Double-Breasted Metal Buttons Stand Collar Cropped Silhouette Structured Knit Fabric Y2K Women Edgy Outerwear,1732507731912594018,"$2,816.09"
jacobien233,Beauty & Personal Care,"$3,799.32",Fashion Accessories,"$2,255.65","CEELIKE Oral Spray, 20 mL, Freshens Breath, Available in Five Flavors",1730278943412293794,"$3,027.38","2 pair Earring 18K Gold Plated Set for Men and Women. Features VVS - cut round and square gemstone earrings. These delicate, elegant and stylish accessories are for pierced ears.TikTokShopBlackFriday",1731134599855640824,"$2,027.71","TONOR Oak Acoustic Wood Slat Wall Panels (4 Pack) - Decorative Home Improvement Wall Trim for Bedroom Decor, Living Room Decor, Commercial Spaces, Accent Wall,sohochic",1732355660130652268,$521.97,"Hafsa’s Herbs Mesir Honey | 41 Herb Daily Herbal Blend | 12+ Benefits | Natural Energy, Digestion, Immune Support, Circulation, Focus, & Vitality | Traditional Ottoman Herbal Honey | 1 Spoon Daily | 30 Servings",1731493858500317790,$404.16,"Night Light, 0.5W Night Lights Plug into Wall 6-Pack, Plug in Night Light, Dusk to Dawn Nightlight Led Night Lights for Bedroom, Bathroom, Hallway Warm White Home Lighting,baby shower gift,unique christmas gift",1731513459800576890,$341.55
jaimehillathome,Pet Supplies,"$5,050.65",Household Appliances,"$4,142.59",Comfrt Paws | Camo Hoodie | Soft Matching Camo Pet Hoodie,1730274052968649603,"$4,685.70","SONGMICS Polyester Fiberglass Modern 2-Section Multi-Compartment Laundry Basket with Lid, Handles, Removable Inner Bags - Dustproof, Water-Resistant, Easy Install Laundry Organizer for Home Use",1731615390955115066,"$1,736.31",Shark CarpetForce Upright Carpet Cleaner - EX502,1732491696597144240,"$1,528.04","7-Ft/8-Ft Artificial Olive Tree Plant, 16-in Round White Moss-Top Pot, Natural Wood Trunk & Lifelike Fruit, All-Seasons Fake Olive Tree for Living Room, Entryway Decor, No Maintenance Home & Office Accent, Ideal for Birthday & Christmas Gifting",1732093430867399421,"$1,221.25",HEYDUDE Wendy Slip Camp Nylon - Women's Comfortable Slip on Shoes,1732496013963006512,$982.85
jalisasahm,Fashion Accessories,"$7,675.11",Womenswear & Underwear,"$7,657.92",PASCAL Timeless Classic Diamond Watch for Women & Men 31mm & 36mm with White Lab-Grown Diamonds Swiss Ronda 763 Quartz Movement Stainless Steel Bracelet Everyday Luxury Gift,1732063642461639260,"$6,830.64","Ommig Women's Elegant Solid Long Sleeve Double-Breasted Wool Pea Coat with Hood Casual Outerwear with Polyester Blend for Autumn, Winter,summerwins,sohochic",1732036445048443450,"$6,494.60","Xtra Muse Vlogging Video Recording Digital Camera, 1'' CMOS 4K/120fps, 3-Axis Handheld Stabilizer, Fast Focusing, Face/Object Tracking, Micro SD Compatible, Grab Go Portable Handycam Camcorder,sohochic",1731831763391320673,"$3,814.33","Noledome 2026 Cruise Essentials Kit for Parents & Adults - Recycled Travel Organizer with Non-Surge Protector Power Strip, Comfy Ship Card Lanyard with ID Holder, Magnetic Hooks, Luggage Tag Set, Towel Bands, Waterproof Phone Holder for Power Charging",1731440518098620786,"$3,504.30","[TikTok Exclusive Offers] HANYWIL New Upgrade Sparkly Body Glitter Spray Cosmetic, Multi-Use for Hair, Body, Clothes, Long-Lasting Shimmer, Suitable for Halloween, Bars, Adults, 2.11 Fl Oz Haircare Styling Product, Makeup",1729611338809577595,"$3,401.44"
jaslovesreviews,Sports & Outdoor,$795.15,Shoes,$315.73,"Women's New Barefoot 5-Finger Durable Sock Shoes - Lightweight, Breathable, Dance-Ready Grip Water Footwear for Casual Fitness & Home Use (Sports & Outdoor Dance Shoes),sohochic",1732381998630605152,$307.70,Divra High Heel Sandal in Cherry Mahogany,1732436536178151947,$271.75,Highly Motivated Stretch Bootcut Jeans - Tan,1731835467496788840,$161.72,"Vibram 5-Toes Women's Rubber Footwear - Black Casual Shoes with Fixed Closure, Durable, Breathable, Lightweight, Natural Splay for Indoor/Outdoor Fitness & Casual Wear",1732309602027737221,$132.81,"Women's 5-Toe Training & Gym Shoes - Synthetic Mesh Toe-Separating Sneakers, Non-Slip Lightweight Barefoot Footwear for Yoga, Pilates, Five-Finger Barefoot Women's Training & Gym Shoes",1732362231659401583,$124.32
jasmineashley22,Beauty & Personal Care,"$26,702.38",Womenswear & Underwear,$301.06,"INIA CURVIFY EMS Booty Lift Shorts - Multi-Mode EMS Microcurrent, Glutes Sculpting, Pelvic Floor Support, Visible Results in 2-4 Wks, Ems Microcurr.,back to school,back to school haul,sohochic",1729479457563251986,"$24,418.12",[medicube] PDRN Pink Collagen Gel Mask 4 Sheets Salmon DNA Color Changing Pink Glow Collagen Facial Mask Korean Skincare,1729573439193649387,"$1,138.10",Blackhead Remover Pore Vacuum USB Rechargeable Blackhead extractor Boyfriend Gifts Men gifts Best Gift Ideas Skin Facial Cleaning Silicone Face Cleaning   Electric Acne Removal Tool,1730289864096518527,$315.26,"INIA TURBO All-in-One Wearable Body Sculpting Belt, 3-Engine Synergy: 1000+ RPM Vibration, Bipolar EMS, Red/NIR Light & Heat for Core Toning & Waistline Sculpting, Smart Wellness Gift for Women,back to school,back to school haul,sohochic",1732374097092907282,$298.31,MERIT Retrospect L’Extrait de Parfum,1729738395457983226,$184.00
jasminebrownie1,Sports & Outdoor,"$13,695.12",Womenswear & Underwear,"$8,235.41",Highly Motivated Stretch Bootcut Jeans - Tan,1731835467496788840,"$6,378.37","Women's 5-Finger Sports Shoes, Non-Slip, Breathable, Lightweight, Adjustable, Flexible, for Yoga, Pilates, Indoor Fitness Training & Casual Wear",1732539956324110764,"$3,908.11","Women's 5-Finger Sports Shoes - Non-Slip, Breathable Mesh, Lightweight, Synthetic Sole for Yoga, Pilates, Indoor Workouts",1732539952632074568,"$3,111.67","Women's Leopard Print Baggy Cargo Pants with Pockets, Casual Outdoor Pants, Casual Fashion Loose Trousers for Daily Wear, Ladies Bottoms for Summer",1730878075141263579,$926.91,"Nekteck  Eye Massager with Heat & Bluetooth Music, Comfort Eye Mask for Relaxation, 5 Massage Modes, 15 mins Auto-Off, Ideal Gift for Men & Women,Christmas 's Day Present",1729648953736466861,$804.67
jaxandbrynco,Beauty & Personal Care,"$68,945.31",Womenswear & Underwear,$141.54,[Clinique] Black Honey Hi Gel Tech + High-Fi Mascara Duo | Makeup Set | Volumizing Mascara | Black Honey,1732438508669079905,"$16,426.67",Matte & Shimmer Eyeshadow Set,1732607705245717140,"$8,829.59","Hydrating Lip Gloss - High Shine & Tinted, Infused with Hyaluronic Acid, Jojoba Oil & Shea Butter",1731896769144001226,"$4,482.88","LYS Beauty No Limits Cream Bronzer Stick, Makeup Contour, Buildable Face Color with Natural Radiant Finish",1729385764072624843,"$4,353.15",Plume Eyeshadow - Bois Brûlé - Feather Matte Veil,1732357434273665529,"$3,735.97"
jdubshopfaves,Shoes,"$12,740.35",Sports & Outdoor,"$2,827.89",HEYDUDE Austin Edge - Comfortable Slip on Platform Mules for Women,1731976739616559664,"$4,022.23","Women's Unisex Rain Boots - Lightweight, Wear-Resistant, Anti-Slip Sole Shoes for Women, Ideal for Car Washing, Gardening, Footwear,sohochic",1732262319559053703,"$2,689.43",NEW BALANCE 530 Womens Shoes,1730843455865524661,"$1,280.22",NIKE V5 RNR Womens Shoes,1731375385380360629,$845.42,Dr. Scholl's Women's Joplin Fashion Boot,1731896531264573800,$778.32
jeca050709,Home Supplies,$34.19,,,Artificial Olive Tree 7Ft/6Ft/5Ft Tall Faux Silk Plant for Home Office Decor Indoor Fake Potted Tree with Natural Wood Trunk and Lifelike Fruits Decorative Ornaments Wooden,1729439025608823801,$34.19,,,,,,,,,,,,
jenlashay,Furniture,$597.53,Luggage & Bags,$292.04,"Leopard Print 23"" Stadium Seat with Armrests",1729466611841012572,$597.53,"4-Piece Expandable Hardshell Luggage Set with TSA Lock, Double Spinner Wheels, Reinforced Zips, Synthetic Material, Cobblestone Ready (13/20/26/28in) – Carry On Luggage Included, Back to School Gift for Vacation & Beach Outfits",1731417503274275134,$292.04,"Momcozy Pregnancy yoga ball Maternity exercise ball BirthEase Maternity Ball Set – Support Through Pregnancy & Beyond. Designed specifically for the modern mom-to-be, the Set offers thoughtful support throughout pregnancy, labor .",1732303350013662183,$129.57,Gurunanda Kid's Water Flosser 200mL - Compact Design for Easy Use,1730664905383710983,$87.27,"[sohochic] WARMOUNTS 4-Piece 1QT Round Stainless Steel Small Casserole Dishes - See-Through Glass Lids, Food-Grade Dinnerware, Smooth Rolled Rims, Dishwasher Safe, Dip Stays Warm, 1QT for You Only, Ideal for Date Night",1730228944348091169,$57.42
jenn_lyles,Womenswear & Underwear,"$75,872.86",Sports & Outdoor,"$11,738.13","KatchMe Women's Trendy Denim High Waist Multi-Pocket Wide Leg Jeans, Versatile Denim Trousers for Women, Street Stretch Womenswear, Baggy Jeans Outfit",1730569768113705606,"$14,578.71",OYS Women's Elegant Sleeveless Off Shoulder Bodycon Long Formal Party Evening Dress Fabric Polyester,1729580359847875173,"$12,497.71",PAVOI 14K Gold Plated Station Necklace for Women - Dainty Choker Simulated Diamond Necklace - Lightweight Womens CZ Chain Necklace,1729555020284072456,"$8,384.32",SKIMS SOFT LOUNGE LONG ROBE,1732434961058665317,"$6,767.39",FeelinGirl Butt Lifter Panties Shapewear for Women Shapewear Shorts Compression Comfortable Lace Panties Womenswear Lady Underwear Basic #newarrivals#SohoChic,1729386053340402337,"$5,262.70"
jennababiolakis,Textiles & Soft Furnishings,$158.08,Food & Beverages,$38.79,"【FallPickDeals】5/7-Pieces microfiber Comforter Set, Modern Farmhouse Coastal Style Bedding Set with Double Sided Storage Pockets, 1 Singale-Stitch Comforter, 2 Pillowcases, 2 Shams, 1 Flat & 1 Fitted Sheet, Flowers, Bedroom Items,sohochic",1732363725205312119,$158.08,"Naoki Matcha Superior Ceremonial Blend – Authentic Japanese First Harvest Ceremonial Grade Matcha Green Tea Powder from Uji, Kyoto",1729497816305145116,$38.79,,,,,,,,,
julie_trimble,Womenswear & Underwear,"$54,874.52",Sports & Outdoor,"$6,289.33",OFEEFAN  Womens Long Sleeve Shirts Ruched Hem Fall Tops Lightweight Sweaters,1732488487878693347,"$15,587.13",YSENTO Women's Camo Cargo Pants Lightweight Hiking Pants Outdoor Quick Dry Casual Travel Sweatpants Joggers Elastic Waist Button Pockets  #Monther's DAY #summervibes #outdoorfun,1732356316412219820,"$9,355.42",OFEEFAN Womens Sweaters Fall Fashion 2026 Long Sleeve Button Cuff Soft Knit Pullover Trendy Tops Dressy Casual Blouses,1732311736936010211,"$5,661.00",Yimoon Rugby Polo Sweater for Women Striped Collared Sweaters Shirt Long Sleeve Knit Y2K Casual Pullover Top Womenswear Soft,1732358579737891835,"$4,055.98",YSENTO Women's Joggers Cargo Pants Casual Lightweight Hiking Outdoor Pants Quick Dry Travel Sweatpants  Elastic Waist With Multiple Pockets For Comfortable Daily Wear #swimweek,1732284926195962284,"$2,320.61"
justjess111,Beauty & Personal Care,$224.78,Sports & Outdoor,$49.90,Sugar Baby Pheromone-Infused Perfume for Women - 50ml (1.7 oz) - Cupids Fragrances,1729729905038955425,$141.52,Halara Ribbed Knit Off Shoulder Long Sleeve 2-in-1 Casual Top,1731687284814549284,$49.90,[Top] Mix N Match Tinted Moisturizer 1.69 fl. oz. | PDRN + Collagen + Peptide | Daily Radiant Base for No-Makeup Glow,1732312713933263656,$43.25,"COLORLOMO Bye Bye Yellow Purple Toning Color Depositing Shampoo - Sulfate-Free Haircare, Neutralizes Brassiness, Revives Cool Tones, Sensitive Skin Safe for Blonde Hair, 350ml, Blonde Hair Transformation,sohochic",1729503764133286653,$40.01,,,
justjessyxo,Womenswear & Underwear,"$112,688.94",Sports & Outdoor,"$2,672.26",Chouyatou Women's Y2K Wide-Leg Cargo Denim Pants Mid-Rise Casual Camouflage Print Jeans Slightly Flared Distressed Camouflage Jeans with Multiple Pockets,1732415080783188361,"$12,948.00",Women’s Lace Hem Layered Sweatshirt – Long Sleeve Crewneck Oversized Casual Pullover Top,1732521952343397166,"$6,744.83","CHOUYATOU Women's Retro Floral Denim Wide-Leg Pants, Boho Clothes for Women with Zip Fly and Pockets for Party, Daily Leisure, Button, Check",1732467789029478793,"$5,818.09",Tankaneo Womens Crop Denim Shirt Half Sleeve Button Down Short Jean Jacket with Pocket,1732356746863481786,"$4,818.63","【GRAPENT Barrel Jeans Collection】Classic Clean Barrel Leg Jeans for Women High Waisted Cropped Ankle Denim, Trendy Relaxed Jeans for Casual Fall Outfits, Back to School Shopping backtoschool,clothes for back to school,first day of school outfits,sohochic",1731268973500141759,"$4,602.59"
justjonxx,Sports & Outdoor,$53.18,Menswear & Underwear,$33.98,"G Gradual Men's Quick Dry Sports Shorts - 5 in/7 in/9 in Inseam, Lightweight, 3 Zipper Pockets, for Golf, Hiking & Light Outdoor, Summer Casual Wear",1731551213001347793,$53.18,Men's Pullover Hoodies Plaid Jacquard Long Sleeve Drawstring Hipster Casual Hooded Sweatshirts with Kanga Pockets Large Size Casual Drawstring Hoody Top Fashion Athletic Hoodies Breathable Menswear【S-5XL】,1729652710689050767,$33.98,,,,,,,,,
kaseyas0920,Toys & Hobbies,$929.39,Textiles & Soft Furnishings,$483.48,"Boxer Gifts Overstimulated Button – Funny Mom Gifts, Gag for Coworkers or Friends, Silly Novelty for Women, Joke Present for the Easily Overwhelmed Survival Relatable",1731937449440940593,$769.04,Mystery Machine Weekender Bag,1729413004347282266,$424.78,"Funny Cow Print Flannel Throw Blanket - Soft Texture, Travel-Ready Throw for Office & Camping, Cozy Bedding, Rustic Living Room Decorations, Room Accessories, Ideal Gift for Women,sohochic",1732120273123381450,$331.15,"Laura Geller Shadow Skills 4PC Eye Brush Set + FREE Eyeshadow Stack – Base, Blending, Crease & Smudger Brushes for Effortless Eye Makeup",1732443726455214579,$301.39,Game Against Potter Limited Edition- 250+ Cards for Parties and Game Nights,1729611440061059969,$142.36
kaseys0920,Luggage & Bags,$498.59,Home Improvement,$305.72,"Warner Bros Unisex Harry Potter 3-Piece Magic Theme Backpack Set - Large Capacity Backpack, Lunch Bags, Pencil Case, Hogwarts Print, Lightweight, Zip Fastener, Casual Style, Back to School Kids Functional Bag",1732502295411331596,$498.59,Harry Potter Triwizard Cup Battery Operated Mood Light | 13-Inch Tall LED Lamp,1731653326531302214,$189.47,"Jay Franco Official Harry Potter Honeydukes Chocolate Frog Fluffy Stuffed Cushion - 16in Soft Polyester Fiber Blue Throw Pillow, Fun Size, Unique Decor for Harry Potter Fans, Cozy Bed Accent",1732276299006448079,$183.97,Put A Finger Down - Hilarious Card Game for Big & Small Groups | Fun Icebreaker for 2+ Players,1729738436329444209,$155.87,"2026 Christmas Advent Calendar, 24 Days Christmas Countdown Rubber Ducks for Boys Girls Toddlers Kids, Xmas Party Favor Gifts, Rubber Ducky Bath Toys, Kids Xmas Fun Gifts",1732579041999294883,$131.93
kategrauss,Beauty & Personal Care,"$8,121.61",Health,"$1,506.59","[medicube] PDRN Pink Collagen Volume Multi Balm | All In One Volufiline, PDRN, NAD Stick for Youthful-Looking, Helping Look of Fine Lines, Firming Care, Anti-Aging Care | For Under-Eyes, Neck, Forehead, Smile Lines, Lip Care | Korean Skincare",1729508370969629931,"$5,968.21","[NEW] [medicube] NAD+ EGF Firming Gel Mask (4 sheets) | Color Changing Red Jelly Mask | NAD+, EGF, Anti-aging, Plumping, Radiance Boosting |  Hydrogel Mask for Skin Elasticity & Volume |  Overnight Face Mask for Youthful-Looking Skin | Korean Skincare",1732472696408609003,$802.92,"Arrae MB-1 | Natural Energy, Cholesterol, & Overall Health Support 20-Day Supply| Organic Nutrition Dietary Supplement Healthcare Vitamins Probiotic Blend Edible Fitness",1729560041868333693,$592.07,"Post-Summer Viral Glowing Face & Body Set - 6 Must-Have Products For Healthy, Glowing Skin ($133 Value)",1732077521357148638,$548.11,"[medicube] Smooth & Clear Body Care Set | Hypochlorous Acid Body Peel Shot, Kojic Acid Turmeric Body Wash, Toner Pad, Toner, Mist | Exfoliating for Dead Skin Cells & Excess Sebum & Clearing for After Spots, Texture & Uneven Skin Tone | K-Beauty",1732052189676081387,$155.00
kategrs,Shoes,$248.83,,,Project Cloud Women's Genuine Leather Sandals | Casual Summer Walking Shoes Footwear | Plush Soft Insole Lightweight Non-Slip – Mayvy,1731581876303794744,$248.83,,,,,,,,,,,,
kathryn_scoco,Home Improvement,"$17,247.97",Household Appliances,"$14,043.93",VASAIKO 6-in-1 Portable Indoor Environment Monitor with Temperature & Humidity Monitoring Plug-and-Play Design High-Definition Display Accurate Alerts Ideal for Kitchen Garage RVs Apartments sohochic,1732022410216050952,"$8,485.93","【2026 Newly Upgraded】Trucozie T350 Rechargeable Cordless Vacuums, 8-in-1 Lightweight Upright Floor Cleaning Vacuums with 2 Bonus HEPA Filters, 2-in-1 Brush, Hands-Free Design, 45-Min Runtime, 33 kPa Suction, Housewarming Gift for Hardwood Floors, Pet Hair",1729406319708377732,"$7,377.09","12pcs Rechargeable Flameless Tealight Candle with Remote Control, Charging Station, Timer for Halloween, Christmas Indoor Home Table Glass Jars or Candle Holders, Candles,sohochic",1731889181560639922,"$6,450.19","SUSTEAS Manual Cheese Shredder - Hand Crank Rotary Grater with 5 18/10 Steel Blades, Stable Suction Cup Base, Multi-Functional Tool for Thick or Thin Slices, Works with Cheese & Veggies, Kitchen Utensil Accessory,sohochic",1729386633884898245,"$2,911.40",SpaceAid® Bamboo Drawer Organizer Expandable Drawer Dividers,1729414807772173167,"$2,840.52"
katrinagmoore,Womenswear & Underwear,"$151,628.12",Shoes,"$14,540.12",【Everyday Minimal】SHOWITTY Womens 3 Pack 3/4 Sleeve Tops Crew Neck Basic T Shirts Soft Stretch Casual Everyday Shirts,1732445474281328894,"$14,939.38",SHOWITTY Women's High Waisted Tummy Control 1/3 Pack Leggings with Pockets – Non See-through Stretchy Yoga Pants for Workout #tiktokshopsummersale,1729403106419642622,"$8,013.13",CHICME Women's Rhinestone Decor Ribbed Tank Top - Slim Fit Sleeveless O-Neck Summer Top 2026,1732352420152381942,"$7,586.01","Fisoew Women's Essential Feminine Basic Knit Sweatshirt - Air-Layer Fabric, Long Sleeve, Round Neck, Oversized Tunic, Wavy Scallop Hem & Cuff, Loose Fit, Light Vintage Heather, Everyday Fall Layering Pullover Clothes for Women",1729516626384294962,"$6,808.49","Fisoew Women's Bohemian-Inspired Beige Crochet V-Neck Blouse - Lightweight, Casual Chic Boho Clothes, Machine Wash Blouses & Shirts, Women's Tops for Springtok Summervibes, Swimming Pool Wear",1732170110744956978,"$4,899.81"
kay_caputo,Beauty & Personal Care,"$2,565.89",Womenswear & Underwear,"$1,565.08","Unisex Couple Matching Geometric Hoodies - Crew Neck, All-Seasons Sports Outerwear Clothes, Oversized Fit Casual Double Hood Sweatshirts, Cold Wash Safe, Creative Gift Idea",1732021682431955257,$700.51,LikeMyChoice 2-Piece Boho Lace Set Sexy Halter Crop Top with Bell Sleeves & High-Waisted Wide-Leg Pants Trendy Eyelash Lace Outfit for Summer Festival & Beach Vacation,1732309511639175325,$690.25,"nuorganic Eyelash Growth Serum (8ML) - Developed by Anti-Aging Scientists, Clean, Prostaglandin-Free Formula for Thicker, Longer Lashes, Daily, Repair, Hydrating, Soothing, Suitable for All Skin Types, Eye Treatment Skincare",1729385520686076431,$687.51,Hanes Ecosmart Boys' Tank 5-pack Underwear Multi Pack Comfortable Fit Soft Stretch Fabric Breathable Brlta5,1731045157806380004,$624.84,Cider Fleece Stripe Stand Collar Drawstring Half Zip Oversized Sweatshirt,1731745402402541655,$311.35
kelliecrowther,Beauty & Personal Care,"$25,899.63",Health,$94.16,tarte summer skin essentials - CC color-correcting tinted serum + creaseless setting powder,1732422500087993276,"$12,160.94",tarte colored clay CC undereye corrector,1729734769623929788,"$5,293.13","tarte BB blur tinted moisturizer SPF 30 - instantly brightens, hydrates & smooths your skin",1729584174847071164,"$1,301.34",tarte Big Stick Energy duo – shape tape concealer stick & brush,1730956811325510588,"$1,222.16",Shark FlexStyle Air Styling & Drying System Blush - HD431PK2,1732604991716496288,"$1,066.95"
kelliesfaves,Beauty & Personal Care,$25.50,,,"tarte don't kiss & tell maracuja juicy lip trio - lip balm, plump & vinyl with limited-edition rhinestone caps",1732532953312105404,$25.50,,,,,,,,,,,,
kelsi.campbell,Beauty & Personal Care,"$6,324.69",Household Appliances,$924.53,[Dr.Melaxin Official] Radiant Blowout Routine Set | Dark Spot & Peeling Care for a Radiant Korean Glow in a week,1731997189863477275,"$2,946.66","[VT COSMETICS] #1 viral PDRN Reedle Shot Hair Brush Serum with Original Liquid Microneedling & PDRN | Large-Capacity Full Scalp Care, Hair Thickening, Fuller-Looking Hair & Daily Root Care | Hairline, Roots, Baby Hair & Dry Scalp | Korean Haircare",1732329137764667781,"$1,302.03","EUHOMY Countertop Ice Cube Maker, 35Lbs/24H & 44Lbs/Day Soft Chew Fast Ice Supply Machine, Self-Cleaning with Scoop & Basket for Home Drinks (Black&Gray&Sliver)",1729533815583904255,$813.73,"[LILYEVE] GROWTURN Hair Growth Serum with Built-In Brush | Exosome Scalp Serum for Hair Thickening & Strengthening, Korean Hair Care | 3.38 fl. oz.",1731847951163953949,$432.87,[Dr.Melaxin Official] Peel Shot Keratin Care Kojic Acid Turmeric Spray 200ml Pore Clearing Exfoliating Formula Skin Repair Scrub,1731572915654201371,$281.18
keyajames,Beauty & Personal Care,"$5,818.95",Womenswear & Underwear,"$4,192.20",Bur Bur Mermaid Brush - Essential Brush with Ethically Sourced Bristles & Natural Rubber Cushion for Medium to Thick Hair,1729964731527696782,"$2,000.84","Women's Knitted Round Neck Drop Shoulder Sleeve T-Shirt, Soft Lightweight Knit, Knitwear, Fashion Casual Minimalist Asymmetrical Criss Cross Back Tie Top, Spring & Fall Wear",1731474823556141530,"$1,067.98","The Ordinary Glycolic Acid 7% Exfoliating Toner, Brightening and Smoothing Daily Toner for More Even-Looking Skin Tone",1729389167562035209,$879.79,THE MERMAID MINI BRUSH - ESSENTIAL BOAR BRISTLE BRUSH,1731722104077783438,$689.44,"EUHOMY Countertop Icemaker Machine (ABS Plastic) - 33 lbs Daily Nugget Ice Production, 500g Capacity, Fast Compact Design, 2-Button Operation, Fits Home Bars & Kitchens, Ice Making Machine for Kitchen Household Products",1729389548737040895,$661.62
kindafitky,Pet Supplies,$415.18,Sports & Outdoor,$35.08,"【Geoorood】 Geoorood Dog Grooming All-in-One Kit with Vacuum Brush 2.5L Large Pog, Stainless Steel Blades Lightweight Design 13KPa Suction Force Portable Cleaning Set#backtoschool",1729409406800270078,$415.18,"MFVIM Women's 2 Piece Sporty Tracksuit Set Long Sleeve Top & Shorts, Comfortable Athletic Athleisure Wear Sets, Women's Clothes Outfits for Daily Spring & Fall Use,travel essentials,camping essentials,back to school,back to school haul,sohochic",1731913834405924887,$35.08,,,,,,,,,
kristinadunnn,Womenswear & Underwear,"$30,713.43",Sports & Outdoor,"$29,676.18",【Creator’s Pick】Halara UltraSculpt High Waisted Tummy Control Pocket Shaping Yoga Bootcut Leggings #BackToSchool,1730470200737173796,"$9,024.73",【Creator’s Pick】Halara High Waisted Tummy Control Ruched Curved Hem 2-in-1 Fleece PU Mini Bodycon Skirt,1732067350521418020,"$8,627.84",AnotherChill Women's Low Waist Micro Mini Skorts Skirt with Built-in Shorts Sexy Stretch Black Skirts Basic Outfits Elastic Waist #sohochic,1730745796940960224,"$3,249.35",Halara DayStretch High Waisted Barrel Leg Casual Pants with Pockets,1732535906609173342,"$3,024.61",Tanming Boho Floral Eyelet Cami Romper Casual Embroidery Spaghetti Strap Tiered Ruffle Bohemian Adjustable Tie-Back Mini Romper Dress with  Shorts,1732533663711400083,"$2,850.13"
kristinanicoletall,Womenswear & Underwear,"$45,432.90",Sports & Outdoor,"$23,327.70",【Creator’s Pick】Halara Flex High Waisted Pocket Wide Leg Waffle Work Pants #BackToSchool,1729408758258766116,"$9,548.22","Women's Simple Solid Backless Halter Sleeveless One-Piece Jumpsuit, Elegant Chic Ruffle Design, Perfect for Casual Wear, All Seasons Fashion, Outfit",1732187881328251637,"$7,059.64",[VERISH] Cool Fit Bra Signature - SIZE UP RECOMMENDED - Seamless Wireless Everyday Bra for Women - 2.3cm Padded Breathable Cooling,1729492812150707675,"$6,073.09","PUFF Sticky Bra – VIRAL No.1 Push-up Sticky Bra, Waterproof & Sweat-proof Invisible Bra, Reusable Silicone Adhesive Bra for Women, Includes Storage Board & Replaceable Pads",1731492372893241632,"$5,688.91",CAKES Body Cleavage Bra™ - Seamless Sculpting Bra with Silicone Cups for Full Cleavage Reusable Matte Finish Ideal for Strapless & Backless Tops Womenswear Basic,1732022163491426879,"$4,272.33"
kristiscustomcreations,Sports & Outdoor,"$5,850.58",Home Supplies,"$3,767.33","【toolupgrade】VEVOR 4x5.5 ft Baseball & Softball Rebounder Net, Portable Single User Training Equipment with Curved Shape, 5-Angle Pitch Reps, Pitching Target for Grounders & Pop Flies",1729623234803962030,"$3,179.83","LANBENA Upgraded Bamboo Charcoal Blackhead Remover Mask, 60 Sheet Nose Strips, Peel off Face Mask Pore Whiteheads Cleanser Strawberry Nose Purifying, Deep Cleansing for All Skin Types Skincare",1729987171787379413,"$1,945.33","45W Right Angle USB-C to USB-C PD Cable, Durable Braided Gaming Cord for iPhone 15/16/17 Pro Max, iPad, MacBook Series - No Hand Blocking, Mobile Smartphone Electronic Devices Charging Cable",1732158531831566394,"$1,489.16","Walsunny Over The Toilet Storage Cabinet, Farmhouse Storage Cabinet with 2 Barn Door & Toilet Paper Holder Stand, Toilet Rack for Bathroom, Laundry Furniture Organizer",1729734921606304035,"$1,255.14","Nicpro Iridescent Metallic Paint Artist Set, 8.45oz/250ml Bulk Pack, Color-Shifting Non-Toxic Optical Pigment Arts and Crafts Supplies with Paint Knife, Color Wheel for Canvas, Fabric",1729543101527069005,"$1,222.98"
kseniasenn,Beauty & Personal Care,"$2,544.89",Food & Beverages,$254.82,sacheu Lip Liner STAY-N - Peel-Off Lip Liner Stain - All Day & Night Lip Liner with Hyaluronic Acid & Vitamin E - Long Lasting Formula - 0.12 fl oz / 3.5 ml,1729385088934777631,$750.70,"Color Wow Money Mist Leave-In Conditioner Spray | Lightweight Hair Mist to Moisturize Dry Hair | Leave In Hair Conditioner for Frizz, Hydration & Shine | Formulated With Hyaluronic Acid & Marine Algae",1729441093035987589,$585.12,"[New Shade Launch] TIMEPHORIA Eternal Lip Matte -  Matte Finish Liquid Lipstick, Long Lasting Lip Stain, Waterproof and Transfer-proof Lip Tint, Longwear Mask-friendly, Lightweight, High Coverage, 4ML Compact Size, Lip Makeup & Cosmetic Product, Matte Lip",1731364881518727819,$227.74,"[BB LAB] Good Night Low Molecular Collagen Powder Stick Supplement, Halal Certified, Korean Marine Collagen, Fish Collagen Peptides, Vitamin C, Glycine, Fast Absorption, Mix Berry Flavor (2g x 30 sticks)",1731927448370385734,$164.19,"sacheu Liquid Glow STAY-N bronzer makeup - All-Day Illuminator to Glaze & Hydrate, Lightweight Radiance",1731168026404360991,$145.43
kylikamiller44,Womenswear & Underwear,"$28,750.02",Sports & Outdoor,"$5,500.87",LikeMyChoice Women 2 Piece Quiet Luxury Matching Set Ribbed Knit Sweater Satin Slip Midi Skirt Vacation Outfit,1732507638063927453,"$8,854.87",Called Out Low Stretch Barrel Leg Jeans - Medium Wash,1731501429841761128,"$5,210.76",Tall Bree Camo Stretch Cargo Jean - Olive/combo,1731049476085945192,"$5,044.31",Feeling Good Fleece Jogger Set - Charcoal,1730026173173568360,"$3,205.96","MFVIM Women’s Breathable Body-Shaping Yoga Outfit, High-Waisted Quick-Dry Fitness Wear, Versatile Three-Quarter Shorts Sports Set,summerwins,travel essentials,camping essentials,back to school,back to school haul,sohochic",1732388023895625751,"$2,731.16"
kynleebeau,Beauty & Personal Care,$53.59,Toys & Hobbies,$33.31,R+Co BADLANDS Dry Shampoo Paste Texture Enhancer for Volume & Blow-Out Extender,1729533649409249735,$41.10,"Swyii Handmade Red Agate, Moonstone Agate Necklace, Boho Layered Crystal Choker for Women, Colorful Spring Jewelry, Holiday Gift for Her, Party Jewelry, Springrefresh, Mother’s Day Gift for Mom",1729538991997162115,$28.68,"A5 Girlhood Retro Aesthetic Sticker Book (30 Sheets, Single/Bundle) - 550-630+ Pre-cut Glossy Vinyl Decals, Cute Stickers, Teenage Girls Gifts, Scrapbooking Paper Decor, Coquette Accents",1732298325764117157,$19.59,"Girlhood Sticker Book (1260+ Aesthetic Retro-Style Illustrations) – Scrapbook Supplies, Decal Sticker Notebooks Decor, DIY Creative Gifts for Friends and Family,sohochic",1732316148519244776,$14.99,"Paper-Based Sticker Book with Popular Elements - 30 Sheets, 1800+ Stickers (Icons, Letters, Numbers, Animals, Food, Fruits, Plants) for DIY Scrapbooking, Decoration, Scrapbook Supplies",1732536729457758435,$13.72
laurenluto,Home Supplies,"$1,428.51",Womenswear & Underwear,$732.07,"7-Tier Rotating Shoe Rack, 360-Degree Lazy Susan Carousel Organizer Tower for 28-32 Pairs, Round Storage Cabinet for Shoes & Handbags, Home Organizer for Closet, Bedroom (Pink)",1732444806760731636,"$1,428.51","NEWBELLA Mila Baguette Underarm Bag,Y2K Retro Lock Denim Spliced PU Leather Shoulder Purse, Aesthetic Vintage Handbag",1732520080212070522,$562.55,All The Attention Draped Mesh Mini Dress,1732382531701805769,$331.65,Tied Up In Elegance Halter Midi Dress,1731686315698197193,$126.24,Cider Lace Floral Sweetheart Neck Ruffle Trim Cami Mini Dress SohoChic,1729496429644190807,$124.77
laurenmichellebell,Womenswear & Underwear,"$5,012.59",Shoes,$545.76,MEROKEETY Women's Lounge Sets 2025 Fall Fashion 2 Piece Outfits Sweater Pajama Set Fuzzy Loungewear Matching Winter Clothes,1731972365184635167,"$2,929.74","HDE Women’s Pull-On Capri Pants with Pockets - Minimalist Elegant Stylish Women's Wear, Stretch Hip-Flattering Colored Straight Pants, Dressy Casual Bottoms",1729434948814672224,"$1,207.23","EllivviBebe Baby Bamboo Pajamas, Ultra Soft Bamboo Viscose Zipper Romper Sleepwear，2-Way Zipper, Super Soft, Fun Print Baby Clothes, Breathable Stretch One Piece Footed Pajamas for Newborns Baby Infants Toddlers Bamboo Sleep Sack, Baby Clothing",1731892031821681548,$411.15,"Songling Womens Casual Two Piece Outfits 3/4 Batwing Sleeve Crew Neck Top Wide Leg Pants Raw Edge Design Loungewear Set US Standard Size,sohochic",1729583092687278919,$398.10,"NOBULL Women's Allday Knit Shoe in Gray Jungle Camo - Everyday Walking Sneaker, Comfortable Slip-On Shoe, Casual Trainer",1732613303588655992,$319.30
leahmstapleton,Food & Beverages,"$1,971.07",Beauty & Personal Care,$160.73,BonBon's TikTok Exclusive Swedish Candy Mix (Gluten-Free),1729710059368125259,$946.04,Nara's Roasted Garlic Oil,1732000890786713675,$492.89,"Chef-Grade Algae Cooking Oil - Pure Culinary Oil with 13g Omega-9, High Smoke Point 535°F, Heart Healthy, Versatile for Any Kitchen",1729481037987745867,$143.52,Farmer Protein Powder Variety Pack - 4 Flavor and 3 Flavor Option,1731206203283247642,$135.00,"nuorganic Eyelash Growth Serum (8ML) - Developed by Anti-Aging Scientists, Clean, Prostaglandin-Free Formula for Thicker, Longer Lashes, Daily, Repair, Hydrating, Soothing, Suitable for All Skin Types, Eye Treatment Skincare",1729385520686076431,$115.09
lesettey,Shoes,"$39,878.44",Beauty & Personal Care,"$10,987.37",Dr. Scholl's Women's Joplin Fashion Boot,1731896531264573800,"$33,124.37","JUDYDOLL Ultra-Fine Liquid Eyeliner, Waterproof Liquid Eye Liner, Hooded Eyes, Sharp Winged Lines, Long-Lasting, Beginner Friendly, Lasting Satin Finish, Smudge-Proof, Transfer-Resistant, Suitable For Sensitive Eyes, Summerwins,Back to School",1730235179727360529,"$6,600.81",SCUSTY Women Fall Winter Wool Blend Camel Mid-Long Coat Notch Double-Breasted Lapel Jacket Outwear SohoChic,1729610943386980595,"$4,270.78",Sterling Silver Elongated Cushion Chocolate CZ Cocktail Ring,1732384554843869938,"$1,505.29","Women's PU Leather High Heels, Pointed Toe Slip-On Shoes, Rubber Sole, All Season Fashion Footwear, Stylish Evening Footwear, Casual, Stylish & Elegant Design",1732069278457106996,"$1,493.75"
lifewithangiemae,Womenswear & Underwear,"$11,160.82",Beauty & Personal Care,$277.57,Gap Women's VintageSoft Baggy Wide-Leg Sweatpants,1732332278148141686,"$2,235.42",ZESICA Women's 2025 Boho Sexy Off Shoulder Long Sleeve Smocked High Waist Side Split Flowy A Line Tiered Long Maxi Dress,1731972238990741746,"$1,633.03","Chicovar Women's Oversized Vintage Denim Mini Dress ,Sleeveless V-Neck Tie Front Ruffle Layered A-Line Tunic with Pockets & Front Pleats, Casual Outfit,Fashion, Summervibes",1732164026488885733,$982.91,Yimoon 3 Pack Women's Oversized T Shirts Acid Wash Cotton Crew Neck Half Short Sleeve Summer Unisex Tees Casual Loose Fit Solid Streetwear Comfortable Tops Basic Womenswear Plain Tshirt,1731233204970623995,$758.04,MEROKEETY Womens 2025 Lace Mesh Sheer Long Sleeve Top Sexy Y2k Mock Neck See Through Shirt Blouses,1731972834886586655,$583.11
lil.bbykay,Beauty & Personal Care,"$3,458.43",Womenswear & Underwear,$59.30,"nuorganic Eyelash Growth Serum (8ML) - Developed by Anti-Aging Scientists, Clean, Prostaglandin-Free Formula for Thicker, Longer Lashes, Daily, Repair, Hydrating, Soothing, Suitable for All Skin Types, Eye Treatment Skincare",1729385520686076431,"$3,157.55","nuorganic Eyelash & Eyebrow Duo: Growth Serum for Longer, Thicker, Lashes and Brows, Organic Ingredients, Skincare, Cosmic Bundle",1729401966695518735,$119.76,"nuorganic Cosmic Brow Eyebrow Serum for Longer, Stronger, and Darker Brows, nuorganic Skincare, Brow Growth Results Darken",1729385785403281935,$58.48,CLEAN SHEETS (NEW 30 COUNT),1731381938023141806,$47.62,Dolce Glow Acqua Hydrating Face Mist (Self-Tanning Water),1729465808834498851,$40.99
lil.mishr00m,Shoes,$393.34,Womenswear & Underwear,$292.35,"Women's 2026 Colorblock Patchwork Bootlace Worm Lace Up Low Top Sneakers, Casual Comfortable Sports Shoes, Designer Casual Sneakers for Women for Daily Walking Fall.",1730860897989989202,$393.34,"Women's Fashion Soft Lace-Up Bustier Corset Bodysuit Shapewear - Push-Up Lace, Elastane Fabric, Adjustable Fit, Hook and Eye, for Party, Easter, Waist Training,sohochic Womenswear Casual",1731540642852279085,$99.95,Eyelet Ruffle Babydoll Mini Dress,1729501095264425122,$78.60,Think Smarter Products 8oz HOCl hypochlorous spray | multi-use spray with Himalayan minerals | fragrance-free daily spray,1729385662156346324,$74.70,Roman Low Rise Baggy Jeans,1729441167431930018,$44.20
lillian_harriss,Womenswear & Underwear,"$2,670.38",Beauty & Personal Care,"$1,613.41",MINDBODYSKIN® 2 Supplement (No 5-HTP),1729614704826684183,"$1,613.41","Yeokou Women's Turtleneck Fleece Jacket - Long Sleeve, High Neck, Lightweight, Snap Button Coat for Nurses, Back to School Clothes, Comfy College Wear, Trending Tops, Basic Tops,sohochic",1729562156521984498,"$1,123.91","MINDBODYSKIN® Hormonal Acne Supplement - Digestive Support, Liver Detoxifiers, Hormone Balancing, Mood Support, Reduces Stress, PMS Acne, Excess Oil, 90 Capsules",1729397121852085015,$851.60,JASGOOD Women Leather Belt for Jeans Pants Fashion Ladies Skinny Faux Leather Belt with Gold Buckle,1730352411482231261,$547.92,"Women's Textured Raglan Sleeve Shrug Set, Casual Fitted Long Sleeve Knitwear Tops for Spring & Fall, Ladies Knit Clothes Knitting, Womenswear, Fashion Knitwear Clothing, Ideal for Daily Wear",1729452219195035930,$260.15
linzbuzzard,Furniture,"$7,513.61",Fashion Accessories,"$1,086.43","Dowinx High Office Chair, with Pocket Spring Pad and waist Rest, High Back Computer Game Chair, Adjustable Armrests, Footrested",1729864514876444926,"$2,563.26","Dowinx Big and Tall office chair, with pocket spring pad and waist support, high back computer game chair, adjustable armrests, executive office chair, foot rest",1729960194504823038,"$2,011.00","Dowinx Cross egged Office Chair with Pivoting Armrests,Criss Cross Chair with Pocket Spring Seat & Back,Reclining Computer Gaming Chair with Footrest and Metal Base",1731998808395649437,"$1,788.56","Stylish Aviator Sunglasses for Men and Women , Trendy Rectangle, Fashionable Design, Perfect for Outdoor Activities and Daily Wear",1732251463080579931,$995.87,"【Stock Up Sale】OVIOS Oversized Home Office Chair with Extra-Wide Seat, Big & Tall High Back Executive Chair, Mid-Century Modern Faux Leather Swivel Rolling Computer Desk Chair with Thick Cushions & Armrests",1729765354823521118,$730.54
little__j,Womenswear & Underwear,"$20,627.22",Beauty & Personal Care,"$1,146.31",Sheer Bralette,1732457560710025807,"$7,764.56",Cider Satin Sculptural Square Neck Ruched Mermaid Maxi Dress Elegant Womenswear SohoChic,1732274984012517463,"$5,822.15",CAKES Body Cleavage Bra™ - Seamless Sculpting Bra with Silicone Cups for Full Cleavage Reusable Matte Finish Ideal for Strapless & Backless Tops Womenswear Basic,1732022163491426879,"$3,214.75","Renewing Lash Serum, Babe Lash Eyelash Serum, Prostaglandin-Free, Peptide-Powered Lash Serum, Support Fuller, Longer-Looking Lashes, Gentle & Effective, Easy To Use",1730818714696127032,$845.22,"Comfrt | The Dreamer Blanket | Oversized, Cozy, Soft Warm Throw",1729931833196778371,$789.32
livingwith.lindsay,Womenswear & Underwear,"$61,015.01",Luggage & Bags,"$7,232.61","CRZ YOGA SoftAura Wide Leg Sweatpants Women 29”/ 31""/32"" Modal Lightweight Travel Pants with Pockets Fitness Workout Pants Fashion Sweatpants",1731490813938733857,"$19,358.74","Women's Solid Basic Zip-Up Hooded Sweater Cardigan, Casual Cardigan Top, Casual Fitted Drop-Shoulder Long-Sleeve Everyday Womenswear Cardigan, Women Knitwear Knitting for Fall & Winter Daily Wear",1729799154496279275,"$5,992.83",Dokotoo Women's 2026 Striped Print Crewneck Casual Oversized Long Sleeve Knit Comfortable T-Shirt  Tops,1732414398684828661,"$5,773.73","C202 Women Merino Wool Sweater Lightweight Soft Slim Fit Crew Neck Spring Layering Top Everyday Long Sleeve Casual, Fabric, Essential,clothes for back to school,first day of school outfits,sohochic",1732029819856261826,"$5,451.11","Wavytalk Airshape Set for Salon Blowout at Home | 4-in-1 Hair Dryer & Multi-Styler with Auto-Wrap Curlers, Volumizing Brush, Less Heat Damage, Ionic Anti-Frizz",1732477883841548440,"$4,976.33"
lizshops,Womenswear & Underwear,"$1,318.60",Sports & Outdoor,"$1,304.54","Aleumdr Women's Plus Size Oversized Corduroy Sweatshirt, Casual Crewneck Long Sleeve Lightweight Pullover, Baggy, Longsleeves, Lightweight Sweatshirt, Loose",1731739774455353742,$952.43,"Women's Plus Size High Waisted Wide Leg Linen Pants - Adjustable Drawstring, Comfortable Woven Fabric, Lightweight Loose Fit, Everyday Wear - Curvy Womenswear Bottoms, Drawstring Adjust,sohochic",1732396292226192364,$438.45,Project Cloud Women's Genuine Leather Platform Clogs | Walking Girl Shoes Footwear | ProjectPlush | Lightweight Non-Slip – Benton Chunky,1731581796563259960,$298.32,"Colorfulkoala Dreamlux 25""/28"" Inseam Seamless High Waisted  Workout Leggings",1731191319800877740,$139.56,Cushionaire Hippy Platform Ankle Boots For Women | Genuine Suede Boots With Cozy Faux Fur Lining | Slip On Winter Ankle Boots With Wide Widths Available,1729760724518933372,$129.98
lizzmi45,Womenswear & Underwear,"$107,245.28",Sports & Outdoor,"$59,953.44","Women's Original Magic Fleece Lined Tights - Plus Size Women's Clothing, Body Slimming Compression Band, 1-Seam Option, Closed Foot, XXS-3XL, 4 Shades, Light-Brown Fur Fleece, Cold Wash, Viralproducts",1729406693411230691,"$12,036.14",Cider Knit High Neck Sleeve A-line Maxi Dress With Belt,1732071569560670295,"$6,791.80","MFVIM Sporty Two-Piece Set Women’s Plain Crop Cami Top & Flare Leg Pants Sports Set, Sporty Casual Comfy Breathable Two-Piece Outfits for Yoga, Gym, Workout, Running, Gym Workout Clothes,summerwins,travel essentials,camping essentials,sohochic",1732176528023851031,"$6,548.00",ANRABESS Women Long Sleeve Bodycon Mini Dress Sexy Crewneck 2026 Fall Ribbed Knit Slim Fit Party Cocktail Night Short Dresses,1731498033099739465,"$6,249.01","CurvySweet Athena Women's Elegant Knitting Fitted Curvy Maxi Dress - Sleeveless Convertible Cowl-Scoop Neck, Ruched Waist Gowns for Formal Wedding Guest,sohochic",1729483993705256484,"$5,687.33"
lizzv23,Womenswear & Underwear,"$1,364.80",Sports & Outdoor,$82.07,QINSEN Womens Zip Front Tennis Dress Polo Collar Racer Back Workout Golf Dresses Build in Shorts with Pockets,1729506923078784569,$677.72,On The Go Fleece Pant Set - Chocolate,1731835471121585000,$155.92,"PUMIEY 2-Piece Lounge Set, Snatched Buttery Soft Stretch Minimal Chic Viral Everyday Outfit, Adjustable Rise, Bump-Friendly Fit",1729486731098100183,$88.92,ANRABESS Women Long Sleeve Bodycon Mini Dress Sexy Crewneck 2026 Fall Ribbed Knit Slim Fit Party Cocktail Night Short Dresses,1731498033099739465,$76.97,Old Navy Women's High-Waisted Pixie Super Wide-Leg Pants,1731977493946143399,$69.98
london_bridges_the_gap,Home Improvement,"$5,790.33",Womenswear & Underwear,"$2,781.39","DEBAOBULB Rechargeable Emergency LED Light Bulb - E26 Base, 120V, 9W (60W Equivalent), 6000K Daylight, 1200mAh Batteries, Hook, Energy Saving, Multiple Brightness, for Home Power Outage, Outdoor Camping Hurricane Safety Tools",1730264570695685026,"$5,425.73",Iron Hammer Herbal Tea,1729412598545289712,"$2,488.36","YOUSIFY Women's Bolero Shrug Hoodie - Long Sleeve Cropped Sweatshirt, Thumb Hole, Open Front, Y2K Style, Basic Lady Clothes, Korean Casual Workout Crop Top,sohochic",1731720029395587842,"$1,840.45","Merach Under Desk Elliptical Machine for Home,Ellipse Leg Exerciser for Seniors with 12 Adjustable Speed Quiet & Portable Seated Pedal Exerciser with Remote Control & Non-Slip Pad BackToSchool",1729532881259827903,$647.11,"Women's Plain Notched Neck Fitted Blouse, Shirts, Casual Fashion Fitted Classy Elegant Minimalist Basic Top for Summer, Ladies Clothes for Daily Wear, casual comfy classy, Blouses Shirts Tops, Womenswear",1731271695899988177,$404.43
lydiaaulozzi_,Beauty & Personal Care,"$15,953.87",Toys & Hobbies,"$1,980.30","[EPAIS Official Shop] Essential Eyelash Growth Serum, Jumbo Size 0.5fl.oz - Safe & Gentle Lashes Care, Fuller, Thicker in 2 Weeks, Non-Prostaglandin, Hormone-free",1729583305380172048,"$11,852.13","Hismile iD Stain Whitening Mouthwash for White Teeth, Freshens Breath with Essential Oils 237ml",1732164626458252048,"$3,157.17","#sohochicGROWNSY Nasal Aspirator for Baby, Electric Baby Nose Sucker with Larger Suction Chamber and More Powerful Suction, Automatic Nose Cleaner with Music and Light Soothing Function",1730881858699891343,"$1,020.29","Watt Bubble Interactive LED Stress-Relief Toy  Tapable and Squeezeable Night light- 6-Inch Glowing Rechargeable LED Ball, 3 Modes, 29-Color Ambient Light, Deal For You, Perfect Gift Push Pop Kids Toys Gifts Family Pop Game",1729569128903905933,$678.82,"Eu Natural Conception For Him – Fertility Supplements for Men, Male Fertility Booster & Prenatal – Optimal Sperm Count, Motility, Strength – CoQ10, Ashwagandha, Folate, Folic Acid, Magnesium & Zinc Healthy Dietary Fitness Testo Booster Capsules",1731480691647484489,$490.16
lyndatrann,Beauty & Personal Care,"$44,191.45",Household Appliances,$154.55,tarte snatch stick 2-in-1 contour stick with brush,1732491766232814524,"$14,786.51","Nooni Korean Apple Lip Oil + Lip Stain | Glossy Lip Stain, Tinting & Long Lasting, Moisturizing Lip Care (17 options) Hydrate Lipgloss Lipstick Makeup Glossy Hydrating Moisturizer Plump Transfer-proof",1729440860171702516,"$9,874.45",Cell Fusion C Skin Blemish Balm Intensive | Skin Tint for Recovery | 5 Ceramides & 6 Peptides | Buildable Tone-Up Coverage | Korean BB Cream,1731956039964659721,"$4,466.24",[TIRTIR Official] MOOD GLIDER LIP & BLUSH STICK - Dual Function Compact Makeup Stick for Lips and Cheeks,1732023290298864218,"$3,203.22","[HERA Official] HERA Reflection Liquid Blush - 70% Skincare Serum Formula, Hydrating Glow & Highlighter",1732378907013321248,"$1,890.20"
mahoganylox,Luggage & Bags,"$3,137.58",Beauty & Personal Care,$206.02,"Angel Kiss Women's Leather Crossbody Shoulder Bag - 13.2""x4.5""x10.7"" Medium Size, Soft PU Leather, Adjustable Reinforced Strap, Chain, Double Handle, Multiple Pockets, Anti-Theft Back Zipper, for Business & Casual Use",1730613073505849344,"$3,070.99",tarte colored clay CC undereye corrector,1729734769623929788,$96.00,"Angel Kiss Vintage Crossbody Bag (14""x5""x13"") - PU Hobo Satchel Purse, Medium Lightweight Elegant Convertible Stylish Women's Work Bag, Ideal for Summer Daily Use & GF Gift,sohochic",1729544313076486144,$66.59,CURVE CASE ORIGINAL- MADE BY MITCHELL Cream,1729585549107630779,$42.05,Philips Norelco OneBlade Intimate Pubic Groomer Smooth Steel Stainless Comfort,1729507549372977453,$24.96
mama.of.boys7,Home Supplies,"$2,295.62",Sports & Outdoor,"$1,110.57","5oz Crystal Plastic Dessert Cups with Lids & Spoons - Disposable Square Parfait Cups for Mousse, Tiramisu, Pudding, Party & Catering eco-friendly Individual Dessert Cups Transparent Cups Plastic Cups Set Ice Cream Cups Disposable",1729492625946415307,"$1,555.01","CHILLING HOME Plain J-Shaped Full Body Maternity Pillow, 58-63in Ergonomic Polyester-Corduroy Sleep Aid for Pregnancy, Baby Bump, Back, Legs, Hips Support, Postpartum Nursing, All Seasons, Mom Gift#sohochic",1729600385954910596,$825.75,"DealsForYouDays PHIVILLA Stadium Seat for Bleachers Portable Outdoor Floor Folding Stadium Chair with Armrest, Back Support, Cup Holder, Mesh Bag and Hide Hooks",1731540722075013526,$613.37,"Microfiber Duster Refills (50 Count Heavy-Duty Disposable) with 1 Short & 1 Extendable Handle, Strong Electrostatic Dust Removal, ABS Cleaning Supplies for Home Office, Car Interior Replacement Parts, Microfiber Towel-Compatible",1731371593770242173,$460.05,"COOLOMG 1 Pair Ergonomic Padded Sports Sleeves - 13mm Thick EVA Foam, Contoured Fit, Shock-Absorbent Breathable Comfortable Polyester Blend Arm Pads, Secure Hold, Non-Slip Grip for Football, Baseball, All Sports, Elbow Brace, COOLOMG Care Plan, Adults",1729485057417384512,$417.93
mariebriii,Health,$87.67,Beauty & Personal Care,$69.43,"Tewiky Easter Gifts Upgraded Crown Cross Necklace for Women, Crown Cross Pendant Necklace, Non-Tarnish Faith Jewelry for Women, Christian Religious Gifts for Her Back To School",1729460580021605131,$55.73,PREGGO Female & Male Support Bundle - 1 Month Supply,1730929068201317078,$47.02,"sacheu Cheek STAY-N blush - All-day Liquid Blush Tint Makeup - Long-lasting, buildable, ultra-blendable dewy blush - Comes in Rose Peach and others",1730436837733995295,$41.08,"[FOODOLOGY] Coleology Cutting Jelly |  Refreshing Pomegranate Flavor Jelly | Daily Fiber Collagen Jelly with Chia Seed | 10 Servings (1 Box), 250 g (8.8 oz)",1731208003481276452,$40.65,"Hadley Designs Colorful Rainbow Bible Posters (Set of 9) - Sunday School Ready Classroom Supplies, Teacher Decor, Religious Home Decor Visual Learning Tools",1729548170065187804,$30.12
mariefloree,Beauty & Personal Care,"$4,170.02",Furniture,"$2,719.62","CEELIKE Oral Spray, 20 mL, Freshens Breath, Available in Five Flavors",1730278943412293794,"$3,079.94","Claire Monroe Kids' Systematic Theology Book - English, Ages 6-9, Full Colour, 88 Visual Concepts, NLT Bible Verses, Easy Explanations, Bible Discussion Activities, Q&A Reflection Questions for Knowing God",1732273429270925737,"$2,566.66","ERMNOIS Swivel Bar Stools - Adjustable Armless Counter Height Chairs with Back, 8"" Counter-Bar Fit, Wear-Resistant Anti-Scratch Fabric, Modern Kitchen Island Seating",1730899796842746143,"$2,521.03","Night Light, 0.5W Night Lights Plug into Wall 6-Pack, Plug in Night Light, Dusk to Dawn Nightlight Led Night Lights for Bedroom, Bathroom, Hallway Warm White Home Lighting,baby shower gift,unique christmas gift",1731513459800576890,"$1,426.61","Tewiky Easter Gifts Upgraded Crown Cross Necklace for Women, Crown Cross Pendant Necklace, Non-Tarnish Faith Jewelry for Women, Christian Religious Gifts for Her Back To School",1729460580021605131,"$1,097.97"
meganlouise2319,Computers & Office Equipment,"$1,831.51",Kids' Fashion,$811.70,Grabie Shrink to Sparkles Craft Kit - Spooky Night,1732563666073326247,"$1,831.51","DREAM PAIRS Women's Knit Fabric Mary Jane Ballet Flats - Wide Toe Box, Arch Support, Flexible, Breathable, Chic - Walking Shoes for Office Business, Casual Travel,sohochic",1732416583381717900,$707.24,"FireSwan Jeans for Women, High Rise Wide Leg Relaxed Fit, Pull-On Stretch Knit Denim Pants with Elastic Waist and Pockets, Streetwear Women's Clothes, High Rise Denim,clothes for back to school,first day of school outfits,sohochic",1731708434750280571,$408.96,Geoorood Dog Grooming Vacuum Kit with 13000Pa Suction Power & 2.2L Dust Collection for Furry Animal Cleaning summeressentials DealsforYouDays SummerWins,1729440137287733768,$234.28,"UPORPOR Girls' Red LED Glitter Cartoon Character Princess Costume Dress - Polyester, 3y-4-5y (3-4 Years Fit), Headband, Remote, Light-Up Skirt, 100+ Music-Sync LED Modes, for Parties, Pretend Play,sohochic",1731887990987592167,$166.64
michaelascott20,Beauty & Personal Care,"$19,377.58",Womenswear & Underwear,$767.78,"JOOCYEE Velvet Rouge Matte Lipstick - Non-Sticky 2-In-1 Lip & Cheek Cosmetic,  Silky Blur Finish, Buildable Coverage,Long-Lasting,Transfer-Resistant, Non-Drying Lipstick Pen, Waterproof, Lightweight Formula, Beauty Products, Sohochic",1730932520433651999,"$4,136.84","Fit Colors Matte Lip Liner and Moisturizing Lip Oil Set, Precise Lip Liner, for Easy Lip Line Definition with a Natural Nude Glossy Finish, Perfect Holiday Gift, Lip Pencil, Cosmetic Lip Liner",1732467750884708611,"$3,003.14",Queen Tape - Hydrating & Moisturizing Mouth Tape For Sleep - Royal Plump Edition - Lip Plumping - Mouth tape with Collagen Hyaluronic Acid & Vitamin E - Built in Lip Mask - Royal Lips - One Month Supply,1731633751615705442,"$1,786.71","[NEW] [medicube] PDRN Collagen Gua Sha Neck Wrinkle Cream | Built-In Gua Sha Massager with Volufiline 5% + PDRN | Firming, Contour Care for the Look of Fine Lines, Jawline, Neck, Décolleté,Underarms, Chest, Legs, Shoulder | Massage Cream | Korean Skincare",1732399179294806251,"$1,590.33",[medicube] Affordable Glass Glow Skincare Set | Includes 8 products for Gentle Skin Glow Routine,1729606769780232427,"$1,242.37"
michaelashops,Beauty & Personal Care,$694.60,Womenswear & Underwear,$72.42,"JOOCYEE Velvet Rouge Matte Lipstick - Non-Sticky 2-In-1 Lip & Cheek Cosmetic,  Silky Blur Finish, Buildable Coverage,Long-Lasting,Transfer-Resistant, Non-Drying Lipstick Pen, Waterproof, Lightweight Formula, Beauty Products, Sohochic",1730932520433651999,$456.67,"Fit Colors Matte Lipliner and Moisturizing Lip Oil Cosmetic Set - Precise Lipliner, Smooth Application, Moisturizer for Easy Lip Line Definition, Hydrating Natural Nude Glossy Finish, Ideal Holiday Gift,sohochic",1732455375264125454,$219.27,"Women's Solid Color Cami Lounge Dress, Elegant Sleeveless Long Dress for Summer, Ladies Sleepwear for Indoor Wear",1732189362609557800,$38.22,"Katch Me Chic Women's Soft Lace Series Spaghetti Strap Lace Trim Wirefree Quick-Drying Bralette & Panties Set, Casual Lightweight Flattering Underwear Set, Breathable Womenswear",1731017593908728796,$34.20,Queen Tape - Hydrating & Moisturizing Mouth Tape For Sleep - Royal Plump Edition - Lip Plumping - Mouth tape with Collagen Hyaluronic Acid & Vitamin E - Built in Lip Mask - Royal Lips - One Month Supply,1731633751615705442,$18.66
michelledemoda,Beauty & Personal Care,"$49,855.29",Womenswear & Underwear,$559.90,tarte summer skin essentials - CC color-correcting tinted serum + creaseless setting powder,1732422500087993276,"$23,313.33","TYMO CURLPRO PLUS - Upgraded Automatic Rotating 1-Inch Ceramic Long-Barrel Curling Iron for Long Hair, Negative Ion Technology for Flawless Curls, Gift Box Ready Adjustable Temp, Swivel Cord Dual Heaters for Beachy Waves Summer Vibes,dorm essentials toolu",1730891536459010526,"$6,401.37",tarte maracuja juicy multi-stick with brush - cream blush & bronzer,1732418830638027708,"$3,359.20",tarte sculpt tape & blush tape duo - blush and bronzer,1729417067781002172,"$2,430.38","TYMO CURLPRO Automatic Hair Curler - Multifunctional Styler, Curling Irons with Negative-Ion Ceramic Coating, Anti-Jam Chip, 1-Tap Auto-Rotating Barrel, Dual Temp, Timer, Swivel Cord, Anti-Tangle, Travel-Friendly Bouncy Curls Gift for Women toolupgrade, G",1729694858435465694,"$1,923.53"
mish1977,Fashion Accessories,$153.47,Beauty & Personal Care,$122.35,"Women's 100% Mulberry Silk Haircare Bonnet - Double-Layer, Reversible, Friction-Free, Anti-Frizz, Casual, Elastic Tie Band, Heatless Styling Nightcap, Gift for Females (Thanksgiving, Anniversary)",1729575267737440404,$153.47,tarte CC color-correcting tinted serum,1732403113516372924,$78.32,"[YCZ] Magnetic Nights Fragrance Duo | 2-Piece Men's Eau de Parfum Collection,2×1.7 fl oz, Long-Lasting for Dates, Parties & Everyday Wear, From Quiet Confidence to Nightlife Energy,summer outifit,back to school",1731176260817031589,$44.03,LikeMyChoice Boho Short-Sleeve Shirt & Wide-Leg Pants Luxury Resort Wear 2-Piece Outfit Satin Fabric Women's Lounge Set for Vacation Vibe Clothes Suits,1732364275747950749,$33.88,"Dual-Layer Hydrating Gel Socks (1 Pair, Blue/Pink) - Moisture-Locking Self Care Products for Dry Cracked Heels, Calluses - Spa & Pedicure Repair Socks, Christmas Gift",1731661923978547632,$7.19
mobilemerchant,Beauty & Personal Care,"$14,159.03",Computers & Office Equipment,$514.45,"Foot Reset Ointment For Dry, Cracked Feet",1729441027719598558,"$4,525.67",tarte CC color-correcting tinted serum,1732403113516372924,"$3,484.90",TATCHA The Rice Polish Foaming Enzyme Powder Duo,1731009967980123079,"$3,319.87",Harry Potter Return to Hogwarts 2027 Spiral Wall Calendar,1732480472796926431,$372.80,"DIBS Beauty Desert Island Duo  - Award-Winning Blush and Bronzer Makeup Stick,  Easy-to-Blend, Cosmetics, Glam, Flawless Glow",1729415671295348884,$264.18
mommarynn,Beauty & Personal Care,$10.98,Fashion Accessories,$5.74,"AGICEA 12-Pack Scented Shower Steamers Gift Set – Shea Butter Tablets for Relaxation, Stress Relief & Self-Care, Perfect Gift for Moms, Partners & Loved Ones | backtoschool",1731989610597880274,$10.98,"22pcs Boho Style Hollow Out Flower Design Unique Cute Rings, Fashion Accessories for Women & Girls, Retro Jewelry for Party and Daily Wear Accessory, Trendy Versatile Exquisite Jewelry Gift for Birthday, Imitation Pearl Ring",1729458387589566542,$5.74,,,,,,,,,
momsapprovedfinds,Home Supplies,$137.22,Womenswear & Underwear,$30.74,"ANIMAT3D FrostByte 12” Animated Talking Snowman, Light Up Projector Face, Christmas Songs, Jokes & Funny Expressions",1730849900943741396,$96.74,"2 Pcs Autumn Morning Glory Artificial Hanging Flower Baskets - Includes 2 Hanging Pots, 24 Flowers - Aesthetic Home Decor, Outdoor Decor for Front Porch, Garden, Patio",1732412425105806116,$40.48,"Embroidered Cozy Season Sweatshirt, Cute Autumn Sweatshirt, Pumpkin Embroidered Sweatshirt, Spooky Season Embroidered  Sweatshirt",1731765631911825878,$30.74,,,,,,
natachacarlile,Sports & Outdoor,"$60,435.23",Womenswear & Underwear,"$15,681.20",Halara Flex DayStretch High Waisted Pocket Straight Leg Work Pants #BackToSchool,1729535261465612580,"$17,710.79","BRXL Lycra Fabric Butt Lifting No Front Seam High-Waisted Breathable Yoga Pants Tummy Control Seamless Gym Running Leggings  Pilates GymWorkout #sohochi #backtoschool,sohochic",1731106741955235937,"$7,164.63","MFVIM Women's 3 Piece Trending Fashion Apparel Tracksuit Set Solid Criss Cross Crop Tank Top, High Waist Leggings, Zip Up Crop Jacket Breathable Women's Fashion Gym Workout Apparel Jackets for Yoga, Gym, Casual Spring Wear,sohochic",1731929843583062039,"$5,659.40",【Creator’s Pick】Halara UltraSculpt High Waisted Scrunch Butt Lifting Tummy Control Pocket Shaping Training Leggings #BackToSchool,1729568240189804836,"$5,056.44",Halara UltraSculpt V Neck Tummy Control Butt Lifting Workout Jumpsuit with Pockets #BackToSchool,1731682725918970148,"$2,713.84"
nataleezyy,Beauty & Personal Care,"$22,134.79",Phones & Electronics,"$10,529.41","R36S Retro Video Handheld Console with Linux System 3.5 in IPS Screen 3000mAh Battery 32G+64G TF Card for Christmas, Thanksgiving, Holiday Gift,back to school,back to school haul,sohochic",1729545052539097575,"$10,031.72",Persona Cosmetics 24HR Waterproof Eyeliner Sharpen-able Eye Pencil - Cruelty-Free Vegan Makeup Cosmetic,1729405889651904902,"$4,803.54","MAC Cool-Toned Nude Lip Trio – Sculpt, Define & Plump Set",1732355647882826393,"$3,310.70",Plume Eyeshadow - Ambre Fumé - Feather Shimmer Veil,1732357432442917369,"$1,394.88",Fenty Skin Butta Drop Body Cream + Body Milk Body Care Hydrating Lotion Duo,1729716038966481710,"$1,248.47"
nataleezyyirl,Womenswear & Underwear,"$1,637.19",Home Supplies,$133.25,"Women's Solid Mid-Calf Polyester Socks - Casual, Soft, Comfy, Warm, Basic, Simple Fit for Fall & Winter Everyday Wear,sohochic",1731752751104888912,"$1,187.73","Songling Women Mid Rise Barrel Work Trousers Elastic Back Waist Tapered Baggy Lounge Pants With Side Pockets True To Size Solid Daily Travel Bottoms, back to school shopping,clothes for back to school,first day of school outfits,sohochic",1732216018534372167,$420.58,"Slim Metal Card Wallet, Secure Snap Closure, Retro Geometric Design Ultra Compact Card Case for Men & Women",1732429533691351719,$133.25,Women's Mini Dress Sleeveless Tank Dress Casual Sundress Print Beach Dress,1731104307399331845,$28.88,"OIDEA Women's Funky Quartz Ring Watch - Durable for Daily Wear, Modern Elegant Stainless Steel, Shell Dial, Elastic Band, Unisex Fathers Day Fashion Accessory,sohochic",1731367706291573267,$12.57
natalieporretta,Womenswear & Underwear,"$1,636.90",Beauty & Personal Care,$98.82,Comfrt | The Camo Sweatpants | Relaxed Fit Soft Camo Joggers,1729931882991096707,$793.04,"Comfrt | The Camo Hoodie - Mega | Camo Print Hooded Sweatshirt, Cotton Fleece Fabric, Slouchy Fit",1729931371633742723,$632.89,Comfrt | Minimalist Hoodie - Mega | Super Soft Slightly Weighted Mega Hoodie,1729505773514822531,$138.84,PurelyWHITE | Purple Teeth Whitening Strips,1730901581502124133,$98.82,"Comfort Realtree Camo Jogger Pant, Camouflage Print Sweatpants with Pockets and Drawstring Waist, Men's Woods Hunting Sweatpants, Southern Casual Lounge Wear, Gift for Him Her",1732611896955212788,$40.31
natalietucc,Beauty & Personal Care,"$11,754.79",Food & Beverages,"$3,620.24","New! Double Trouble Variety Pack - Bloom Sparkling Energy Variety Carton 12oz 12pk (LTO) - Pear Scare (6), Crisp Apple (6)",1732511048459785147,"$3,277.56",Matte & Shimmer Eyeshadow Set,1732607705245717140,"$2,022.40",Major Dimension Dream Date Eyeshadow Palette,1732605787447661204,"$1,775.25","Hadley Designs My First Busy Book For Toddlers 3-5 - Preschool Montessori Activity Book, Homeschool Quiet Book Ages 5-7",1731812523317564380,"$1,228.93","Sol de Janeiro Cheirosa Perfume Mist Best Sellers Limited Edition Set - TikTok Shop Exclusive Beauty Products, Curated Fragrances: Warm 62, Fruity Floral 68, Rose 91, Woody 59 Liquid Unisex Fragrance with Reusable Yellow Jelly Bag",1732279458149536158,"$1,147.00"
official.ally.a.54,"Books, Magazines & Audio",$17.98,,,Meditations -- Marcus Aurelius - Paperback,1729409235850466072,$17.98,,,,,,,,,,,,
ohheyitsabbie,Home Supplies,$53.57,Kitchenware,$25.98,"SCENT SZN 2 oz Home Fragrance Diffuser Oil Refill - Paradise-Cream-Mint-Bean Scented - Birthday, Sweater Weather, Cotton Candy, Pineapple Notes - Home Care Freshener Supply",1730588546972816269,$53.57,"SIP-SIP HOORAY! 17oz Printed Pumpkin Spice Glass Mug with Handle - Reusable, Portable, Leak-Proof Cup with Bamboo Lid & Straw, Fall Gift for Her",1729621743570490065,$25.98,,,,,,,,,
ohkrista,Health,$810.07,Shoes,$227.90,"Happy V Vaginal Prebiotic + Probiotic for Women – Clinically Proven pH Balance & BV Treatment, Natural Yeast Infection Support, 60 Vegan Capsules Dietary Gut Health Supplement",1729571589157524085,$397.06,Happy V Fresh Start Kit: Vaginal Prebiotic + Probiotic for Women + Happy V Liquid Chlorophyll Natural Dietary Supplement Boost Mint Healthcare Wellness Edible,1731898727935283829,$245.42,"Demonia Women's Black Vegan Leather Camel-203 Chunky Heel 5"" Platform Lace-Up Ankle Boot with Metal Back Zip Closure",1729435692458218392,$227.90,Delilah Distressed Romper - Black,1732482823970394984,$144.74,Happy V: D-Mannose + Cranberry Capsules 2-pack Bundle for Urinary Tract Health,1732308943674839669,$56.51
ohsoitsjocelyn,Womenswear & Underwear,"$57,856.70",Sports & Outdoor,"$6,566.15","Women's Basic Solid Color U Neck Jumpsuit, Casual Slim-Fit Capri Jumpsuit for Daily Wear, Summer Fashion Womenswear",1729503287225062990,"$9,044.73","SHAPELLX Women‘s High-Waist Shaping Tights with Floral Lace, Light Control Tummy Support Pantyhose, Anti-Slip Waistband & Breathable Mesh for Daily Wear",1732505060309831747,"$4,787.81","Arssm 3-Pack Unisex Long Sleeve T-Shirt – Vintage Acid Wash Baggy Cotton Tee for Streetwear, Casual Outfits & Layering",1731871894686831055,"$4,287.50",Imily Bela Womens Long Ballon Sleeve Sweatshirts Tops Cropped Crew Neck Loose Fit Casual Workout Shirts,1729651434276688063,"$4,259.87","SHAPELLX Women's Deep V 1-Piece Compression Shapewear Jumpsuit - Chest Support, Breathable, High-Waisted Tummy Control Sculpting Clothes for Women, Shapewear Clothing",1731461210302091904,"$3,362.07"
oinetta,Fashion Accessories,$336.00,Home Supplies,$213.86,"Tewiky 14K Gold Plated Waterproof Women's Bracelet Sets - Trendy Thin Dainty Stackable Cuban Link Paperclip Chain, Jewelry Stack, Accessories for Women, Mom Birthday Gifts, All Seasons Minimalist Costume Jewelry,sohochic",1730385229390975793,$336.00,"Scentiment Diffuser Tall Air 2 - Discovery Kit with Sampler Oils: Cold-Air Diffusion Technology with Wi-Fi & Touch Controls, Rechargeable Battery, Covers 1000 Sqft; Includes Top 3 Luxury Hotel-Inspired Fragrance Oils (20ml)",1730510381990252722,$213.86,Scentiment Car Diffuser -(Device Only) No Water or Heat Needed - Sleek Design - Perfect for Everyday Use,1731781934252462258,$135.53,Emeer - EDP 100ML (3.4 OZ) by Lattafa,1729440785019211933,$35.36,,,
petitewithjessy,Womenswear & Underwear,$721.32,,,Tanming Womens Cotton Linen Pants Casual Button Up High Waisted Wide Leg Trousers,1732301686597849235,$406.76,"Chouyatou Women's Cute Sexy Thick Chic High-Waisted A-Line Cowboy Denim Skirt, Bohemian Style with Flowing Ruffle, Button Closure, and Tiered Design, Elegant, Women Fashion, Skirts For Women",1731894392498983305,$164.65,YeeZaa Lace Satin Pants Cropped Boho Beach Pant 2026 Summer Sale Fall Fashion Pants Drawstring High Waist Wide Leg Pants Summer Lightweight Lounge Trousers Casual Elastic Waisted Vacation Outfits with Pockets,1732408396421763116,$111.92,CHOUYATOU Women's Printed Wide-Leg Jeans Y2k Loose Mid-Rise Jeans in Soft Pink with Boho Floral Pattern Casual Denim Trousers,1731887610286870921,$37.99,,,
peytonxblack,Beauty & Personal Care,"$14,419.65",Womenswear & Underwear,$250.79,tarte colored clay CC undereye corrector,1729734769623929788,"$3,704.51","tarte BB blur tinted moisturizer SPF 30 - instantly brightens, hydrates & smooths your skin",1729584174847071164,"$3,351.42","Palladio Under Eye Brightening Cream Concealer - Caffeine Peptides, Vitamin E, Biotin, Gluten Free, Blendable Radiant Coverage, Color Corrector & Primer, Smooth Setting for Adults, Evens Dull Tired Skin, Reduces Dark Circles",1729881829798023357,"$2,408.94",tarte Big Stick Energy duo – shape tape concealer stick & brush,1730956811325510588,"$1,323.09",tarte tartelette tubing mascara duo,1731369586880451516,$937.39
peytonxshops,Beauty & Personal Care,$11.64,,,e.l.f. Sheer For It Cosmetic Blush Tint and Lip Stain,1731162610730111267,$6.00,Flawless Concealer Brush,1729384323622867235,$5.64,,,,,,,,,
pinspo.girl,Womenswear & Underwear,"$6,697.40",Beauty & Personal Care,"$6,173.21","Women's Original Magic Fleece Lined Tights - Plus Size Women's Clothing, Body Slimming Compression Band, 1-Seam Option, Closed Foot, XXS-3XL, 4 Shades, Light-Brown Fur Fleece, Cold Wash, Viralproducts",1729406693411230691,"$5,055.85","Etekcity ESN00 AI Smart Food Scale | 19 Nutrient Facts Auto Scan | Digital Calorie Counter for Meal Prep & Fitness | Compact Stainless Design, Summer Sale",1729408268190847371,"$3,013.96",Canon PowerShot G7 X Mark III 3637C001 Black (US Plug) by StockX,1732091895743746202,"$2,949.12",Fenty Skin Butta Drop Body Cream + Body Milk Body Care Hydrating Lotion Duo,1729716038966481710,"$1,894.25",ColourPop Fade Into Hue Rainbow Powder Palette 0899,1729462809073586225,$758.66
prettygirlglaze,Furniture,"$39,369.51",Womenswear & Underwear,"$9,067.76","Medium Firm Hybrid Memory Foam Mattress - 8/10/12/14 in Twin, Full, Queen, King Sizes, Lumbar Support, Ergonomic Design, for Home Rooms, Hotels, Boxed Furniture Gift, Memory Foam Mattresses, Queen Size Mattress,dorm essentials,home decor,sohochic",1730092261582738160,"$36,989.43",3pk - Carne Seca BITES - Sr. Michelado - Crunchy Beef Jerky - Azu Mecha Furia BOLD 1.5oz - 3pk,1732262461014315953,"$2,125.62",Unshelled Sunflower Spicy Red Seeds 12oz,1732220469286507347,"$1,927.46",【Runs Small】Popilush Leopard Print Corset Top Women Detachable Strap Lace Up Bustier Sculpting Shapewear Tank Top SohoChic Party Club Streetwear,1731223145403945796,"$1,891.78","Hybrid Memory Foam and Spring Mattress (8/10/12/14 In) - Medium Firmness, Lumbar Support, Queen Size, King Size, Full-Sized, Extra Deep Options, Boxed Furniture Gift for Home & Hotels, Queen Size Mattress, King Size Mattresses,dorm essentials,home decor,s",1730821587866260208,"$1,725.30"
ragdollmanor,Food & Beverages,"$22,984.78",Beauty & Personal Care,"$13,928.33","BUILT Bar Puff Protein Bar, Pumpkin Cookie Chunk, Protein Packed Snack, Collagen, 160 calories, Not Gluten Free, 12 Count Box",1731834460486013170,"$13,935.84","Bears with Benefits Biotin Gummies for Hair Growth, Skin & Nails –  5000 mcg Biotin + Vitamins C & E + Zinc - 30 Gummies - Vegan Wild Berry Flavor - 1 Month Supply",1730755223971074070,"$13,272.63",tarte colored clay CC undereye corrector,1729734769623929788,"$3,857.37",Evergreen Set of 3 Lighted Halloween WitchStakes,1731081757354464199,"$3,471.52",tarte shape tape dab & go hair concealer,1732404473502667708,"$2,801.25"
riannapepe,Beauty & Personal Care,"$11,699.74",Womenswear & Underwear,$127.45,"LYS Beauty No Limits Cream Bronzer Stick, Makeup Contour, Buildable Face Color with Natural Radiant Finish",1729385764072624843,"$1,358.94","MAC Cool-Toned Nude Lip Trio – Sculpt, Define & Plump Set",1732355647882826393,"$1,012.80","Dr.Jart+ Cicapair 5-Piece Redness Relief Routine | Instant Redness Relief | Korean Skincare for Sensitive Skin, Barrier Repair, Color Corrector SPF",1732338093671617000,$997.51,Barbie x Glamlite Makeup Set,1732367766276117241,$624.58,Rare Eau de Parfum + Fragrance Layering Balm Duo,1732536284063765033,$540.67
risingwithcristina,Health,$59.80,Sports & Outdoor,$39.98,"I Am Joy: Ormus Gold Oil Monoatomic Helps to Decalcify Pineal Gland, Repair DNA, Increase Manifestation Speed - Rich with Minerals Platinum, Iridium Using Non Chemical Solvent Extraction 4oz",1729407118584156350,$59.80,"5 or 2 High Capacity Emergency Survival Water Straws - Personal Filter for Camping, Hiking, Travel Biking, Survival Preparedness, Lightweight Reusable",1729419146074362732,$39.98,,,,,,,,,
rondadaly,Womenswear & Underwear,"$4,638.38",Sports & Outdoor,$754.95,"Scacto Women's Classic Long Denim Trench Coat, Collared Button-Front Outerwear for Elegant Basic Outfits, Lady,back to school,back to school shopping, Long Sleeve,clothes for back to school,first day of school outfits,sohochic",1732067582857941866,"$1,354.40","PrettyGarden Women's 2-Piece Outfits Short Sleeve Pullover Tops Split Hem Wide Leg Pants Lounge Sets, Comfy Pjs, Soft Suits-Womenswear Loungewear Nightwear#SwimWeek#Summervibes#DealsForYouDays",1729444226407305583,$950.70,"Wiholl Fashion Fall Dresses for Women 2026 Long Sleeve Sweater Dress Color Block | Side Pockets, Ribbed, Lightweight, Winter Clothing, Loose Fit",1732487559738462582,$409.25,"TIMEOFF Women's Short Sleeve Zip-Up Mock Neck Athletic Romper with Flared Skirt - Sportswear, Rompers for Women, Sporty Chic Athleisure Tennis Attire for Summer Fitness",1731131763555144432,$374.34,【Creator’s Pick】Halara Ribbed Knit Off Shoulder Long Sleeve 2-in-1 Casual Top #BackToSchool,1732205256768394078,$301.40
sam_joness_,Sports & Outdoor,"$11,258.22",Beauty & Personal Care,"$6,298.87",NEW BALANCE 530 Womens Shoes,1730843455865524661,"$8,581.89","LOVEVOOK Colorblock Carry-On Travel Backpack with 3 Packing Cubes and Laptop Compartment - Personal Item,TSA-Friendly, Travel Essentials, Airline Approved Travel Bag for Hiking, Weekend, TikTokShopBackToSchool",1729417326447727282,"$3,496.25","SEESE Cordless Pressure Washer Gun, 1000 PSI Portable Electric Washer for Vehicle, Driveway & Deck - Ergonomic Handle Design with 30min Runtime & 6-in-1 Nozzle",1731236289885213002,"$3,278.00",ALLSWIFIT Women's Slip On Walking Shoes Hands-Free Cushion Running Tennis SwiftPlush Non-Slip Comfortable Workout Gym Athletic Fashion Sneakers Breathable Running Shoes Fashionable Running Shoes,1731228129405539200,"$1,702.27",Flamingo Light Hydrating Spray for Skin Repair & Moisture - Nourishing Formula with Papaya Fruit Extract & Sunflower Seed Oil - 6.7 oz Radiant Lotion Hydrate Moisturizing,1729470340006121588,"$1,463.76"
samanthasingsit,Beauty & Personal Care,$316.87,Fashion Accessories,$5.43,"USB Charging Hair Trimmer, Multi-Functional Electric Clipper, Portable Split Ends Trimmer, Home Use, Auto Hair Cutter, Gift Idea",1729396681962852545,$102.10,"Prosa Volumizing Thickening Mascara 3-Pack Bundles - Silicone, Waterproof, Avocado Oil-Infused Natural Cosmetic with Micro-Fibers for Max Eyelash Volume, Professional Classic Makeup Lash Enhancer for Natural Look",1729552289872581594,$90.60,"12 Colors Concealer Palette, Natural Facial Contouring Makeup Palette, Long Lasting Concealer Cream, Facial Detailing Makeup Tool, Summer Makeup Gift",1729388300215292246,$59.14,"Ruby May Pre-Curated Bright Full Makeup Kit - Multi-Pack Cosmetic Gift Set with Eyeshadow, Mascara, 1 Brow Product, Brow+Eye+Lip Set, 3 Pair Lashes, Customizable Glam Box, Complete Kit for Live Stream Complete Look",1729692047308198193,$53.39,"6 Color Concealer & 6 Color Blush Palette, Long Lasting Makeup Palette, Facial Makeup Tools for Daily Use, Summer Makeup",1729394327271149910,$11.64
samshops_beauty,Home Supplies,$429.94,Beauty & Personal Care,$42.90,"Sweetcrispy LED Lights Mirror - Modern Illuminated Adjustable Desktop Makeup Mirror with 3-Mode Lighting, Touch Dimmable Control, Detachable Base, Desk Accessory, Decor for Bedroom",1731634628381414114,$429.94,"[medicube] Mix & Match Toner Pads Setㅣ Pore, Use After Spot, Brightening Care for Clear & Glass Glow SkinㅣTikTok Viral Toner Pads",1731192157304754411,$36.90,Caffeine Kick Under Eye Serum,1729742945837224244,$6.00,,,,,,
sarahhill920,Womenswear & Underwear,"$3,265.97",Beauty & Personal Care,"$1,729.56","Women's Solid color Basic Button Front Knit Cardigan, Casual Long Sleeve Knitwear for Daily Wear, Ladies Clothes Womenswear for All Seasons Knitting, Knit Sweater Clothing",1730348428514332914,$897.62,"BIO IONIC OFFICIAL: Long Barrel Curling Iron - Hair Curler Adjustable Heat Settings, Effortless Voluminous Curls & Waves, Auto Shut-off, Easy to Use Styling Tool, For All Hair Types Comfort",1731031588942615519,$814.46,"C202 Women Merino Wool Sweater Lightweight Soft Slim Fit Crew Neck Spring Layering Top Everyday Long Sleeve Casual, Fabric, Essential,clothes for back to school,first day of school outfits,sohochic",1732029819856261826,$548.39,"Women's Basic Solid Hollow Out Drop Shoulder Knitting Sweater, Boho Casual Long Sleeve Round Neck Jumper for Spring & Fall, Fashion Ladies' Knitwear for Daily Wear, Fit, Knit Casual Top",1729449619846501099,$518.29,"Unisex 5-Pack Full Rim Retro Oval Polarized Sunglasses - Classic Shades, Double-Bridge, Retro Pilot Style, UV Protection, Resin Lenses, Ideal for Outdoor Cycling & Driving, Stylish Accessories, Matches Daily Outfits",1731378658146423703,$403.13
sashamarielovesshopping,Womenswear & Underwear,"$3,544.69",Beauty & Personal Care,"$1,037.87",BraSculpt Strapless Bodysuit Thong,1730963087669432340,"$1,007.35",NuDerma Standard High Frequency Wand for Anti-Aging and Anti-Acne Neon Argon Gas by Pure Daily Care high frequency wand hair,1729404718196625773,$577.89,Cecilya Knit Bandage Mini Dress,1732253619654856866,$382.96,Tezi Boat Neck Light Knit Top,1731845458810343586,$294.00,Ainsley Wrap Top,1732094300238155938,$195.08
sashashopsalot,Beauty & Personal Care,"$10,901.77",Jewelry Accessories & Derivatives,"$4,584.10",Delzzad Pear Cut Stud Earrings Lab-Created Moissanite Stud Earring S925 Sterling Silver Moissanite Jewelry Perfect Birthday Mother’s Day Christmas Gift for Men Women Wedding Set,1729642239152459799,"$4,231.63","Lassi Lips Staining Lip Oil - Up to 8hr Wear, Transfer-proof, No Peeling or Wiping Off, Ultra-comfortable, No Flaking or Feathering with Vitamin E & Mango Seed Oil",1729607961691853620,"$3,270.66","Comfrt | The Dreamer Blanket | Oversized, Cozy, Soft Warm Throw",1729931833196778371,"$2,488.32","Double Date - Staining Lip Liner & Oil Duo Your Way - Up to 8hr Wear, Transfer-proof, No Peeling or Wiping Off Needed, Ultra-comfortable with Vitamin E",1732311922565485364,"$2,042.56","UPDATE 12-Pack Variety Energy Drink, 12 oz Cans | Caffeine-Free Paraxanthine, Zero Sugar, Zero Calories, Alpha-GPC, L-Theanine & Vitamin B12",1732443918303203593,"$1,876.79"
savaii.j,Sports & Outdoor,$846.97,Womenswear & Underwear,$483.92,"Gymreapers Ankle Straps (Pair) For Cable Machine Kickbacks, Glute Workouts, Lower Body Exercises - Adjustable Leg Straps with Neoprene Padding",1729552156594049095,$530.56,"Cider Chiffon Mini Dress – Halter Neckline Ruffled Ruched Bowknot Sexy Elegant Women's Date Night Party Clubbing Gown, Y2K Retro Slim Fit Short Dress for SohoChic",1732168408372645975,$324.47,"Yeokou Women's 2-Piece Boho Back to School Outfits - Cotton Smocked Top, High Waisted Wide Leg Lounge Pants with Side Pockets, Soft Fabric Hugs Skin 2 Piece Sets,sohochic",1731501059629748722,$124.56,"Gymreapers Quick Locking Weightlifting Belt for Bodybuilding, Powerlifting, Cross Training - 4 Inch Neoprene with Metal Buckle - Adjustable",1729576192146247751,$69.06,【Creator’s Pick】Halara UltraSculpt High Waisted Tummy Control Pocket Shaping Yoga Bootcut Leggings #BackToSchool,1730470200737173796,$56.90
savi_trends,Jewelry Accessories & Derivatives,$125.93,Textiles & Soft Furnishings,$108.68,"Maxine Stunning 925 Sterling Silver 3.5ct Oval Cut Engagement Ring Set,Bridal Ring Set,5A Cubic Zirconia Women's Ring Jewelry,Wedding Ring Set for Daily,Travel,Proposal,Birthday,Anniversary, Engagement Rings",1729554763459957196,$125.93,"Smart ECG Health Monitoring Ring – ECG/Heart Rate /Sleep /Activity Tracker/Blood pressure/Blood glucose/Spo2/Temperature/Water Proof,sohochic",1731170696570310865,$74.99,"balabala Girls' Casual Trainers, Retro Bow-Knot Low Top Sneakers with Hook-and-Loop Strap, Lightweight Nonslip Shoes for Back to School, Nonslip Trainers, Athletic Sneaker Footwear, Trendy Trainers,back to school,sohochic",1732106026751726328,$69.26,"Inovaday | Heavy Duty Curtain Rods for Windows, Drapery Rods with Adjustable Curtain Rods, Outdoor Modern Curtain Rod with Simple End Caps Black Outdoorfun,Back To School dorm essentials,home decor,home essentials,sohochic",1729437419224469700,$55.00,"【SohoChic】PHF Soft 100% Cotton Waffle Pillow Shams - 2-Piece Standard Size Bed Linens Set, Soft Waffle Touch & Breathable Weave, Skin-Friendly, 3D Puff Texture, Plain Back, No Filling, Machine Wash, Classic Casual Chic Decor",1729452097051004938,$53.68
seasonaldiariess,Kitchenware,"$14,444.25",Food & Beverages,"$1,279.85",To-Go Buddy - Universal Cup Insulator for to-go cups - Keeps Drinks Hot Cold 12+ Hours - Vacuum Insulated Tumbler,1729430518270038922,"$3,165.23",Frost Buddy Halloween,1732471007461348234,"$2,289.89",Coca-Cola & Frost Buddy - Stainless steel - Dual Wall Vacuum Sealed - Drinkware,1732382098705650570,"$1,673.01",Universal XL Can Cooler - Made to fit almost every 12-24oz can and bottle - Stainless Steel Vacuum Sealed,1729414525054063498,"$1,380.95",New Thicc Buddy 50oz Leak Proof Double Wall Vacuum Sealed Tumbler with Handle Fits Lip Balm & Keys Drinkware Flasks Lid Insulated Mug for 12+ Hours Cold & 8+ Hours Hot,1732139017504789386,"$1,175.97"
shilohstemple,Beauty & Personal Care,"$31,463.04",Fashion Accessories,"$8,601.04",[HOT] SKINTIFIC Hydrating Brightening Lip Serum with Hyaluronic Acid & Peptide for Radiant Lips Gentle Glossy Korean Beauty Makeup Balm Shea Smooth Moisture with Cooling Metal Roller Applicator,1731832307922407544,"$5,413.87","[TIRTIR Official] Glide & Hide Dual Concealer and Foundation 2-in-1 Stick l Lightweight Coverage, Flawless Makeup Cosmetic foundation stick",1731165559314747994,"$4,567.57","e.l.f. Glow Reviver Melting Lip Balm, Hydrating Lip Balm High-Gloss Shine and Buildable Color 15.4mL",1730991053913559331,"$3,099.49",Nadula Black To Chestnut Brown Ombre Yaki Straight 7x5 Lace Wig With Drawstring Human Hair Natural Density Invisible Knots Glueless Put On And Go Beginner Friendly 18''-24'' Fit SoHoChic TikTokShopBackToSchool,1731704529776120573,"$2,964.75","TYMO FLIPRO Hair Care Set - FlipPro 2-In-1 Straightener Comb & Styling Tool with TYMO Heat Protectant Spray for Lightweight Frizz Control, Ceramic Coating, Fast Heat-Up, Summervibes gift Hair Flat Iron fathersdaygift,father'sdaygifts,dorm essentials toolu",1731735771965723102,"$2,954.98"
shopaholicallee,Womenswear & Underwear,"$38,425.55",Sports & Outdoor,"$15,461.36",I Need Space Comfort Colors Unisex T-shirt Gothic Alternative Fashion Casual Tees Round Neck Tshirt,1730884253731688758,"$9,756.43",Tanming Womens Baggy Wide Leg Pants Relaxed Palazzo Harem Pants Elastic Waist with Pockets,1729491434710208659,"$7,491.93","Women's Solid Mid-calf Socks, Casual Soft Comfy Warm Socks for Fall & Winter, Women's Socks for Daily Wear,sohochic",1731687611898499152,"$5,076.17",Hanes Originals Women’s Supersoft Comfywear Sleep Slip Dress Women's Intimates Comfortable Fit Soft Stretch Fabric Breathable Hla219,1731467663274185700,"$4,028.54",Allswifit Women's Slip On Walking Shoes Hands-Free Cushion Running Tennis Shoes Non-Slip Comfortable Workout Gym Sports Athletic Fashion Sneakers,1732112293820797824,"$3,713.77"
shopaholicallee2,Womenswear & Underwear,"$8,735.37",Sports & Outdoor,"$6,802.17","Long Sleeve Denim Jacket for Women,Drop Shoulder Curved Hem Denim, Classic Button Down Denim Jacket with Chest Pockets, Fashion Women's Clothing for Daily Wear, Vintage Western Trucker Jacket, Outerwear",1729469572738027768,"$2,747.55",Halara UltraSculpt™ High Waisted Tummy Control Contrast Lace Shaping Training Leggings with Pockets,1731361332119834916,"$2,099.11",NIKE V5 RNR Womens Shoes,1732319439864566197,"$1,596.85",【Creator’s Pick】Halara UltraSculpt High Waisted Tummy Control Pocket Shaping Training Capri Leggings #BackToSchool,1731269947944768350,"$1,309.68","Norwell Women's Heated Jacket Hoodie for Men Women with 7.4V 5000mAh Battery Pack, Dual Control 5Heat Zones Waterproof Comfort Basic Coat,Unisex Winter Outdoor Heating Jacket Hunting Skiing Black,Valentine's Day,Father's Day,Christmas Gift",1729641584691876363,"$1,158.46"
shopjulesm,Womenswear & Underwear,"$12,031.93",Sports & Outdoor,$163.00,SCUSTY Women's Autumn Sweater Cardigans Graphic Button Down Collar Knitwear Long Sleeves Y2K Oversized Print Coat SohoChic,1731465165517983987,"$1,986.69",Freya ONESO Women Mid Rise High Stretchy BBL Jeans Butt Lifting Wide Leg Raw Hem Denim Pants Tummy Control Spring Basic Minimalist Woman Denim Bottom Comfortable Denim Jeans OSW8019 Plus Size Regular Size Fashion Daily Outfits DIY Inseams #SummerVibes,1731273402271240469,"$1,400.93","Imily Bela Women Striped Sleeve Knit Cardigan Casual Crew Neck Button Down Cropped Sweater Jacket Y2K Fall Outfits, Knitwear, Button Cardigans,sohochic",1732490286156452326,$945.66,"Songling Adult Sherpa Cape Wearable Blanket - Flowing Side Slits, 50"" Width, Machine Washable Home Warm Shawl Wrap for Office/TV Use - Gift Option (TikTokShopBlackFriday),sohochic",1731973839582237511,$644.00,UANEO Womens Cardigan Sweaters  Button Down Shawl Collar Oversized Sweater Coats Y2k Print Cardigans Fall Fashion #TikTokShopBlackFriday,1731452873920713013,$419.02
skylerclarkk,Textiles & Soft Furnishings,$10.60,,,Michael Jackson High Quality Flannel Blanket - Premium Flannel Material Super Soft Comfortable Throw for Travel Bedding Couch Hiking Bed Mother's Day Valentine's Day Birthday Christmas Gift,1732010612272108340,$10.60,,,,,,,,,,,,
southern_wellness,Health,"$5,171.00",,,Akasha GLOW & GROW Gummy Bundle,1731652917122208761,$906.97,"Micro Ingredients Liposomal NAD+ Ultimate 1,000mg, 60 Veggie Capsules",1731481178363761325,$827.77,"Micro Ingredients Multi Collagen Peptides Powder - Hydrolyzed Protein Peptides (Type I,II,III,V,X) with Hyaluronic Acid, Biotin & Vitamin C Unflavored",1729385034780414637,$640.14,Akasha Superfoods Jellyfish Collagen,1732313890708886521,$525.12,Akasha Sea Moss & Pearl Powder GLOW Gummies - Supplement for Collagen & Skin - Edible,1729409018910774265,$317.71
southernlakemom,Womenswear & Underwear,"$68,393.86",Shoes,"$8,203.55",SCUSTY Women's Casual Summervibes Two Piece Sets Color Block Crewneck Sleeveless Pullover Tops Matching Shorts With Pockets 4th of July Independence Day Outfit,1731188415101440243,"$6,847.79","Hotapei Women's Mock Neck Longsleeves Baggy Sweatshirt - Graphic ""Faith Jesus"" Letter Print, Drop Shoulder, Cute Trendy Style, Everyday Casual Fall Winter Comfy Athletic Outwear, Cute Trendy Clothes,sohochic",1732538847779655823,"$3,803.00",Dokotoo Long Sleeve Fall Tops Oversized 2026 Trendy Round Crew Neck Casual Color Block Womens Shirts Blouses,1729586695259001845,"$3,674.04",Leo Risen Jeans - Dark Wash,1731101217443648278,"$3,411.35","UANEO Women's Leopard Print Corduroy Wide Leg Cropped Pants, Elastic Drawstring High Waist Loose Culottes, White Lace Trim Hem Vintage Casual Baggy Trousers Y2K Streetwear",1732519604108103989,"$3,064.54"
soyabundanciaa,Womenswear & Underwear,"$77,737.16",Sports & Outdoor,"$4,561.08",LUCKMEEY Women High Waisted Seamless Shapewear Shorts Tummy Control Butt Lift Faja Body Shaper Breathable Slimming High Waist Shaping Shorts with Built-in Crotch Invisible Fit for Everyday Wear#tiktokshopbacktoschool#sohochic,1730652584168165420,"$42,670.64",SHAPELLX Shapewear Sculpting Shorts for Women Seamless High Waisted Body Tummy Control Shaper Thigh Slimming Underwear Womenswear Seamless Compression Shaper,1731280168955253376,"$7,457.40",SHECURVE Easyslide Bathroom Friendly Shapewear Faja for Women Tummy Control Butt Lifter Bodysuit with Back Pull Down Bathroom Design Back Support & Cotton Gusset for New Moms Postpartum & Everyday Wear,1732131533229822183,"$5,082.03",Bsubseach Womens Swimsuit Coverup Short Sleeve Button Down Tie Beach Shirt Dresses Summer Bathing Suit Cover Up Swimwear,1732309893456630170,"$3,784.99","Women's Solid Color Fitted Suit Vest & Shorts, Casual Minimalist Sleeveless Top & Shorts for Daily Wear, Ladies Clothes for All Seasons, Office Siren Outfits, Summer Outfit, Chic, Sleeveless Vest Set, Co Ord Set, Womenswear, Fashion Clothing Set",1730882708865978433,"$2,599.78"
spankifarris,Textiles & Soft Furnishings,"$4,997.30",Womenswear & Underwear,"$2,949.24","[Back to School] WeCharmer Extra Thick Bedding Mattress Topper, 1000GSM Plush Down Alternative Overfill Bamboo Topper Mattress, Cooling Cloud-Like Pillow Top, 360° Elastic Hold 8-21In Deep Pocket for Back Pain Relief",1729457680158658805,"$4,507.33",Cosnufy Mesh Sheer Long Sleeve Top Single Layer Crew Neck See Through,1731492708651471088,"$1,370.60",PrettyGarden Oversized Tshirts Shirts for Women Summer Tops Casual Short Sleeve V Neck Loose Basic Tees#Summervibes#SwimWeek#DealsForYouDays,1732190593624871279,$795.46,Freya ONESO Women Mid Rise High Stretchy BBL Jeans Butt Lifting Wide Leg Raw Hem Denim Pants Tummy Control Spring Basic Minimalist Woman Denim Bottom Comfortable Denim Jeans OSW8019 Plus Size Regular Size Fashion Daily Outfits DIY Inseams #SummerVibes,1731273402271240469,$603.32,"ThermoMaven 1-Touch Max Fire Brass ABS Culinary Propane Blow Torch Gun (Single Unit, Tank Not Included) with Safety Lock, Powerful Flame for BBQ Grill, Bakeware, Kitchen Use, Charcoal Lighter, Sous Vide Tool,sohochic",1731065743854702822,$499.18
stephanie_stimson,Beauty & Personal Care,"$35,925.48",Shoes,"$12,689.94","Stylish Women's High Heeled Shoes, Slingback Stiletto Heels, Minimalist Slingback Pumps, European Style Patent Leather, Elegant Party Shoes Hollow Side Design, Classy Fashion Slimming Look, Exquisite Heels for Parties and Events, Elegant Footwear",1732180721823158836,"$8,847.47",KI Exosome Booster Ampoule Kit – Advanced Skin Care for Hydration & Glow | Made in Korea,1731494674229465785,"$3,475.19","Valentino Born In Roma Donna Extradose Parfum Spray 3.4 oz | Amber Vanilla Fragrance, Edp Fragrance, Perfumes",1732316743996117793,"$3,382.89","Bellavita Luxury Senorita Eau De Parfum | Women's Perfume 100ml (3.38 FL.oz) | Playful, Sweet & Confident Notes | Long-Lasting | Vegan & Cruelty-Free",1729470893913576374,"$3,209.70","Women's Black Satin Stiletto Sandals - Footwear with Open Toe, Single Slingback Strap, Cushioned Insole, Non-Slip Red Sole - Elegant Party Heels for Women, Fashionable Shoe,sohochic",1732453037949686694,"$2,756.26"
stephsharesitall,Toys & Hobbies,"$10,963.37",Computers & Office Equipment,"$6,204.90","Skillmatics Peelies – Reusable Sticker Activity Book Mess-Free, 100+ Reusable Stickers, DIY Scrapbooking Kit for Toddlers & Preschoolers, Travel Toy, Gifts for Ages 3 to 7",1732148327640896289,"$5,951.25","Magnetic Photo Frames 2""x2"" Clear Acrylic DIY Fridge Magnets with Adhesive Backing – Square Magnets for Crafts, Kitchen, Classroom, Party & Office Decoration Back to School College Dorm Essentials #HomeEssentials #TikTokShopBackToSchool",1732288674913947952,"$5,411.98","4-in-1 Kawaii Theme Dinosaur & Astronaut Mini Multicolor Pens, 20/30/50Pcs Bulk Office Stationery, Back to School Haul Supplies for Kids Ages 8+, Mini Gifts for Birthdays/Party Favors",1731220844494426246,"$3,512.83","Egofuntoy Erasable Reusable Watercolor Pen Doodle Set for 1-4 Year Old Toddlers - Colorful Marker Pen, Drawing Art Supplies, Painting Supplies Kit, 12 Markers, 14-Page Unicorn Book, Car Travel Kids Toys Cool Gifts, Cool Gifts For Kids,sohochic",1729476492327489974,"$2,815.72","I Can Name… The Fast-Paced Party Card Game of Bragging, Bidding & Brainpower | Hilarious Group Game for Adults, Teens, Families | 325 Topics, Challenge Cards & Timer | 2+ Players",1732070400116035941,"$1,316.85"
strawbxrrymilkx,Kitchenware,"$82,282.33",Home Supplies,$118.93,To-Go Buddy - Universal Cup Insulator for to-go cups - Keeps Drinks Hot Cold 12+ Hours - Vacuum Insulated Tumbler,1729430518270038922,"$24,229.51",Frostbuddy Fall Collection,1732414112211899274,"$10,103.51",Frost Buddy Halloween,1732471007461348234,"$8,196.57",Bottle Buddy - Collegiate Edition - Dual Function lid Water Bottle - Stainless Steel - Double Wall Insulated,1730941375209313162,"$6,549.58",Thicc Buddy Collegiate Edition - Leak Proof - Double Wall Vacuum Sealed Tumbler - Handle Fits Lip Balm & Keys - Drinkware,1731867732037964682,"$5,365.54"
styledwithmorgs,Shoes,"$3,563.15",Womenswear & Underwear,$73.24,"New Thick Sole Dad Shoes Casual Sporty Women's Athletic Trainers Sneaker Lightweight Breathable Height Increasing Sneakers, Fashion Sneaker, Round Toe Mesh PU Leather Low Top All Seasons Lace Up Sneaker",1730487360350032080,$893.76,"FITORY Women's Chic Casual Chelsea Ankle Boots - Slip-On Elastic Chunky Booties with Thick Heel, Platform, Rubber Insole, Multiple Styles, Comfortable Footwear for Fall, Size 6-11, Party Shoes for Women,sohochic",1729413009577185448,$846.69,"Women's Solid Color Waterproof Rain Boots, Women Shoes, 2024 New Style Fashionable Round Toe Boots for Outdoor Wear, Non-slip Rain Boots for Women & Girls",1729559330841661532,$598.92,"Women's Cute Bowknot Leopard Print Wedge Sandals, Elevated Sandals, Casual Fashion Slip-On Wedges, Summer Trendy Shoes for Beach Daily Wear, Fashionable Footwear",1730926239855710932,$395.01,"FITORY Balance 3 Women's Asymmetrical Retro Flat Sandals, Adjustable Strap Lace-Up Breathable Synthetic Shoes for Casual Summer Beach Wear,sohochic",1729491742371844264,$222.17
sylviavanhoeven,Womenswear & Underwear,"$1,879.95",Fashion Accessories,$989.65,Bagheera - Eco Satin Robe - Ink,1729412462863815558,$416.20,"innsol Women's Cat Eye Sunglasses - 90s Style, Alt Style, Modern Trendy, Trendy Styling, Lightweight Stylish Shades, UV400 Anti-UV Protection, Casual Glasses for Medium Faces Daily Wear",1731480965419078468,$281.18,"Rechargeable LED Selfie Fill Light with Clip - Adjustable for Cellphone, Mobile Phone, Laptop, Tablet - Ideal for Camera Photography, Video Conference, Live Streaming (Black)",1729415647966630551,$266.34,"Women's Solid Turtleneck High Neck Tops & Wide Leg Pants Set, Loose Cozy Stretchy Long Sleeve Top & Trousers for Daily Casual Occasion Wear, Fall Clothes, 2 Piece Set, Knit Casual Set",1729418419066213099,$264.58,"innsol Modern Cat Eye Sunglasses - High Quality Full Rim Eyewear, Lightweight Casual UV Protection PC Lens Shades, Edgy Glossy Stylish Accessories, Hair-Safe Lift, Tangle-Free for Easy Wear, Everyday Wear for Medium Faces",1731473903001506628,$196.00
sylviavanhoevenbeauty,Beauty & Personal Care,"$39,852.64",Fashion Accessories,$403.71,"2-Color、3-Color Smooth Eyeshadow Stick Set, Long-Lasting Waterproof Makeup Products, Matte Highlighter & Glossy Eye Pencil, Easy Colored Eyeshadow for Beginners",1732305739916809186,"$19,578.21","Lassi Lips Staining Lip Oil - Up to 8hr Wear, Transfer-proof, No Peeling or Wiping Off, Ultra-comfortable, No Flaking or Feathering with Vitamin E & Mango Seed Oil",1729607961691853620,"$4,797.91","ColourPop Shadow Stix - Creamy Pigmented Long-Wearing Eyeshadow Stick with Built-in Sharpener - Matte, Metallic, and Chrome Finishes",1729555874369343537,"$3,283.18","sacheu Cheek STAY-N blush - All-day Liquid Blush Tint Makeup - Long-lasting, buildable, ultra-blendable dewy blush - Comes in Rose Peach and others",1730436837733995295,"$1,757.26","Lifter Glaze Oil Balm with Hyaluronic Acid and Hydrating Oil Blend, Lip Balm with 24HRs of Smooth, Buildable Color, Moisturizing Shine, Maybelline",1730927783781307026,"$1,524.85"
tarynupmyheart__,Toys & Hobbies,$230.21,Health,$180.15,"Tinyfunz Montessori Pre-Assembled Multi Activity Playset - Portable Kids Toddler Sensory Board, Preschool Interactive Learning Toy with Flash Cards, Animal Icons, Safe Plastic Stickers, 3-6 Years Birthday/Christmas Gift, Sensory Activity Board, Preschool,",1729496900283568665,$230.21,"Nello Supercalm Tub (2-Pack): Calming Drink Mix with KSM-66 Ashwagandha, Vitamin D3, Magnesium & L-Theanine – Supports Cortisol Balance, Mood & Sleep, Helps Manage Occasional Stress – Tub (30 Servings) Mental Clarity Relaxation",1730363479151776184,$180.15,,,,,,,,,
taxicabbbbbbb,Womenswear & Underwear,"$1,325.03",Beauty & Personal Care,$264.75,BraSculpt Strapless Bodysuit Thong,1730963087669432340,$260.20,"Dazzle Dry Professional 4-Step Mini Kit - 5-Piece Long-Wear Chip-Resistant Nail Polish, 0.93 fl oz Total Base Coat for Fingernails & Toenails, Manicure, Nail Art, Daily Use, Anti-Peeling High-Performance Formula",1731463241978843345,$227.35,"Women's Solid Color Ruched Tie-neck Halter Slip Dress, Sexy Deep V Neck Sleeveless Backless Lace-up Plain Slim Fit A-line Short Dress, Bodycon Dresses, Party Club Date Holiday Daily Casual Elegant Dresses For Ladies All Seasons Summer Fashion Clothes Wear",1732413972420923697,$198.50,Cider Knit High Neck Sleeve A-line Maxi Dress With Belt,1732071569560670295,$159.42,"CAKES Tape -  The Easy-to-Use, Better-for-You Boob Tape",1732269873025684031,$126.07
tayloradis,Textiles & Soft Furnishings,"$32,124.61",Womenswear & Underwear,"$13,053.94","Comfrt | The Dreamer Blanket | Oversized, Cozy, Soft Warm Throw",1729931833196778371,"$32,105.61",Comfrt | Inflate Zip Hoodie | CloudTouch Fleece Zip-Up With Built-In Travel Pillow & Eye Mask,1732586599091770243,"$2,882.92",Comfrt | Waffle Lounge Tee | Textured Waffle Knit Casual Fit Loungewear Top,1731425990041768835,"$1,953.12",Comfrt | Dreamday Plush Robe | Ultra-Soft Unisex Plush Robe With Deep Pockets Flattering Fit Indulgent Robe,1732274801306669955,"$1,683.30",Comfrt | Airplane Mode Travel Hoodie | Oversized Hoodie With Eye Mask For Travel & Airport Style,1731474967302738819,$911.91
thatgirlkaty2,Beauty & Personal Care,"$6,868.11",Luggage & Bags,"$3,130.31","tarte BB blur tinted moisturizer SPF 30 - instantly brightens, hydrates & smooths your skin",1729584174847071164,"$3,087.53",Montana West Purses for Women Hobo Crossbody Bags Ladies Shoulder Handbags Tote Bags with Wallet,1731453742888161812,"$1,425.90","【Restocked】PUFFIT STM-TEX Waterproof Relaxed Fit Hoodie Coat Warm Half Zip Rain Jacket With Adjustable Waist,Hood & Cuffs,Large Kangaroo Pocket,Shell Jacket,Ski Jacket,Windbreaker,Fall&Winter Jacket ,Dog Walking,School Running,Womenswear,2026 Shopping",1731300408223895887,"$1,008.83",tarte CC color-correcting tinted serum,1732403113516372924,$571.07,"EVER PRETTY Women's Short Sleeve V-Neck High-Low Chiffon Dress - Chic, Casual Wedding Guest Dress for Women, Baby Shower, Formal Cocktail Gown EG02084",1729395399074550252,$528.37
thatmombeth,Womenswear & Underwear,"$8,331.65",Fashion Accessories,"$1,243.84","Pembrook Ankle Diabetic Socks for Men and Women - 6 Pairs, Neuropathy Relief, Comfortable, Mesh, Smooth Tops, Wide Toe Box, Breathable, Maximum Stretch, Fits Running, Walking, Selfcare, Vibrant Fade-Resist Multiple Colors",1732254022991253659,"$3,869.30","Tewiky 14K Gold Plated 39 inches Lariat Long Gold Necklace for Women Adjustable Snake Chain with Bead Dress Sweater Chain 14K Gold Plated Y-Shaped Drop Dangle Prom Jewelry Gold summer outfits Gifts, Jewelry For Women, Gold Jewelry,sohochic",1732422152422986545,$836.40,"INNERSY Women's High Waisted Cotton Panties 5-Pack, Soft & Breathable Underwear, Comfortable Full Coverage Briefs for Everyday Wear, Stretchy & Durable Bag Lingerie Fabric",1729500608420024700,$693.16,"BLOOMCHIC Plus Size Women Clothing Stylish Plaid Flannel Overalls - Smooth Fit Polyester Everyday Garment, Wide-Leg Sleeved Jumpsuit with Pockets, Simple Low Iron, [M-6X] for Swimweek Summerfinds，SohoChic",1732193623424602185,$565.37,"Pembrook Low Cut Diabetic Socks for Men and Women - Ankle Socks with High Stretch, Non Binding, Breathable Mesh, Smooth Fit, Cushion for Sitting, Moisture Wicking, Neuropathy Socks",1732254026447687835,$435.70
thatnordicblonde,Beauty & Personal Care,"$14,120.05",Womenswear & Underwear,$301.27,"[Dr.Melaxin Official] Zero-Fit Blemish & Dark Spot Patch Duo 72 Patches × 2 | S-ZINC + Mela-C·E Ultra Thin Spot Patches with Salicylic Acid, Acne Care, Sulfur, Vitamin C & Niacinamide",1732544791635398683,"$11,927.45",tarte Big Stick Energy duo – shape tape concealer stick & brush,1730956811325510588,"$1,411.70","ONE/SIZE | Secure The Sweat Sweat-Proof Aluminum-Free Primer - Waterproof, Sweat-Resitant, Makeup-Locking Primer | Perfect All-Day Matte Primer for Humidity",1729400094160622391,$230.53,Bagheera - Eco Satin Robe - Ink,1729412462863815558,$212.53,"ONE/SIZE | Longwear Legends Vault | On 'Til Dawn Setting Sprays, Ultimate Blurring Setting Powder + Blurring Primer Travel Set",1732077457405219639,$92.80
thattiktoklady3,Womenswear & Underwear,$15.99,,,Dokotoo Women's Casual Summer Short Sleeve V Neck Tops T-shirts - Loose Fit & Comfortable Shirring Top,1729440015233422325,$15.99,,,,,,,,,,,,
theashleywill,Shoes,"$58,119.87",Womenswear & Underwear,"$14,480.30","EVELLYHOOTD Women's Sohochic Leopard Print Genuine Suede Leather Loafers - Mules Clogs, Slip-On Casual Shoes with Arch Support, Comfortable Animal Print Footwear for Everyday Wear, Women's Gifts",1732171696888648231,"$27,350.28","Dr. Scholl's Women's Joplin Low Fashion Boot, Casual Minimalist Design, Comfortable Heels, Block Heel, Leather & Faux Leather Construction",1732469048422666600,"$19,402.79","ILLIYOON Ceramide Ato Concentrate Cream - 100hr Hydrate Beauty Product, Vegan, Fragrance-Free, Non-Comedogenic, Hypoallergenic, 6.76 fl.oz. Single Bottle Face Moisturizer",1731070777705009503,"$4,004.71","【BackToSchool】ZELUS Weighted Vest-6/8/12/16/20/25/30lb Rucking vest with Phone Pouch&Reflective Stripes&Adjustable Straps for Men&Women|Workout enhancer for Motivational walking,Strength Training,Running|#",1729593333749617456,"$3,694.16",Halara UltraSculpt™ High Waisted Tummy Control Contrast Lace Shaping Training Leggings with Pockets,1731974392161079588,"$2,782.90"
theeverhopefulgardener,Home Improvement,$312.34,Tools and equipment,$34.37,"Vego Garden Heavy-Duty Frost Greenhouse Cover, No Frame Needed, with Zipper for All-Weather Plant Protection, Extends Growing Season Against Frost, Rain, Wind & Hail, Heavy Duty Greenhouse",1732022516686295900,$297.06,"SEESE 6-Inch Mini Chainsaw Cordless, Portable Cordless Electric Chain Saw for Wood Cutting, Pruning, Gardening & Camping, 2000mAh Battery Included, Suitable for Seniors & Women",1730525978798559895,$34.37,"1/2 Pcs Copper Disc for Bird Bath, 2mm Thick Water Purifier for Clean Water Year-Round, Three-Point Support Design, Stable, Compatible with Outdoor Bird Baths",1732288298124940274,$20.63,"BN-LINK 5-Pack Round 5-Gallon Heavy-Duty Aeration Nonwoven Fabric Above-Ground Garden Bags with Handles, Drainage Holes, Lightweight Design for Easy Movement, Ideal for Outdoor Vegetables, Flowers, Patio Planters, Outdoor Garden Planters",1729476753213199712,$15.28,TERRO Ant Killer Bait Stations T300 - Liquid Bait to Eliminate Ants - Bait System - 6 Count Stations for Effective Indoor Ant Control,1732388753953820977,$7.89
thejaydonwalker,Sports & Outdoor,$130.37,Shoes,$59.99,"JRing Full-Face Diving Mask for Adults, Diving Gear with Detachable Action Camera Mount, 180° Panoramic View, Anti-Fog, Anti-Leak, Adjustable Straps Snorkeling Set for Men and Women",1731483862721467037,$108.45,"【SohoChic】NORTIV 8 Men's Tactical Work & Safety Footwear - Plain Leather Upper, Breathable Fabric, Abrasion-Resistant, Non-Slip, Round Toe, Lace & Zipper Closure - Midnight Shoes for Work, Camping, Fishing (father, tiktokshopspringglowup, summerwins)",1730583533399347597,$59.99,"G GRADUAL Men's Classic Chino Pants - Soft Stretchy, Quick-Dry, 4-Pocket, Belt Loops, Plain, Casual Fit Slacks with 30""/32""/34"" Inseams for Outdoors, Work Travel Occasions",1731757375996728017,$34.99,"Arttodo Folding Butterfly Golf Divot Tool with Bottle Opener - Compact, Durable, Stylish Golf Gadget, Ideal Gift for Golfers, Golf Gadgets",1731078909335605313,$21.92,"Complete Cover Easy Tab Opener New and Improved 6PK Beverage Barricade 2.0 by Avant Grub. Colorful Drink Can Protector Cap for Soda, Beer, Coke Shields From Bugs, Bees, Dust at the Party, BBQ, Beach",1731107547271762606,$7.99
themagicalmillennial_,Womenswear & Underwear,"$11,127.07",Phones & Electronics,"$5,365.80","Pick Your Poison 2 Sides Comfort Colors Shirt, Retro Halloween Shirt, Vintage Oh Right That Poison, Llama Poison For Kuzco, Spooky Season Gift",1731753706520482549,"$9,509.52","MINISO x Disney Mickey  French Square Bag - Women's Cute Mini Crossbody Shoulder Handbag for Daily Outfits, Travel, Back To School, Crossbody Bags For Women, Casual Wear, Messenger Bag Women",1732424487396020814,"$4,351.82","MAGIC JOHN Screen Protector 2 Pack for iPhone, Samsung, Google Smartphones & Cellphones - Clear, Privacy Protective, Fingerprint Resistant, Dustproof, Bubble-Free Installation Design, Smartphone, Tempered,back to school,back to school haul",1731240700630176089,"$2,386.92","【Magnetic Power Bank】Anker 5,000mAh Magnetic Power Bank, Wireless Portable Charger with Foldable Stand & Side USB-C Port, Battery Pack for iPhone 17/16/15/14/13#DealsForYouDays sohochic",1729386204817625168,"$1,012.78","NEEWER NL48B Magnetic MagSafe Selfie LED Ring Light for iPhone/Android Smartphones, Portable Vlogging Equipment with Mirror, Stand, USB Rechargeable, Adjustable, Camera-Compatible Mobile Accessories for Content Creators",1731099434999845429,$815.72
thenursethattoks,Health,$833.97,Beauty & Personal Care,$399.49,"Liposomal Glutathione Capsules – Skin Glow, Immune & Detox Support (60 Count) - Rosabella",1732307596354622214,$513.30,"FLYBIRD Series HA1 Compact Glutes Exercise Machine - Sturdy Steel Base Home Gym Lower Body Trainer, Hip Abductor & Adductor Exercise Equipment with 6 Adjustable Resistance Bands, Dual Foot Bar, Dual Modes, Up to 108LBS Resistance",1732311459558298397,$394.64,"2 x Rosabella Moringa Capsules (800mg) for Immune Support, Gut Health & Vitamins",1729464033034539782,$231.14,"HAPPY CURVES Comfort Powder: Talc Free Anti Chafe Body & Foot Dusting Powder Deodorant to Control Inner Thigh Chafing, and Private Areas(Pack of 1)",1729662049108267787,$224.43,"[Madeca Derma] 5 pcs of Elastic Firming Microbiome Ampoules, Postbiotics, Korean pharmaceutical skincare, Anti-aging, wrinkle treatment, age defying serum, skin barrier care, collagen peptides",1729694401097667159,$175.06
theraysfinds,Beauty & Personal Care,"$1,798.32",,,tarte colored clay CC undereye corrector,1729734769623929788,"$1,495.26",tarte baked & buttered duo - shape tape concealer & 2-in-1 cream & powder blush,1732204592239645628,$169.08,"M3 Naturals Anti-Cellulite & Skin-Tightening Body Oil Kit (8 fl oz) - Lightweight, Gentle Beauty Products with Lemon/Eucalyptus Scent, Lymphatic Drainage Massager, Fascia Blaster, Muscle Roller for Contoured Skin (Light Not Sticky) #TikTokShopSummerSale",1731962083853505300,$61.99,tarte Big Stick Energy duo – shape tape concealer stick & brush,1730956811325510588,$26.00,tarte shape tape dab & go hair concealer,1732404473502667708,$26.00
therestadfam,Baby & Maternity,"$4,696.84",Luggage & Bags,"$2,360.71",Fashion Kids Girls Summer Clothes Sets Plaids Fly Sleeve Shirts Tops Cow Ruffles Denim Skirts Headband Outfits,1731302138323178276,"$4,576.29",Smart Luggage Tags (Navy 2-Pack) | Keeps Personal info Private With Durable Privacy QR Code | Use with Away GPS Bag Locator & Air Tag | Android or iOS,1729743237228630042,"$1,546.60",【Creator’s Pick】Halara UltraSculpt High Waisted Tummy Control Pocket Shaping Training Leggings #BackToSchool,1729406821413261604,"$1,349.61",NFL Bi-Fold Wallet,1731080588508959687,$800.07,"BIG ELEPHANT Potty Training Underwear for Toddlers, 100% Cotton Washable Reusable Training Pants, Light Absorbency for Daytime Potty Learning, Not Diapers, Boys and Girls,sohochic",1729569671740888020,$439.86
thesleevedchick,Pet Supplies,$59.42,,,"Fresh Patch Real Grass Standard (24"" x 16"")",1729385806810747091,$59.42,,,,,,,,,,,,
thetonilacross,Beauty & Personal Care,"$16,525.38",Health,"$4,491.77","INIA GLOW FLEX 1064nm Deep-NIR Red Light Therapy System, From Full-Body Panel to Wearable Wellness, Cordless Body Strap for Relief, Sleep & Full-Body Glow,Summer Beauty Gift Ideas,back to school,back to school haul,sohochic",1732295446335164690,"$10,679.16","BODYHEALTH PerfectAmino Fitness & Gym Powder - Essential Amino Acids for Muscle Recovery (6x Whey Protein Power), Vegan, Allergen-Free (Gluten, Dairy, Soy, MSG), Sugar-Free, Skin Care Collagen Supplement (6 Flavors Including Vanilla)",1731349100249977343,"$3,217.55","INIA CURVIFY EMS Booty Lift Shorts - Multi-Mode EMS Microcurrent, Glutes Sculpting, Pelvic Floor Support, Visible Results in 2-4 Wks, Ems Microcurr.,back to school,back to school haul,sohochic",1729479457563251986,"$2,729.49","BODYHEALTH Perfect Amino Tablets - Essential Amino Acids & BCAAs Muscle Recovery Protein Without Caloric - Vegan, No Gluten, Dairy, Soy, Sugar Supplement, Optimum Protein Health & Fitness Healthcare Dietary, Protein Powder, Gym, Collagen",1731353675811295743,"$1,101.00","INIA SPHERA At-Home RF & LED Anti-Aging Facial Device – Lift, Tighten & Sculpt with EMS Microcurrent, Red Light Therapy, Electroporation & Cryo Cooling for Firm, Glowing Skin, Back to school, Back to school haul",1732456911683097112,$871.74
thisblondieee,Textiles & Soft Furnishings,"$4,142.74",Womenswear & Underwear,$195.07,"Bedsure 100% Rayon Derived from Bamboo Cooling Sheets 3-Piece Set, Breathable Weave Keeps Nights Airy, 16"" Deep Pocket, Silky Soft, Hotel Style Bedding, Tumble Dry Safe, 1-Step Set for Quick Bed Refresh",1731367134008480341,"$2,776.60","2-Pcs Decorative Soft Chenille Throw Pillow Covers, Solid Neutral Farmhouse Textured Cushion Covers for Couch, Sofa, Bedroom and Living Room",1732385776730870191,$966.35,"Bedsure 3 Pieces Cute Floral Bedding Reversible Comforter Set -Soft  Bed Set, 1 Soft Botanical Flowers Comforter and 2 Pillow Shams Gifts,sohochic",1729496950140408405,$154.66,Comfrt | Luna Lounge PJ Set | Long Sleeve Soft Matching Pajamas,1731835362753483651,$120.99,Comfrt | Signature Fit Sweatpants | Buttery Soft Everyday Jogger Sweatpants Athleisure Style Bottoms,1729390439985746819,$74.08
thrivewithlolita,Beauty & Personal Care,$171.34,Health,$134.24,"4pcs Vintage Glass Coffee Mugs Set - 14oz Embossed Overnight Oats Containers with Bamboo Lids & Spoons, Women's Gift, Cute Coffee Bar Kitchenware Accessories for Tea, Latte, Glasses,sohochic",1732507123636015335,$113.18,"Skin Boost Plus Beauty Supplement - Collagen, Peptides for Hair, Nails Wellness Support",1731992167243682706,$83.20,"Wonderskin WONDER BLADING Lip Stain Masque – Long-Lasting, Waterproof, Transfer-Proof Lip Stain with Hydrating Vegan Formula for Soft, No-Fade Lips",1729407540442862434,$74.95,Sparkle Wellness Advanced 4-in-1 Boost Multi-Collagen Powder with VERISOL FORTIBONE FORTIGEL & TENDOFORTE for Skin Hair Bone Joint Health,1732256530422272914,$51.04,"Fly By Jing Chili Crisp Trio – Premium Chili Sauces – Original, Sweet + Spicy & Xtra Crunchy Flavors – Vegan & Non-GMO, 3-Pack",1729388738890601082,$44.66
tikitytokexpress,Beauty & Personal Care,$210.30,Home Supplies,$162.23,"5oz Crystal Plastic Dessert Cups with Lids & Spoons - Disposable Square Parfait Cups for Mousse, Tiramisu, Pudding, Party & Catering eco-friendly Individual Dessert Cups Transparent Cups Plastic Cups Set Ice Cream Cups Disposable",1729492625946415307,$133.25,"Grandma Chocolate & Vanilla Snack Variety Pack - Pack of 24 Chocolate Chip, Brownie Chip and Mini Chocolate & Vanilla Sandwich Creams",1729598323506451290,$119.69,"Katie Limited-Edition Maquillaje Chrome Shimmer Gloss Set - 25pcs Blind Box with Acne-Prone Sensitive-Friendly Eyeshadow Palette (Soft Silver,Rose,Sweet Pink),Eyeliner,Lip Makeup Set,Color Correction - Ideal Black Friday,Valentine's Day Gifts for Women",1732160734452617784,$106.08,"Katie's Limited Edition Chrome Shimmer Silver Rose Mixed Cosmetic Set - 25 Beginner-Friendly Beauty Products, Glossy Eye Shadow Palette, Lip Glosses, Eyeliner Pens, Sensitive & Acne Prone Safe, Pink Gift Box, Black Friday Pick, Gifts for Mature Women",1732149394387538488,$104.22,PowderPops Cotton Candy Gusher Bursts 6OZ - Sweet Viral Cotton Candy-Coated Fruit Snack Gummies,1729857671209915041,$38.29
tonya.wellness.np,Beauty & Personal Care,$107.56,Womenswear & Underwear,$71.98,PRETTYGARDEN Women's Pink Hooded Sweatshirt Long Sleeve Half Zip Cropped Pullover with Zipper & Stitching Detail for Winter Fashion,1731127170601750895,$71.98,"10% Glycolic Acid Treatment Tonic - Gentle Anti-Acne Soothing Exfoliant for Adults' Dry Skin, Cleansing, Hydrating, Hyperpigmentation & Pore Improvement, Oil Control Skin Care Products with Vitamin C (Single Item) Skin Repair, 10% Aha Cell Turn, Retinol,",1729431788859658844,$28.50,REMEDY Copper Peptide Complex Advanced Firming Serum,1732482657895420886,$28.49,REMEDY Dark Circle Reducing Advanced Eye Cream,1732271031437202390,$22.83,Sungboon Editor - Deep Collagen NIACIN-VITA C Brightening Mask (Single) Hydrating Moisturize,1729554519307686672,$18.94
torineu04,Beauty & Personal Care,"$3,188.27",Pet Supplies,"$1,779.63","CATPICK Interactive cat toys for indoor cats—automatic feather toy that flutters like a bird, USB-rechargeable electric cat teaser with a suction cup base, 360° rotating cat toy, and smart, sensor-activated self-play puzzle toys designed for bored cats",1731871756732240238,"$1,696.67","TYMO ROVY COMPACT - 1-Inch Deep Wave Hair Crimper and Curling Wand, Negative-Ionic Ceramic Styling Tool for Smooth Hollywood and Mermaid Waves, Dual Voltage, Lightweight, Anti-Frizz, Travel Friendly,dorm essentials,toolupgrade",1729442199827812830,"$1,534.30",PRAVANA Intense Therapy Leave-In 10oz: Hydrating Mist,1730059716675736327,$562.09,Oil Sucker Liquid Blotting Paper Spray,1732372572393083703,$374.45,"I DEW CARE Korean Instant Volumizing Dry Shampoo Powder l Tap Secret | Benzene-free, Non-aerosol, Natural, Made with Black Ginseng and Biotin for Haircare,  Comfort, Cleansing, Cleanser, Voluminous",1729441786522341812,$308.96
torivofficial,Menswear & Underwear,$115.98,,,Big Bad Wolf Hoodie,1731272430086164647,$59.99,Looneez Hoodie,1730799033973444775,$55.99,,,,,,,,,
trinity.blair,Beauty & Personal Care,"$3,578.69",Womenswear & Underwear,$557.07,"Wavytalk Bare It IPL Hair Removal with Ice Cooling, 3 Modes & 24J Dual-Pulse for Salon-Level Results on Face, Body & Bikini, Painless & Precise",1729531973032121205,$721.94,"LADYSPOT Women's Electric Intimate Hair Removal Shaver - 180° Rotatable Flexible Ergonomic Head, Built-in Light & Mirror, 2-in-1 Trim & Shave, IPX7 Waterproof Wet Dry, Rechargeable Battery, Smooth Shave for Legs Underarms, Dorm Essential Back to School",1732436942825230936,$603.61,SBEAUTI 1oz Strapless Bra Push up Sticky bra Seamless Strapless Backless Sweat proof glue Ligher fabric adhesive Cleavage Bra Invisible Bra for Date Night Party Wedding dress,1731141931395616870,$557.07,The Balance Bundle - Feminine Hygiene Self Care Products,1729405553725182854,$448.00,"Dr.Leo Drying Lotion 20ml | Acne Treatment | Shrinks Pimples in 24H & Fades Marks in 7 Days | 1.8% Encapsulated Salicylic Acid, 4% Niacinamide & 10% Sulfur #SohoChic",1730976893467791979,$396.34
trixietracks,Health,$140.21,Beauty & Personal Care,$109.36,"Horbäach Liquid Chlorophyll Drops - 2 oz - Vegan, Non-GMO, and Gluten Free Formula - Natural Peppermint Flavor",1730928849486975148,$140.21,Salt.Xo pH-Balancing Intimate Wash - Gentle and Soothing Cleanser for Women - Mint,1729553361634365641,$44.20,"NeilMed Piercing Aftercare XL Fine Mist Spray, 6.3oz (177ml) Sterile Saline Cleanser - Alcohol-Free, Vegan, Sensitive Skin Soothing Moisturizer for All Skin Types (Beauty & Personal Care, Tattoo Aftercare)",1731018219702685802,$44.01,"Cheeky Bonsai pH-Balance Intimate Wash Liquid - Cleansing Daily Care for Sensitive Skin, Odor Control, Feminine Full Body Wash for Sensitive Areas, 7 FL OZ",1731030966339604985,$21.15,,,
ttsdani25,Household Appliances,$355.00,Toys & Hobbies,$39.30,AquaTru Carafe Home Water Filter,1729560031752655812,$355.00,"JOYIN Oddly Satisfying Slow Rising Butter Stick Squishies Toy - Pocket Stress Relief Soft Squishy Companion, Hygienic Sensory Fidget Toy for Neurodivergent Individuals, 1/Regular/Jumbo Options, Birthday Gifts",1732431670690288465,$39.30,,,,,,,,,
ugcwithbrii,Womenswear & Underwear,"$29,024.59",Beauty & Personal Care,"$13,687.13",CHICME Built-in Bra Tank Top Ribbed Racerback Tops Women Going Out Tops Everyday Basic Tanks Padded Tops,1729484235456352758,"$9,976.57",Bur Bur Mermaid Brush - Essential Brush with Ethically Sourced Bristles & Natural Rubber Cushion for Medium to Thick Hair,1729964731527696782,"$6,655.80","Topyangs 2-Pack Stainless Steel Cat Litter Box, Extra Large Non-Stick Rust-Proof Metal Tray with High Sides Splash Guard, Leak Proof, Easy Cleanup for Multi-Cat Households,sohochic",1731999342311543122,"$4,971.45",Bur Bur Mermaid Bundle Featuring Growing Season Hair & Scalp Treatment and Your Choice of Mermaid Brush - Essential Boar Bristle or Wet Detangling Brush,1729964781015241102,"$4,761.91",LUCKMEEY Womens Strapless Front Closure Bra Push Up Lift Bra Padded Add Cup Non Slip  Anti-Slip Grip & Removable Straps Fit Outfits Wireless Supportive  Seamless Comfortable,1732282937141662165,"$3,886.45"
vanessaanaya30,Womenswear & Underwear,"$71,182.95",Sports & Outdoor,"$16,390.02",Unlined Plunge Scoop Bra Lace Trim Balconette Sexy Underwire Demi Bras Deep V,1731992992760893731,"$16,907.19","YEOREO Women's Halter Neck Longline Sports Bra - Buttery Soft Padded Exercise Fitness Bra, Backless Strappy Tank Top, Yoga Cami, Clothes for Women, Halter Tops (Summer Finds, Travel Essentials)",1732405592203432921,"$10,377.87",SCUSTY Women’s Lightweight Fleece Pullover Jacket Cropped Fall Winter Fuzzy Sherpa Jacket Sweatshirt Coat with Pockets,1729630973397078259,"$5,908.28","Ommig Women's Oversized Game Day Hoodie Casual Long‑Sleeve Half‑Zip Pullover with Sequin Football Print Kangaroo Pocket,sohochic",1729575721713504826,"$5,111.91",Inbarely Soft Single-Layer Basic Long Sleeve Shirts See Through Breathable Wear Casual Sporty Shirt,1731641065545634032,"$4,220.41"
victoriaperciballi,Luggage & Bags,$74.37,Womenswear & Underwear,$65.98,"Women's Solid Color Credit Card Holder, Fashionable Small PU Leather Wallet, Casual All-Match Commuter Card Bag for Work & Daily Use, Great Gift for Girlfriend, Card Slot, Card Storage",1729434155173187651,$74.37,Nellie Mini Dress Black Polka Dot,1729444126711321189,$65.98,"Miss Mouth's Messy Eater Stain Treater Spray - Fast Acting Greasy Cleaning Spray, Heavy Duty Cleaner, All-Purpose Stain Treat & Odor Eliminator, Home Cleaning Products for Newborn Essentials, Laundry, Underwear & Fabric",1732306344375128248,$20.10,,,,,,
vitulls,Baby & Maternity,"$1,433.39",Pet Supplies,$628.84,"Baby wipes, Momcozy wipes - oversized, cleansing and moisturizing children's wipes, baby products, products for girls and boys, unscented baby wipes, portable maternal and child gifts, safe baby wipes",1729406715603031015,"$1,036.37",Comfrt | Signature Paw Hoodie | Durable Leash Opening Matching Pet Hoodie,1729541391824229251,$568.34,"Aowos Modern Fluted Sideboard, Sideboard Cabinet, Wooden Dresser for Bedroom with 2 Wide Drawers, Entryway Table, 55"" Buffet Cabinet with 2 Adjustable Shelves, Storage Cabinet for Dining Room, Entryway, Kitchen",1730708967161893218,$240.98,"Momcozy KleanPal Pro Baby Bottle Washer, Sterilizer & Dryer with 300 Detergent Tablets - All-in-One Cleaning Machine for Bottles, Pump Parts & Baby Essentials",1729598425179198439,$199.99,"Littley introductory sample pack | 2oz pacifier & teether cleaner, hand cleanser, toy & surface cleaner spray | baby essentials 3-pack Nursery Newborn",1731031647887463380,$197.03
wesleyrbarker,Womenswear & Underwear,"$21,041.52",Beauty & Personal Care,"$1,019.55",BOOMBA Demi Boost - Patented Sticky Inserts For demi-cup styled clothing - Outfit enhancer,1729451016473711531,"$5,741.43",CAKES Body Cleavage Bra™ - Seamless Sculpting Bra with Silicone Cups for Full Cleavage Reusable Matte Finish Ideal for Strapless & Backless Tops Womenswear Basic,1732022163491426879,"$2,428.43","Summerwins Women's Fitted Plain Ruffle Goth High-Low Side Tie Skirt - Hand Wash, Goth Clothes, Ruffle Skirts, Steampunk Victorian Pirate Costume Bottoms, Valentines Day Cosplay, Alt Formal Wear 6388-D1",1730895192270607226,"$2,151.03",BOOMBA Micro Lift Adhesive Inserts - Patented Sticky Inserts,1729451071793173419,"$1,171.56",FallSweet Add Two Cups Bras Brassiere for Women Wireless Push Up Padded Comfort Womenswear,1729442758414537510,"$1,051.91"
whatlololikes,Womenswear & Underwear,"$204,944.71",Shoes,"$37,568.28",PrettyGarden Women's Oversized Cardigan Sweater Fall Long Lantern Sleeve Knit Open Front Lightweight Sweater Knitwear Tops,1731208195967717743,"$40,634.62","Sidefeel Women's Open Front Herringbone Cardigan Sweaters | Soft Chunky Knit, Long Sleeve Colorblock Cardigans, Oversized Sweater Coat with Pockets, 2026 Fall Outfits, Casual Daily Wear",1731722440011059468,"$19,054.94","Coutgo Women's Faux Leather Lightweight Ballet Flats - Square Toe Bow Mules, Slip-On Slides for Business Office Wear, Womens, Footwear, Rubber, Fabric, Ankle, Basic, Plain, Shoes, Pull-On, Casual,back to school,back to school haul,sohochic",1732472194908065859,"$7,828.02","Fisoew Retro Color Block Stripe Sweater, Crew Neck Oversized Balloon Long Sleeve Loose Casual Pullover Top Matching Jeans Pants Fall Winter Casual Layering Top",1732509969320547160,"$6,140.50",SCUSTY Women Fall Winter Wool Blend Camel Mid-Long Coat Notch Double-Breasted Lapel Jacket Outwear SohoChic,1729610943386980595,"$5,925.34"
withlove.willo,Food & Beverages,"$1,192.57",,,"Farmer Hydrate - Electrolytes Made From Real Fruit, French Salt, & Organic Coconut Water",1731884296251281946,"$1,074.81",Farmer Hydrate Single Serve Variety Pack,1732413914727354906,$86.26,Farmer Protein Powder Variety Pack - 4 Flavor and 3 Flavor Option,1731206203283247642,$31.50,,,,,,
yourpassportpal,Luggage & Bags,"$8,957.67",Jewelry Accessories & Derivatives,"$8,791.09",CEFIRO Uluh Bag with Guard - Mediem - Stylish Handbag with Gold Hardware and Adjustable Strap for Everyday Use,1732354352924102675,"$5,269.60",The Barb Wire Choker Danielle Guizio X The M Jewelers,1732377057880544126,"$4,905.46",Lug Classic Zip Accessory Stand & Storage - Slumber,1732476764390724551,"$3,766.83","Aelfric Eden Hotfix Rhinestone Star Zip Up Hoodie Vintage Washed Hoodies Streetwear Hooded Sweatshirts Jackets Unisex zip up hoodie,sohochic",1731332436521488994,"$2,799.77",The Barbwire Bundle,1732377745348858750,"$1,790.54"