Creator,Suggested Product 1,Product ID 1,Total GMV 1,Suggested Product 2,Product ID 2,Total GMV 2,Suggested Product 3,Product ID 3,Total GMV 3,Suggested Product 4,Product ID 4,Total GMV 4,Suggested Product 5,Product ID 5,Total GMV 5
_alanacalvs,OEAK Womens Jelly Bras Wireless Comfortable Soft Push Up Bralettes Seamless Tshirts Bras Deep V Everyday Bras,1729714461980332262,"$191,872.11",DOBREVA Women's Unlined Balconette Bra No Padded Underwire Supportive Plus Size Smooth Scoop Neck,1731395246467027235,"$148,723.26",Eleplus 3 Pieces Lightly Lined Wireless Bras for Women Comfy Plunge T Shirt Bra Pack Style Womenswear for Everyday & Bridal Events #SummerVibes,1731831726131155211,"$131,374.80",Unlined Plunge Scoop Bra Lace Trim Balconette Sexy Underwire Demi Bras Deep V,1731992992760893731,"$127,033.33",PrettyGarden Women's Oversized Cardigan Sweater Fall Long Lantern Sleeve Knit Open Front Lightweight Sweater Knitwear Tops,1731208195967717743,"$115,034.24"
_karina.michelle,"Bella Vita Luxury's Honey Oud | Eau de Parfum 100ml (3.4 fl oz) | Patchouli, Vanilla, Bergamot | Floral & Spicy | Made with Clean & Vegan Essentials Oils | Cruelty Free Fragrance Perfume",1729413742968869814,"$127,242.82","INIA CURVIFY EMS Booty Lift Fitness Shorts - Female Sports Fitness Shapewear for Women, Multi-Mode EMS Microcurrent, Glutes Sculpting, Pelvic Floor Support, Visible Results in 2-4 Wks",1729479457563251986,"$57,802.24","[Dr.Melaxin Official] Zero-Fit Korean Pimple Patch Duo, 144 Patches (72 x 2) | S-ZINC Blemish Spot Patch + MELA-C·E Dark Spot Patch | Ultra-Thin Invisible Micro Patches, Pre-Makeup Fit | Korean Skincare",1732544791635398683,"$46,950.78",Bur Bur Mermaid Brush - Essential Brush with Ethically Sourced Bristles & Natural Rubber Cushion for Medium to Thick Hair,1729964731527696782,"$33,977.55",tarte timeless hydrating foundation & serum foundation brush - full coverage serum foundation + FREE brush,1732289079425471420,"$33,447.26"
ababyandabulldog,OEAK Womens Jelly Bras Wireless Comfortable Soft Push Up Bralettes Seamless Tshirts Bras Deep V Everyday Bras,1729714461980332262,"$191,872.11",DOBREVA Women's Unlined Balconette Bra No Padded Underwire Supportive Plus Size Smooth Scoop Neck,1731395246467027235,"$148,723.26",Halara One Shoulder Long Sleeve Thumb Hole Curved Hem High Low Quick Dry Yoga Sports Top-Built-in Bra,1731918375289458980,"$140,526.94",Eleplus 3 Pieces Lightly Lined Wireless Bras for Women Comfy Plunge T Shirt Bra Pack Style Womenswear for Everyday & Bridal Events #SummerVibes,1731831726131155211,"$131,374.80",Unlined Plunge Scoop Bra Lace Trim Balconette Sexy Underwire Demi Bras Deep V,1731992992760893731,"$127,033.33"
actinglikeimputtogether,To-Go Buddy - Universal Cup Insulator for to-go cups - Keeps Drinks Hot Cold 12+ Hours - Vacuum Insulated Tumbler,1729430518270038922,"$62,011.27",Ninja NeverQuit 3-Piece Fry Pan Ceramic Cookware Set - CQ13000,1729536009518879829,"$41,654.28","Universal Buddy - Fits 12oz Cans, Slim Cans, 12oz Bottles, 16oz Cans | Coffee Cup - Double Wall Insulated Drinkware",1729430519776777098,"$37,358.50",Frostbuddy Fall Collection,1732414112211899274,"$23,733.10",Frost Buddy Halloween,1732471007461348234,"$18,602.84"
alexagiacinto,Pacsun Men's Subliminal Racing Full Zip Hoodie,1729612734629450394,"$12,075.05",Aelfric Eden Hotfix Rhinestone Star Zip Up Hoodie Vintage Washed Hoodies Streetwear Hooded Sweatshirts Jackets Unisex zip up hoodie,1731332436521488994,"$6,104.96",Rhinestone Glitter Unisex Spring Oversized Hoodies Sparkly Long Sleeve Shirts Party Hooded Sweatshirts Tops,1731540039073370424,"$4,774.55","Aelfric Eden Men's High-Waist Panel Cotton Black Athleisure Style Sweatpants - Oversized Wide-Leg Barrel, Star Patch, Studded Stripe, Loose Drape Baggy Casual Sporty Streetwear Clothing Bottoms",1732263852263248482,"$4,181.79",Cody James Men's Men&#039;S Pioneer Wash Wyatt Slim Bootcut Stretch Denim Jeans - Cjsu23j83-Ltw,1730596356971991270,"$2,883.48"
alexandracaste,"BUILT Bar Puff Protein Bar, Pumpkin Cookie Chunk, Protein Packed Snack, Collagen, 160 calories, Not Gluten Free, 12 Count Box",1731834460486013170,"$21,038.35",JASGOOD Women Wide Chunky Belt for Dresses Fashion Thick Suede Belt with Gold Buckle,1732071333641097693,"$18,407.54",GOO GOO Hair Extensions Seamless Clip in Human Hair Extensions Natural Straight Hair #sohochic #tiktokshopstockup#TikTokShopFallDealsForYou,1729397696606998963,"$15,131.16",PASCAL Timeless Classic Diamond Watch for Women & Men 31mm & 36mm with White Lab-Grown Diamonds Swiss Ronda 763 Quartz Movement Stainless Steel Bracelet Everyday Luxury Gift,1732063642461639260,"$14,745.35",The Barb Wire Choker Danielle Guizio X The M Jewelers,1732377057880544126,"$10,579.97"
aliciamariecacho,OEAK Womens Jelly Bras Wireless Comfortable Soft Push Up Bralettes Seamless Tshirts Bras Deep V Everyday Bras,1729714461980332262,"$191,872.11",DOBREVA Women's Unlined Balconette Bra No Padded Underwire Supportive Plus Size Smooth Scoop Neck,1731395246467027235,"$148,723.26",Eleplus 3 Pieces Lightly Lined Wireless Bras for Women Comfy Plunge T Shirt Bra Pack Style Womenswear for Everyday & Bridal Events #SummerVibes,1731831726131155211,"$131,374.80",Unlined Plunge Scoop Bra Lace Trim Balconette Sexy Underwire Demi Bras Deep V,1731992992760893731,"$127,033.33",PrettyGarden Women's Oversized Cardigan Sweater Fall Long Lantern Sleeve Knit Open Front Lightweight Sweater Knitwear Tops,1731208195967717743,"$115,034.24"
alisammarie,"Bella Vita Luxury's Honey Oud | Eau de Parfum 100ml (3.4 fl oz) | Patchouli, Vanilla, Bergamot | Floral & Spicy | Made with Clean & Vegan Essentials Oils | Cruelty Free Fragrance Perfume",1729413742968869814,"$127,242.82",tarte easy skin duo - CC tinted serum + creaseless SPF 30 on-the-go powder,1732422500087993276,"$89,844.51",SEPHORA COLLECTION Advent Calendar,1732675476143248315,"$89,586.95","Medium Firm Hybrid Memory Foam Mattress - 8/10/12/14 in Twin, Full, Queen, King Sizes, Lumbar Support, Ergonomic Design, for Home Rooms, Hotels, Boxed Furniture Gift, Memory Foam Mattresses, Queen Size Mattress,dorm essentials,home decor",1730092261582738160,"$69,222.51",The Lip Butter Balm Minis,1732656228199928566,"$64,775.26"
allthings_andrea,OEAK Womens Jelly Bras Wireless Comfortable Soft Push Up Bralettes Seamless Tshirts Bras Deep V Everyday Bras,1729714461980332262,"$191,872.11",DOBREVA Women's Unlined Balconette Bra No Padded Underwire Supportive Plus Size Smooth Scoop Neck,1731395246467027235,"$148,723.26",Eleplus 3 Pieces Lightly Lined Wireless Bras for Women Comfy Plunge T Shirt Bra Pack Style Womenswear for Everyday & Bridal Events #SummerVibes,1731831726131155211,"$131,374.80",Unlined Plunge Scoop Bra Lace Trim Balconette Sexy Underwire Demi Bras Deep V,1731992992760893731,"$127,033.33",PrettyGarden Women's Oversized Cardigan Sweater Fall Long Lantern Sleeve Knit Open Front Lightweight Sweater Knitwear Tops,1731208195967717743,"$115,034.24"
alykate97,OEAK Womens Jelly Bras Wireless Comfortable Soft Push Up Bralettes Seamless Tshirts Bras Deep V Everyday Bras,1729714461980332262,"$191,872.11",DOBREVA Women's Unlined Balconette Bra No Padded Underwire Supportive Plus Size Smooth Scoop Neck,1731395246467027235,"$148,723.26",Eleplus 3 Pieces Lightly Lined Wireless Bras for Women Comfy Plunge T Shirt Bra Pack Style Womenswear for Everyday & Bridal Events #SummerVibes,1731831726131155211,"$131,374.80",Unlined Plunge Scoop Bra Lace Trim Balconette Sexy Underwire Demi Bras Deep V,1731992992760893731,"$127,033.33",PrettyGarden Women's Oversized Cardigan Sweater Fall Long Lantern Sleeve Knit Open Front Lightweight Sweater Knitwear Tops,1731208195967717743,"$115,034.24"
amanda_hadzimichalis,OEAK Womens Jelly Bras Wireless Comfortable Soft Push Up Bralettes Seamless Tshirts Bras Deep V Everyday Bras,1729714461980332262,"$191,872.11",DOBREVA Women's Unlined Balconette Bra No Padded Underwire Supportive Plus Size Smooth Scoop Neck,1731395246467027235,"$148,723.26",Halara One Shoulder Long Sleeve Thumb Hole Curved Hem High Low Quick Dry Yoga Sports Top-Built-in Bra,1731918375289458980,"$140,526.94",Eleplus 3 Pieces Lightly Lined Wireless Bras for Women Comfy Plunge T Shirt Bra Pack Style Womenswear for Everyday & Bridal Events #SummerVibes,1731831726131155211,"$131,374.80",Unlined Plunge Scoop Bra Lace Trim Balconette Sexy Underwire Demi Bras Deep V,1731992992760893731,"$127,033.33"
amanda_pac,OEAK Womens Jelly Bras Wireless Comfortable Soft Push Up Bralettes Seamless Tshirts Bras Deep V Everyday Bras,1729714461980332262,"$191,872.11",DOBREVA Women's Unlined Balconette Bra No Padded Underwire Supportive Plus Size Smooth Scoop Neck,1731395246467027235,"$148,723.26",Eleplus 3 Pieces Lightly Lined Wireless Bras for Women Comfy Plunge T Shirt Bra Pack Style Womenswear for Everyday & Bridal Events #SummerVibes,1731831726131155211,"$131,374.80",Unlined Plunge Scoop Bra Lace Trim Balconette Sexy Underwire Demi Bras Deep V,1731992992760893731,"$127,033.33",PrettyGarden Women's Oversized Cardigan Sweater Fall Long Lantern Sleeve Knit Open Front Lightweight Sweater Knitwear Tops,1731208195967717743,"$115,034.24"
amandaaaapac,"Bella Vita Luxury's Honey Oud | Eau de Parfum 100ml (3.4 fl oz) | Patchouli, Vanilla, Bergamot | Floral & Spicy | Made with Clean & Vegan Essentials Oils | Cruelty Free Fragrance Perfume",1729413742968869814,"$127,242.82",tarte easy skin duo - CC tinted serum + creaseless SPF 30 on-the-go powder,1732422500087993276,"$89,844.51",SEPHORA COLLECTION Advent Calendar,1732675476143248315,"$89,586.95",The Lip Butter Balm Minis,1732656228199928566,"$64,775.26","INIA CURVIFY EMS Booty Lift Fitness Shorts - Female Sports Fitness Shapewear for Women, Multi-Mode EMS Microcurrent, Glutes Sculpting, Pelvic Floor Support, Visible Results in 2-4 Wks",1729479457563251986,"$57,802.24"
amandaathome1,To-Go Buddy - Universal Cup Insulator for to-go cups - Keeps Drinks Hot Cold 12+ Hours - Vacuum Insulated Tumbler,1729430518270038922,"$62,011.27",Ninja NeverQuit 3-Piece Fry Pan Ceramic Cookware Set - CQ13000,1729536009518879829,"$41,654.28","Universal Buddy - Fits 12oz Cans, Slim Cans, 12oz Bottles, 16oz Cans | Coffee Cup - Double Wall Insulated Drinkware",1729430519776777098,"$37,358.50",Frostbuddy Fall Collection,1732414112211899274,"$23,733.10",Frost Buddy Halloween,1732471007461348234,"$18,602.84"
amandaburbank131,Halara One Shoulder Long Sleeve Thumb Hole Curved Hem High Low Quick Dry Yoga Sports Top-Built-in Bra,1731918375289458980,"$140,526.94","Bella Vita Luxury's Honey Oud | Eau de Parfum 100ml (3.4 fl oz) | Patchouli, Vanilla, Bergamot | Floral & Spicy | Made with Clean & Vegan Essentials Oils | Cruelty Free Fragrance Perfume",1729413742968869814,"$127,242.82",tarte easy skin duo - CC tinted serum + creaseless SPF 30 on-the-go powder,1732422500087993276,"$89,844.51",SEPHORA COLLECTION Advent Calendar,1732675476143248315,"$89,586.95",The Lip Butter Balm Minis,1732656228199928566,"$64,775.26"
amy.e.schmidt,OEAK Womens Jelly Bras Wireless Comfortable Soft Push Up Bralettes Seamless Tshirts Bras Deep V Everyday Bras,1729714461980332262,"$191,872.11",DOBREVA Women's Unlined Balconette Bra No Padded Underwire Supportive Plus Size Smooth Scoop Neck,1731395246467027235,"$148,723.26",Eleplus 3 Pieces Lightly Lined Wireless Bras for Women Comfy Plunge T Shirt Bra Pack Style Womenswear for Everyday & Bridal Events #SummerVibes,1731831726131155211,"$131,374.80",Unlined Plunge Scoop Bra Lace Trim Balconette Sexy Underwire Demi Bras Deep V,1731992992760893731,"$127,033.33",LUCKMEEY Women High Waisted Seamless Shapewear Shorts Tummy Control Butt Lift Faja Body Shaper Breathable Slimming High Waist Shaping Shorts with Built-in Crotch Invisible Fit for Everyday Wear#sohochic,1730652584168165420,"$101,261.83"
anastasiya_ray,OEAK Womens Jelly Bras Wireless Comfortable Soft Push Up Bralettes Seamless Tshirts Bras Deep V Everyday Bras,1729714461980332262,"$191,872.11",DOBREVA Women's Unlined Balconette Bra No Padded Underwire Supportive Plus Size Smooth Scoop Neck,1731395246467027235,"$148,723.26",Eleplus 3 Pieces Lightly Lined Wireless Bras for Women Comfy Plunge T Shirt Bra Pack Style Womenswear for Everyday & Bridal Events #SummerVibes,1731831726131155211,"$131,374.80",Unlined Plunge Scoop Bra Lace Trim Balconette Sexy Underwire Demi Bras Deep V,1731992992760893731,"$127,033.33",PrettyGarden Women's Oversized Cardigan Sweater Fall Long Lantern Sleeve Knit Open Front Lightweight Sweater Knitwear Tops,1731208195967717743,"$115,034.24"
andrea_costanzo,OEAK Womens Jelly Bras Wireless Comfortable Soft Push Up Bralettes Seamless Tshirts Bras Deep V Everyday Bras,1729714461980332262,"$191,872.11",DOBREVA Women's Unlined Balconette Bra No Padded Underwire Supportive Plus Size Smooth Scoop Neck,1731395246467027235,"$148,723.26",Halara One Shoulder Long Sleeve Thumb Hole Curved Hem High Low Quick Dry Yoga Sports Top-Built-in Bra,1731918375289458980,"$140,526.94",Eleplus 3 Pieces Lightly Lined Wireless Bras for Women Comfy Plunge T Shirt Bra Pack Style Womenswear for Everyday & Bridal Events #SummerVibes,1731831726131155211,"$131,374.80",Unlined Plunge Scoop Bra Lace Trim Balconette Sexy Underwire Demi Bras Deep V,1731992992760893731,"$127,033.33"
andthatsthelipton,OEAK Womens Jelly Bras Wireless Comfortable Soft Push Up Bralettes Seamless Tshirts Bras Deep V Everyday Bras,1729714461980332262,"$191,872.11",DOBREVA Women's Unlined Balconette Bra No Padded Underwire Supportive Plus Size Smooth Scoop Neck,1731395246467027235,"$148,723.26",Eleplus 3 Pieces Lightly Lined Wireless Bras for Women Comfy Plunge T Shirt Bra Pack Style Womenswear for Everyday & Bridal Events #SummerVibes,1731831726131155211,"$131,374.80",LUCKMEEY Women High Waisted Seamless Shapewear Shorts Tummy Control Butt Lift Faja Body Shaper Breathable Slimming High Waist Shaping Shorts with Built-in Crotch Invisible Fit for Everyday Wear#sohochic,1730652584168165420,"$101,261.83","THE OFFICIAL MAGIC LEGGINGS - Original Fleece Lined Tights - Plus Size Women's Clothing, Body Slimming Compression Band, 1-Seam Option, Closed Foot, XXS-3XL, 4 Shades, Light-Brown Fur Fleece, Cold Wash, Viralproducts",1729406693411230691,"$96,215.66"
angela.456789,"【2026 Newly Upgraded】Trucozie T350 Rechargeable Cordless Vacuums, 8-in-1 Lightweight Upright Floor Cleaning Vacuums with 2 Bonus HEPA Filters, 2-in-1 Brush, Hands-Free Design, 45-Min Runtime, 33 kPa Suction, Housewarming Gift for Hardwood Floors, Pet Hair",1729406319708377732,"$80,131.51","JLab JBuds Lux ANC Wireless Bluetooth Noise Cancelling Headphones with Mics, Adjustable Over-Ear Design, Custom EQ, Be Aware Safety Mode, Foldable, Wired Charging Cable, Compatible with iPhone/Android Devices (Tools and Gadgets, Mens Gifts)",1729430076387136161,"$19,300.54","Xtra Muse Vlogging Camera Recorder - 1'' CMOS 4K/120fps Digital Camera, 3-Axis Handheld Stabilizer, Fast Focusing, Face/Object Tracking, Micro SD Compatible, Pocket Video Camcorder for Content Creators, Pocket Camera",1731831763391320673,"$17,457.51",SHOKZ OpenRun Pro 2 Bone Conduction Bluetooth Sport Headphones；DualPitch premium sound；Open ear awareness; Smart Mic; IP55; 12H battery; Running/Cycling/Hiking,1729658353063203418,"$14,708.89","【2026 New Arrivals】Trucozie T550 Cordless Vacuum Cleaner, 40kPa Powerful Suction Smart Stick Vacuum with 50 Mins Runtime, 8-in-1 Lightweight Handheld/Upright Vacuum for Hardwood Floor, Carpet, Pet Hair & Car, Cordless Handheld Vacuum, Home Cleaning Tool",1731578192195392132,"$14,259.91"
angelacallisto123,DOBREVA Women's Unlined Balconette Bra No Padded Underwire Supportive Plus Size Smooth Scoop Neck,1731395246467027235,"$148,723.26",Eleplus 3 Pieces Lightly Lined Wireless Bras for Women Comfy Plunge T Shirt Bra Pack Style Womenswear for Everyday & Bridal Events #SummerVibes,1731831726131155211,"$131,374.80",Unlined Plunge Scoop Bra Lace Trim Balconette Sexy Underwire Demi Bras Deep V,1731992992760893731,"$127,033.33",LUCKMEEY Women High Waisted Seamless Shapewear Shorts Tummy Control Butt Lift Faja Body Shaper Breathable Slimming High Waist Shaping Shorts with Built-in Crotch Invisible Fit for Everyday Wear#sohochic,1730652584168165420,"$101,261.83","THE OFFICIAL MAGIC LEGGINGS - Original Fleece Lined Tights - Plus Size Women's Clothing, Body Slimming Compression Band, 1-Seam Option, Closed Foot, XXS-3XL, 4 Shades, Light-Brown Fur Fleece, Cold Wash, Viralproducts",1729406693411230691,"$96,215.66"
annaslivka2,OEAK Womens Jelly Bras Wireless Comfortable Soft Push Up Bralettes Seamless Tshirts Bras Deep V Everyday Bras,1729714461980332262,"$191,872.11",DOBREVA Women's Unlined Balconette Bra No Padded Underwire Supportive Plus Size Smooth Scoop Neck,1731395246467027235,"$148,723.26",Eleplus 3 Pieces Lightly Lined Wireless Bras for Women Comfy Plunge T Shirt Bra Pack Style Womenswear for Everyday & Bridal Events #SummerVibes,1731831726131155211,"$131,374.80",Unlined Plunge Scoop Bra Lace Trim Balconette Sexy Underwire Demi Bras Deep V,1731992992760893731,"$127,033.33",PrettyGarden Women's Oversized Cardigan Sweater Fall Long Lantern Sleeve Knit Open Front Lightweight Sweater Knitwear Tops,1731208195967717743,"$115,034.24"
aricandchristy,To-Go Buddy - Universal Cup Insulator for to-go cups - Keeps Drinks Hot Cold 12+ Hours - Vacuum Insulated Tumbler,1729430518270038922,"$62,011.27",Ninja NeverQuit 3-Piece Fry Pan Ceramic Cookware Set - CQ13000,1729536009518879829,"$41,654.28","Universal Buddy - Fits 12oz Cans, Slim Cans, 12oz Bottles, 16oz Cans | Coffee Cup - Double Wall Insulated Drinkware",1729430519776777098,"$37,358.50",Frostbuddy Fall Collection,1732414112211899274,"$23,733.10",Frost Buddy Halloween,1732471007461348234,"$18,602.84"
arsy_vartanian,"Bella Vita Luxury's Honey Oud | Eau de Parfum 100ml (3.4 fl oz) | Patchouli, Vanilla, Bergamot | Floral & Spicy | Made with Clean & Vegan Essentials Oils | Cruelty Free Fragrance Perfume",1729413742968869814,"$127,242.82",tarte easy skin duo - CC tinted serum + creaseless SPF 30 on-the-go powder,1732422500087993276,"$89,844.51",SEPHORA COLLECTION Advent Calendar,1732675476143248315,"$89,586.95","Women's Striped/rhombus/leaf/dot Cloud Handbag, Clip Closure Crossbody Bag, Lightweight Foldable for Daily Use, Gifts for Friends and Valentine's Day",1732227985172828427,"$75,069.67","INIA CURVIFY EMS Booty Lift Fitness Shorts - Female Sports Fitness Shapewear for Women, Multi-Mode EMS Microcurrent, Glutes Sculpting, Pelvic Floor Support, Visible Results in 2-4 Wks",1729479457563251986,"$57,802.24"
ashleyinfl,OEAK Womens Jelly Bras Wireless Comfortable Soft Push Up Bralettes Seamless Tshirts Bras Deep V Everyday Bras,1729714461980332262,"$191,872.11",DOBREVA Women's Unlined Balconette Bra No Padded Underwire Supportive Plus Size Smooth Scoop Neck,1731395246467027235,"$148,723.26",Eleplus 3 Pieces Lightly Lined Wireless Bras for Women Comfy Plunge T Shirt Bra Pack Style Womenswear for Everyday & Bridal Events #SummerVibes,1731831726131155211,"$131,374.80",Unlined Plunge Scoop Bra Lace Trim Balconette Sexy Underwire Demi Bras Deep V,1731992992760893731,"$127,033.33",PrettyGarden Women's Oversized Cardigan Sweater Fall Long Lantern Sleeve Knit Open Front Lightweight Sweater Knitwear Tops,1731208195967717743,"$115,034.24"
ashleyorganic,Dr. Scholl's Women's Joplin Fashion Boot,1731896531264573800,"$77,474.95","Women's Striped/rhombus/leaf/dot Cloud Handbag, Clip Closure Crossbody Bag, Lightweight Foldable for Daily Use, Gifts for Friends and Valentine's Day",1732227985172828427,"$75,069.67","EVELLYHOOTD Women's Sohochic Leopard Print Genuine Suede Leather Loafers - Mule Flats Clogs, Slip-On Casual Shoes with Arch Support for Casual Walks, Gifts for Women",1732171696888648231,"$48,403.58","Dr. Scholl's Women's Joplin Low Fashion Boot - Shoes for Women, Casual Minimalist Square Toe Design, Comfortable Block Heel, Leather & Smooth Faux Leather Construction, Footwear Fashion with Recycled Parts",1732469048422666600,"$35,779.93",Project Cloud Women's Suede Clogs Shoe | Walking Shoes Footwear | Plush Soft Insole Arch Support Lightweight Non-Slip – Foamy,1731581876213092920,"$20,762.02"
ashleyorganicedits,"Bella Vita Luxury's Honey Oud | Eau de Parfum 100ml (3.4 fl oz) | Patchouli, Vanilla, Bergamot | Floral & Spicy | Made with Clean & Vegan Essentials Oils | Cruelty Free Fragrance Perfume",1729413742968869814,"$127,242.82",tarte easy skin duo - CC tinted serum + creaseless SPF 30 on-the-go powder,1732422500087993276,"$89,844.51",SEPHORA COLLECTION Advent Calendar,1732675476143248315,"$89,586.95",The Lip Butter Balm Minis,1732656228199928566,"$64,775.26","INIA CURVIFY EMS Booty Lift Fitness Shorts - Female Sports Fitness Shapewear for Women, Multi-Mode EMS Microcurrent, Glutes Sculpting, Pelvic Floor Support, Visible Results in 2-4 Wks",1729479457563251986,"$57,802.24"
avas.fav.finds,OEAK Womens Jelly Bras Wireless Comfortable Soft Push Up Bralettes Seamless Tshirts Bras Deep V Everyday Bras,1729714461980332262,"$191,872.11",DOBREVA Women's Unlined Balconette Bra No Padded Underwire Supportive Plus Size Smooth Scoop Neck,1731395246467027235,"$148,723.26",Eleplus 3 Pieces Lightly Lined Wireless Bras for Women Comfy Plunge T Shirt Bra Pack Style Womenswear for Everyday & Bridal Events #SummerVibes,1731831726131155211,"$131,374.80","Bella Vita Luxury's Honey Oud | Eau de Parfum 100ml (3.4 fl oz) | Patchouli, Vanilla, Bergamot | Floral & Spicy | Made with Clean & Vegan Essentials Oils | Cruelty Free Fragrance Perfume",1729413742968869814,"$127,242.82",Unlined Plunge Scoop Bra Lace Trim Balconette Sexy Underwire Demi Bras Deep V,1731992992760893731,"$127,033.33"
ayeitsanju,"Women's Striped/rhombus/leaf/dot Cloud Handbag, Clip Closure Crossbody Bag, Lightweight Foldable for Daily Use, Gifts for Friends and Valentine's Day",1732227985172828427,"$75,069.67","Bears with Benefits Biotin Gummies for Hair Growth, Skin & Nails –  5000 mcg Biotin + Vitamins C & E + Zinc - 30 Gummies - Vegan Wild Berry Flavor - 1 Month Supply",1730755223971074070,"$23,956.69",Kelce Brown Football Clear Bag,1731463315645960563,"$19,706.48",Cefiro Urban Envelope Bag Large - Stylish Urban Envelope Crossbody Bag Vegan Leather with Gold Hardware and Detachable Strap for Everyday Use,1732080603864469523,"$17,921.03","LOVEVOOK Colorblock Carry-On Travel Backpack with 3 Packing Cubes and Laptop Compartment - Personal Item,TSA-Friendly, Travel Essentials, Airline Approved Travel Bag for Hiking, Weekend, TikTokShopBackToSchool",1729417326447727282,"$15,590.51"
backnjennaup,"Bella Vita Luxury's Honey Oud | Eau de Parfum 100ml (3.4 fl oz) | Patchouli, Vanilla, Bergamot | Floral & Spicy | Made with Clean & Vegan Essentials Oils | Cruelty Free Fragrance Perfume",1729413742968869814,"$127,242.82",tarte easy skin duo - CC tinted serum + creaseless SPF 30 on-the-go powder,1732422500087993276,"$89,844.51",SEPHORA COLLECTION Advent Calendar,1732675476143248315,"$89,586.95","Medium Firm Hybrid Memory Foam Mattress - 8/10/12/14 in Twin, Full, Queen, King Sizes, Lumbar Support, Ergonomic Design, for Home Rooms, Hotels, Boxed Furniture Gift, Memory Foam Mattresses, Queen Size Mattress,dorm essentials,home decor",1730092261582738160,"$69,222.51",The Lip Butter Balm Minis,1732656228199928566,"$64,775.26"
baileyyoliverr,OEAK Womens Jelly Bras Wireless Comfortable Soft Push Up Bralettes Seamless Tshirts Bras Deep V Everyday Bras,1729714461980332262,"$191,872.11",DOBREVA Women's Unlined Balconette Bra No Padded Underwire Supportive Plus Size Smooth Scoop Neck,1731395246467027235,"$148,723.26",Halara One Shoulder Long Sleeve Thumb Hole Curved Hem High Low Quick Dry Yoga Sports Top-Built-in Bra,1731918375289458980,"$140,526.94",Eleplus 3 Pieces Lightly Lined Wireless Bras for Women Comfy Plunge T Shirt Bra Pack Style Womenswear for Everyday & Bridal Events #SummerVibes,1731831726131155211,"$131,374.80",Unlined Plunge Scoop Bra Lace Trim Balconette Sexy Underwire Demi Bras Deep V,1731992992760893731,"$127,033.33"
beautybestiefaves,To-Go Buddy - Universal Cup Insulator for to-go cups - Keeps Drinks Hot Cold 12+ Hours - Vacuum Insulated Tumbler,1729430518270038922,"$62,011.27",Ninja NeverQuit 3-Piece Fry Pan Ceramic Cookware Set - CQ13000,1729536009518879829,"$41,654.28","Universal Buddy - Fits 12oz Cans, Slim Cans, 12oz Bottles, 16oz Cans | Coffee Cup - Double Wall Insulated Drinkware",1729430519776777098,"$37,358.50",Frostbuddy Fall Collection,1732414112211899274,"$23,733.10","Women’s Soft PU Leather 2-Piece Classic Checkered Makeup Bag Set - Durable Reinforced Stitch Makeup Pouch, Lipstick Organizer, Bathroom Countertop Storage, Christmas Gift for Travel Use",1729474518842119875,"$19,293.15"
becsreview,"Bella Vita Luxury's Honey Oud | Eau de Parfum 100ml (3.4 fl oz) | Patchouli, Vanilla, Bergamot | Floral & Spicy | Made with Clean & Vegan Essentials Oils | Cruelty Free Fragrance Perfume",1729413742968869814,"$127,242.82",tarte easy skin duo - CC tinted serum + creaseless SPF 30 on-the-go powder,1732422500087993276,"$89,844.51",SEPHORA COLLECTION Advent Calendar,1732675476143248315,"$89,586.95","Medium Firm Hybrid Memory Foam Mattress - 8/10/12/14 in Twin, Full, Queen, King Sizes, Lumbar Support, Ergonomic Design, for Home Rooms, Hotels, Boxed Furniture Gift, Memory Foam Mattresses, Queen Size Mattress,dorm essentials,home decor",1730092261582738160,"$69,222.51",The Lip Butter Balm Minis,1732656228199928566,"$64,775.26"
bestiebriitt,"Bella Vita Luxury's Honey Oud | Eau de Parfum 100ml (3.4 fl oz) | Patchouli, Vanilla, Bergamot | Floral & Spicy | Made with Clean & Vegan Essentials Oils | Cruelty Free Fragrance Perfume",1729413742968869814,"$127,242.82",tarte easy skin duo - CC tinted serum + creaseless SPF 30 on-the-go powder,1732422500087993276,"$89,844.51",SEPHORA COLLECTION Advent Calendar,1732675476143248315,"$89,586.95",The Lip Butter Balm Minis,1732656228199928566,"$64,775.26","INIA CURVIFY EMS Booty Lift Fitness Shorts - Female Sports Fitness Shapewear for Women, Multi-Mode EMS Microcurrent, Glutes Sculpting, Pelvic Floor Support, Visible Results in 2-4 Wks",1729479457563251986,"$57,802.24"
bkewwwl1507,"Bella Vita Luxury's Honey Oud | Eau de Parfum 100ml (3.4 fl oz) | Patchouli, Vanilla, Bergamot | Floral & Spicy | Made with Clean & Vegan Essentials Oils | Cruelty Free Fragrance Perfume",1729413742968869814,"$127,242.82",SEPHORA COLLECTION Advent Calendar,1732675476143248315,"$89,586.95",The Lip Butter Balm Minis,1732656228199928566,"$64,775.26","INIA CURVIFY EMS Booty Lift Fitness Shorts - Female Sports Fitness Shapewear for Women, Multi-Mode EMS Microcurrent, Glutes Sculpting, Pelvic Floor Support, Visible Results in 2-4 Wks",1729479457563251986,"$57,802.24","[Dr.Melaxin Official] Zero-Fit Korean Pimple Patch Duo, 144 Patches (72 x 2) | S-ZINC Blemish Spot Patch + MELA-C·E Dark Spot Patch | Ultra-Thin Invisible Micro Patches, Pre-Makeup Fit | Korean Skincare",1732544791635398683,"$46,950.78"
brandie1234,OEAK Womens Jelly Bras Wireless Comfortable Soft Push Up Bralettes Seamless Tshirts Bras Deep V Everyday Bras,1729714461980332262,"$191,872.11",DOBREVA Women's Unlined Balconette Bra No Padded Underwire Supportive Plus Size Smooth Scoop Neck,1731395246467027235,"$148,723.26",Eleplus 3 Pieces Lightly Lined Wireless Bras for Women Comfy Plunge T Shirt Bra Pack Style Womenswear for Everyday & Bridal Events #SummerVibes,1731831726131155211,"$131,374.80",Unlined Plunge Scoop Bra Lace Trim Balconette Sexy Underwire Demi Bras Deep V,1731992992760893731,"$127,033.33",LUCKMEEY Women High Waisted Seamless Shapewear Shorts Tummy Control Butt Lift Faja Body Shaper Breathable Slimming High Waist Shaping Shorts with Built-in Crotch Invisible Fit for Everyday Wear#sohochic,1730652584168165420,"$101,261.83"
brandienicole27,OEAK Womens Jelly Bras Wireless Comfortable Soft Push Up Bralettes Seamless Tshirts Bras Deep V Everyday Bras,1729714461980332262,"$191,872.11",DOBREVA Women's Unlined Balconette Bra No Padded Underwire Supportive Plus Size Smooth Scoop Neck,1731395246467027235,"$148,723.26",Eleplus 3 Pieces Lightly Lined Wireless Bras for Women Comfy Plunge T Shirt Bra Pack Style Womenswear for Everyday & Bridal Events #SummerVibes,1731831726131155211,"$131,374.80","Bella Vita Luxury's Honey Oud | Eau de Parfum 100ml (3.4 fl oz) | Patchouli, Vanilla, Bergamot | Floral & Spicy | Made with Clean & Vegan Essentials Oils | Cruelty Free Fragrance Perfume",1729413742968869814,"$127,242.82",Unlined Plunge Scoop Bra Lace Trim Balconette Sexy Underwire Demi Bras Deep V,1731992992760893731,"$127,033.33"
brando23454,"Topyangs 2-Pack Stainless Steel Cat Litter Box, Extra Large Non-Stick Rust-Proof Metal Tray with High Sides Splash Guard, Leak Proof, Easy Cleanup for Multi-Cat Households",1731999342311543122,"$11,952.83","DEBAOBULB Rechargeable Emergency LED Light Bulb - E26 Plug-in Fit, 120V, 9W (60W Equivalent), 6000K Daylight, 1200mAh Battery, Hook, Energy-Saving, Multiple Brightness, 1W 110lm Low Mode, for Home Power Outage, Safety Tools, Household Items, Home Goods",1730264570695685026,"$10,933.39","12pcs Rechargeable USB-C LED Flameless Tealight Candle with Remote Control, Charging Station, Timer for Halloween, Christmas Indoor Home Table Glass Jars or Candle Holders, Candles",1731889181560639922,"$9,763.34",Comfrt Paws | Camo Hoodie | Soft Matching Camo Pet Hoodie,1730274052968649603,"$8,640.13",VASAIKO 6-in-1 Portable Indoor Environment Monitor with Temperature & Humidity Monitoring Plug-and-Play Design High-Definition Display Accurate Alerts Ideal for Kitchen Garage RVs Apartments sohochic,1732022410216050952,"$8,485.93"
brehyah,Back To School！KUKIHO Wireless Lavalier Microphone for iPhone iPad Android With Charging Case Audio Smartphone Audio Smartphone,1729588735736517619,"$19,957.34",JASGOOD Women Wide Chunky Belt for Dresses Fashion Thick Suede Belt with Gold Buckle,1732071333641097693,"$18,407.54","Xtra Muse Vlogging Camera Recorder - 1'' CMOS 4K/120fps Digital Camera, 3-Axis Handheld Stabilizer, Fast Focusing, Face/Object Tracking, Micro SD Compatible, Pocket Video Camcorder for Content Creators, Pocket Camera",1731831763391320673,"$17,457.51",GOO GOO Hair Extensions Seamless Clip in Human Hair Extensions Natural Straight Hair #sohochic #tiktokshopstockup#TikTokShopFallDealsForYou,1729397696606998963,"$15,131.16",PASCAL Timeless Classic Diamond Watch for Women & Men 31mm & 36mm with White Lab-Grown Diamonds Swiss Ronda 763 Quartz Movement Stainless Steel Bracelet Everyday Luxury Gift,1732063642461639260,"$14,745.35"
bretthayes24,Dr. Scholl's Women's Joplin Fashion Boot,1731896531264573800,"$77,474.95","EVELLYHOOTD Women's Sohochic Leopard Print Genuine Suede Leather Loafers - Mule Flats Clogs, Slip-On Casual Shoes with Arch Support for Casual Walks, Gifts for Women",1732171696888648231,"$48,403.58","Dr. Scholl's Women's Joplin Low Fashion Boot - Shoes for Women, Casual Minimalist Square Toe Design, Comfortable Block Heel, Leather & Smooth Faux Leather Construction, Footwear Fashion with Recycled Parts",1732469048422666600,"$35,779.93",Vince Camuto Adjustable Slingback Pumps - Thanya,1732491617205392327,"$28,243.23",Project Cloud Women's Suede Clogs Shoe | Walking Shoes Footwear | Plush Soft Insole Arch Support Lightweight Non-Slip – Foamy,1731581876213092920,"$20,762.02"
brittany.fnp,"Skillmatics Peelies – Reusable Sticker Activity Book Mess-Free, 100+ Reusable Stickers, DIY Scrapbooking Kit for Toddlers & Preschoolers, Travel Toy, Gifts for Ages 3 to 7",1732148327640896289,"$18,379.88","Costzon Toddler Slide Rocking Toy with Basketball Hoop, Rocking Horse,  Foldable Climber Rocking slide playset for Both Indoors Outdoor Use, mothersdaygift",1729442692279013891,"$9,460.65","Egofuntoy Erasable Reusable Watercolor Pen Doodle Set for 1-4 Year Old Toddlers - Colorful Marker Pen, Drawing Art Supplies, Painting Supplies Kit, 12 Markers, 14-Page Unicorn Book, Car Travel Kids Toys Cool Gifts, Cool Gifts For Kids",1729476492327489974,"$6,967.21","Claire Monroe - Systematic Theology for Kids Softcover Book - 2026 Edition, English, Ages 6-9, Full Colour Illustrations, 88 Visual Concepts, NLT Bible Verses, Easy Explanations, Discussion Activities, Q&A Reflection Questions, Homeschool, Sunday School",1732273429270925737,"$4,559.61","Halloween Dumpling Stress Relief Toys, 1pcs/3pcs/6pcs/8pcs/12pcs with Steamer Storage Boxes,Slow‑rebound maltose squishy toys, ideal for Halloween party gifts, featuring grimace pumpkin and little devil designs，12pcs Mini Dumpling(5cm）",1732534855764971527,"$3,323.82"
brittanydejardo,OEAK Womens Jelly Bras Wireless Comfortable Soft Push Up Bralettes Seamless Tshirts Bras Deep V Everyday Bras,1729714461980332262,"$191,872.11",DOBREVA Women's Unlined Balconette Bra No Padded Underwire Supportive Plus Size Smooth Scoop Neck,1731395246467027235,"$148,723.26",Halara One Shoulder Long Sleeve Thumb Hole Curved Hem High Low Quick Dry Yoga Sports Top-Built-in Bra,1731918375289458980,"$140,526.94",Eleplus 3 Pieces Lightly Lined Wireless Bras for Women Comfy Plunge T Shirt Bra Pack Style Womenswear for Everyday & Bridal Events #SummerVibes,1731831726131155211,"$131,374.80",Unlined Plunge Scoop Bra Lace Trim Balconette Sexy Underwire Demi Bras Deep V,1731992992760893731,"$127,033.33"
brittnymarch,OEAK Womens Jelly Bras Wireless Comfortable Soft Push Up Bralettes Seamless Tshirts Bras Deep V Everyday Bras,1729714461980332262,"$191,872.11",Eleplus 3 Pieces Lightly Lined Wireless Bras for Women Comfy Plunge T Shirt Bra Pack Style Womenswear for Everyday & Bridal Events #SummerVibes,1731831726131155211,"$131,374.80","Bella Vita Luxury's Honey Oud | Eau de Parfum 100ml (3.4 fl oz) | Patchouli, Vanilla, Bergamot | Floral & Spicy | Made with Clean & Vegan Essentials Oils | Cruelty Free Fragrance Perfume",1729413742968869814,"$127,242.82",Unlined Plunge Scoop Bra Lace Trim Balconette Sexy Underwire Demi Bras Deep V,1731992992760893731,"$127,033.33",PrettyGarden Women's Oversized Cardigan Sweater Fall Long Lantern Sleeve Knit Open Front Lightweight Sweater Knitwear Tops,1731208195967717743,"$115,034.24"
bryttani_mingo,"Bella Vita Luxury's Honey Oud | Eau de Parfum 100ml (3.4 fl oz) | Patchouli, Vanilla, Bergamot | Floral & Spicy | Made with Clean & Vegan Essentials Oils | Cruelty Free Fragrance Perfume",1729413742968869814,"$127,242.82",tarte easy skin duo - CC tinted serum + creaseless SPF 30 on-the-go powder,1732422500087993276,"$89,844.51",SEPHORA COLLECTION Advent Calendar,1732675476143248315,"$89,586.95",The Lip Butter Balm Minis,1732656228199928566,"$64,775.26","INIA CURVIFY EMS Booty Lift Fitness Shorts - Female Sports Fitness Shapewear for Women, Multi-Mode EMS Microcurrent, Glutes Sculpting, Pelvic Floor Support, Visible Results in 2-4 Wks",1729479457563251986,"$57,802.24"
btbeautyx,"Bella Vita Luxury's Honey Oud | Eau de Parfum 100ml (3.4 fl oz) | Patchouli, Vanilla, Bergamot | Floral & Spicy | Made with Clean & Vegan Essentials Oils | Cruelty Free Fragrance Perfume",1729413742968869814,"$127,242.82",tarte easy skin duo - CC tinted serum + creaseless SPF 30 on-the-go powder,1732422500087993276,"$89,844.51",SEPHORA COLLECTION Advent Calendar,1732675476143248315,"$89,586.95","Medium Firm Hybrid Memory Foam Mattress - 8/10/12/14 in Twin, Full, Queen, King Sizes, Lumbar Support, Ergonomic Design, for Home Rooms, Hotels, Boxed Furniture Gift, Memory Foam Mattresses, Queen Size Mattress,dorm essentials,home decor",1730092261582738160,"$69,222.51",The Lip Butter Balm Minis,1732656228199928566,"$64,775.26"
by.bren2,OEAK Womens Jelly Bras Wireless Comfortable Soft Push Up Bralettes Seamless Tshirts Bras Deep V Everyday Bras,1729714461980332262,"$191,872.11",DOBREVA Women's Unlined Balconette Bra No Padded Underwire Supportive Plus Size Smooth Scoop Neck,1731395246467027235,"$148,723.26",Eleplus 3 Pieces Lightly Lined Wireless Bras for Women Comfy Plunge T Shirt Bra Pack Style Womenswear for Everyday & Bridal Events #SummerVibes,1731831726131155211,"$131,374.80",Unlined Plunge Scoop Bra Lace Trim Balconette Sexy Underwire Demi Bras Deep V,1731992992760893731,"$127,033.33",PrettyGarden Women's Oversized Cardigan Sweater Fall Long Lantern Sleeve Knit Open Front Lightweight Sweater Knitwear Tops,1731208195967717743,"$115,034.24"
calebrichhh,"Bella Vita Luxury's Honey Oud | Eau de Parfum 100ml (3.4 fl oz) | Patchouli, Vanilla, Bergamot | Floral & Spicy | Made with Clean & Vegan Essentials Oils | Cruelty Free Fragrance Perfume",1729413742968869814,"$127,242.82",tarte easy skin duo - CC tinted serum + creaseless SPF 30 on-the-go powder,1732422500087993276,"$89,844.51",SEPHORA COLLECTION Advent Calendar,1732675476143248315,"$89,586.95",The Lip Butter Balm Minis,1732656228199928566,"$64,775.26","INIA CURVIFY EMS Booty Lift Fitness Shorts - Female Sports Fitness Shapewear for Women, Multi-Mode EMS Microcurrent, Glutes Sculpting, Pelvic Floor Support, Visible Results in 2-4 Wks",1729479457563251986,"$57,802.24"
candidly.betsy,Halara One Shoulder Long Sleeve Thumb Hole Curved Hem High Low Quick Dry Yoga Sports Top-Built-in Bra,1731918375289458980,"$140,526.94",Halara DayStretch High Waisted Barrel Leg Casual Pants with Pockets,1732535906609173342,"$51,346.60",【Creator’s Pick】Halara UltraSculpt High Waisted Tummy Control Pocket Shaping Training Leggings,1729406821413261604,"$47,639.35",Halara UltraSculpt™ V-Shaped High Waisted Contrast Lace Yoga Flare Leggings with Pockets,1732311109215294302,"$44,155.29",Halara Flex DayStretch High Waisted Pocket Straight Leg Work Pants,1729535261465612580,"$42,537.14"
carlosesparza,OEAK Womens Jelly Bras Wireless Comfortable Soft Push Up Bralettes Seamless Tshirts Bras Deep V Everyday Bras,1729714461980332262,"$191,872.11",DOBREVA Women's Unlined Balconette Bra No Padded Underwire Supportive Plus Size Smooth Scoop Neck,1731395246467027235,"$148,723.26",Eleplus 3 Pieces Lightly Lined Wireless Bras for Women Comfy Plunge T Shirt Bra Pack Style Womenswear for Everyday & Bridal Events #SummerVibes,1731831726131155211,"$131,374.80",Unlined Plunge Scoop Bra Lace Trim Balconette Sexy Underwire Demi Bras Deep V,1731992992760893731,"$127,033.33",PrettyGarden Women's Oversized Cardigan Sweater Fall Long Lantern Sleeve Knit Open Front Lightweight Sweater Knitwear Tops,1731208195967717743,"$115,034.24"
carlymanninggg,"Bella Vita Luxury's Honey Oud | Eau de Parfum 100ml (3.4 fl oz) | Patchouli, Vanilla, Bergamot | Floral & Spicy | Made with Clean & Vegan Essentials Oils | Cruelty Free Fragrance Perfume",1729413742968869814,"$127,242.82",tarte easy skin duo - CC tinted serum + creaseless SPF 30 on-the-go powder,1732422500087993276,"$89,844.51",SEPHORA COLLECTION Advent Calendar,1732675476143248315,"$89,586.95",The Lip Butter Balm Minis,1732656228199928566,"$64,775.26","INIA CURVIFY EMS Booty Lift Fitness Shorts - Female Sports Fitness Shapewear for Women, Multi-Mode EMS Microcurrent, Glutes Sculpting, Pelvic Floor Support, Visible Results in 2-4 Wks",1729479457563251986,"$57,802.24"
caro_manning,"Bella Vita Luxury's Honey Oud | Eau de Parfum 100ml (3.4 fl oz) | Patchouli, Vanilla, Bergamot | Floral & Spicy | Made with Clean & Vegan Essentials Oils | Cruelty Free Fragrance Perfume",1729413742968869814,"$127,242.82",SEPHORA COLLECTION Advent Calendar,1732675476143248315,"$89,586.95",The Lip Butter Balm Minis,1732656228199928566,"$64,775.26","INIA CURVIFY EMS Booty Lift Fitness Shorts - Female Sports Fitness Shapewear for Women, Multi-Mode EMS Microcurrent, Glutes Sculpting, Pelvic Floor Support, Visible Results in 2-4 Wks",1729479457563251986,"$57,802.24","[Dr.Melaxin Official] Zero-Fit Korean Pimple Patch Duo, 144 Patches (72 x 2) | S-ZINC Blemish Spot Patch + MELA-C·E Dark Spot Patch | Ultra-Thin Invisible Micro Patches, Pre-Makeup Fit | Korean Skincare",1732544791635398683,"$46,950.78"
carringtonchronicles,"Bella Vita Luxury's Honey Oud | Eau de Parfum 100ml (3.4 fl oz) | Patchouli, Vanilla, Bergamot | Floral & Spicy | Made with Clean & Vegan Essentials Oils | Cruelty Free Fragrance Perfume",1729413742968869814,"$127,242.82",tarte easy skin duo - CC tinted serum + creaseless SPF 30 on-the-go powder,1732422500087993276,"$89,844.51",SEPHORA COLLECTION Advent Calendar,1732675476143248315,"$89,586.95",The Lip Butter Balm Minis,1732656228199928566,"$64,775.26","INIA CURVIFY EMS Booty Lift Fitness Shorts - Female Sports Fitness Shapewear for Women, Multi-Mode EMS Microcurrent, Glutes Sculpting, Pelvic Floor Support, Visible Results in 2-4 Wks",1729479457563251986,"$57,802.24"
cassycass00,Halara One Shoulder Long Sleeve Thumb Hole Curved Hem High Low Quick Dry Yoga Sports Top-Built-in Bra,1731918375289458980,"$140,526.94","Bella Vita Luxury's Honey Oud | Eau de Parfum 100ml (3.4 fl oz) | Patchouli, Vanilla, Bergamot | Floral & Spicy | Made with Clean & Vegan Essentials Oils | Cruelty Free Fragrance Perfume",1729413742968869814,"$127,242.82",SEPHORA COLLECTION Advent Calendar,1732675476143248315,"$89,586.95",The Lip Butter Balm Minis,1732656228199928566,"$64,775.26","INIA CURVIFY EMS Booty Lift Fitness Shorts - Female Sports Fitness Shapewear for Women, Multi-Mode EMS Microcurrent, Glutes Sculpting, Pelvic Floor Support, Visible Results in 2-4 Wks",1729479457563251986,"$57,802.24"
cassymedwards_,"Bella Vita Luxury's Honey Oud | Eau de Parfum 100ml (3.4 fl oz) | Patchouli, Vanilla, Bergamot | Floral & Spicy | Made with Clean & Vegan Essentials Oils | Cruelty Free Fragrance Perfume",1729413742968869814,"$127,242.82",tarte easy skin duo - CC tinted serum + creaseless SPF 30 on-the-go powder,1732422500087993276,"$89,844.51",SEPHORA COLLECTION Advent Calendar,1732675476143248315,"$89,586.95","INIA CURVIFY EMS Booty Lift Fitness Shorts - Female Sports Fitness Shapewear for Women, Multi-Mode EMS Microcurrent, Glutes Sculpting, Pelvic Floor Support, Visible Results in 2-4 Wks",1729479457563251986,"$57,802.24","[Dr.Melaxin Official] Zero-Fit Korean Pimple Patch Duo, 144 Patches (72 x 2) | S-ZINC Blemish Spot Patch + MELA-C·E Dark Spot Patch | Ultra-Thin Invisible Micro Patches, Pre-Makeup Fit | Korean Skincare",1732544791635398683,"$46,950.78"
cheerockafellaa,OEAK Womens Jelly Bras Wireless Comfortable Soft Push Up Bralettes Seamless Tshirts Bras Deep V Everyday Bras,1729714461980332262,"$191,872.11",DOBREVA Women's Unlined Balconette Bra No Padded Underwire Supportive Plus Size Smooth Scoop Neck,1731395246467027235,"$148,723.26",Eleplus 3 Pieces Lightly Lined Wireless Bras for Women Comfy Plunge T Shirt Bra Pack Style Womenswear for Everyday & Bridal Events #SummerVibes,1731831726131155211,"$131,374.80",Unlined Plunge Scoop Bra Lace Trim Balconette Sexy Underwire Demi Bras Deep V,1731992992760893731,"$127,033.33",PrettyGarden Women's Oversized Cardigan Sweater Fall Long Lantern Sleeve Knit Open Front Lightweight Sweater Knitwear Tops,1731208195967717743,"$115,034.24"
chelsleebmoney,"Bella Vita Luxury's Honey Oud | Eau de Parfum 100ml (3.4 fl oz) | Patchouli, Vanilla, Bergamot | Floral & Spicy | Made with Clean & Vegan Essentials Oils | Cruelty Free Fragrance Perfume",1729413742968869814,"$127,242.82",tarte easy skin duo - CC tinted serum + creaseless SPF 30 on-the-go powder,1732422500087993276,"$89,844.51",SEPHORA COLLECTION Advent Calendar,1732675476143248315,"$89,586.95",The Lip Butter Balm Minis,1732656228199928566,"$64,775.26","INIA CURVIFY EMS Booty Lift Fitness Shorts - Female Sports Fitness Shapewear for Women, Multi-Mode EMS Microcurrent, Glutes Sculpting, Pelvic Floor Support, Visible Results in 2-4 Wks",1729479457563251986,"$57,802.24"
christinaliddo,OEAK Womens Jelly Bras Wireless Comfortable Soft Push Up Bralettes Seamless Tshirts Bras Deep V Everyday Bras,1729714461980332262,"$191,872.11",DOBREVA Women's Unlined Balconette Bra No Padded Underwire Supportive Plus Size Smooth Scoop Neck,1731395246467027235,"$148,723.26",Eleplus 3 Pieces Lightly Lined Wireless Bras for Women Comfy Plunge T Shirt Bra Pack Style Womenswear for Everyday & Bridal Events #SummerVibes,1731831726131155211,"$131,374.80",Unlined Plunge Scoop Bra Lace Trim Balconette Sexy Underwire Demi Bras Deep V,1731992992760893731,"$127,033.33",PrettyGarden Women's Oversized Cardigan Sweater Fall Long Lantern Sleeve Knit Open Front Lightweight Sweater Knitwear Tops,1731208195967717743,"$115,034.24"
christylong40,"Bella Vita Luxury's Honey Oud | Eau de Parfum 100ml (3.4 fl oz) | Patchouli, Vanilla, Bergamot | Floral & Spicy | Made with Clean & Vegan Essentials Oils | Cruelty Free Fragrance Perfume",1729413742968869814,"$127,242.82",tarte easy skin duo - CC tinted serum + creaseless SPF 30 on-the-go powder,1732422500087993276,"$89,844.51",The Lip Butter Balm Minis,1732656228199928566,"$64,775.26","INIA CURVIFY EMS Booty Lift Fitness Shorts - Female Sports Fitness Shapewear for Women, Multi-Mode EMS Microcurrent, Glutes Sculpting, Pelvic Floor Support, Visible Results in 2-4 Wks",1729479457563251986,"$57,802.24","[Dr.Melaxin Official] Zero-Fit Korean Pimple Patch Duo, 144 Patches (72 x 2) | S-ZINC Blemish Spot Patch + MELA-C·E Dark Spot Patch | Ultra-Thin Invisible Micro Patches, Pre-Makeup Fit | Korean Skincare",1732544791635398683,"$46,950.78"
colleen_fusco,OEAK Womens Jelly Bras Wireless Comfortable Soft Push Up Bralettes Seamless Tshirts Bras Deep V Everyday Bras,1729714461980332262,"$191,872.11",DOBREVA Women's Unlined Balconette Bra No Padded Underwire Supportive Plus Size Smooth Scoop Neck,1731395246467027235,"$148,723.26",Eleplus 3 Pieces Lightly Lined Wireless Bras for Women Comfy Plunge T Shirt Bra Pack Style Womenswear for Everyday & Bridal Events #SummerVibes,1731831726131155211,"$131,374.80","Bella Vita Luxury's Honey Oud | Eau de Parfum 100ml (3.4 fl oz) | Patchouli, Vanilla, Bergamot | Floral & Spicy | Made with Clean & Vegan Essentials Oils | Cruelty Free Fragrance Perfume",1729413742968869814,"$127,242.82",Unlined Plunge Scoop Bra Lace Trim Balconette Sexy Underwire Demi Bras Deep V,1731992992760893731,"$127,033.33"
creatorsalley,"【2026 Newly Upgraded】Trucozie T350 Rechargeable Cordless Vacuums, 8-in-1 Lightweight Upright Floor Cleaning Vacuums with 2 Bonus HEPA Filters, 2-in-1 Brush, Hands-Free Design, 45-Min Runtime, 33 kPa Suction, Housewarming Gift for Hardwood Floors, Pet Hair",1729406319708377732,"$80,131.51","Medium Firm Hybrid Memory Foam Mattress - 8/10/12/14 in Twin, Full, Queen, King Sizes, Lumbar Support, Ergonomic Design, for Home Rooms, Hotels, Boxed Furniture Gift, Memory Foam Mattresses, Queen Size Mattress,dorm essentials,home decor",1730092261582738160,"$69,222.51","【Back to school】Dowinx Big and Tall Office Chair with Pocket Spring Cushion,High Back Computer Gaming Chairs with Linkage Armrests,Executive Desk Chairs with Footrest,PU Leather",1732199719185846685,"$22,703.28","【2026 New Arrivals】Trucozie T550 Cordless Vacuum Cleaner, 40kPa Powerful Suction Smart Stick Vacuum with 50 Mins Runtime, 8-in-1 Lightweight Handheld/Upright Vacuum for Hardwood Floor, Carpet, Pet Hair & Car, Cordless Handheld Vacuum, Home Cleaning Tool",1731578192195392132,"$14,259.91","SHA CERLIN Storage Bed Frame Modern Linen Upholstered Headboard Lift Up Storage Platform Bed Frame, Two Style Headboard, Heavy Duty Gas Lift Support, No Box Spring Needed,Wood Slats Support, Full Queen King Size, sohochic",1729537141726810464,"$10,029.14"
dakotamichaelwest,OEAK Womens Jelly Bras Wireless Comfortable Soft Push Up Bralettes Seamless Tshirts Bras Deep V Everyday Bras,1729714461980332262,"$191,872.11",DOBREVA Women's Unlined Balconette Bra No Padded Underwire Supportive Plus Size Smooth Scoop Neck,1731395246467027235,"$148,723.26",Eleplus 3 Pieces Lightly Lined Wireless Bras for Women Comfy Plunge T Shirt Bra Pack Style Womenswear for Everyday & Bridal Events #SummerVibes,1731831726131155211,"$131,374.80",Unlined Plunge Scoop Bra Lace Trim Balconette Sexy Underwire Demi Bras Deep V,1731992992760893731,"$127,033.33",PrettyGarden Women's Oversized Cardigan Sweater Fall Long Lantern Sleeve Knit Open Front Lightweight Sweater Knitwear Tops,1731208195967717743,"$115,034.24"
deniece0110,OEAK Womens Jelly Bras Wireless Comfortable Soft Push Up Bralettes Seamless Tshirts Bras Deep V Everyday Bras,1729714461980332262,"$191,872.11",DOBREVA Women's Unlined Balconette Bra No Padded Underwire Supportive Plus Size Smooth Scoop Neck,1731395246467027235,"$148,723.26",Eleplus 3 Pieces Lightly Lined Wireless Bras for Women Comfy Plunge T Shirt Bra Pack Style Womenswear for Everyday & Bridal Events #SummerVibes,1731831726131155211,"$131,374.80",Unlined Plunge Scoop Bra Lace Trim Balconette Sexy Underwire Demi Bras Deep V,1731992992760893731,"$127,033.33",LUCKMEEY Women High Waisted Seamless Shapewear Shorts Tummy Control Butt Lift Faja Body Shaper Breathable Slimming High Waist Shaping Shorts with Built-in Crotch Invisible Fit for Everyday Wear#sohochic,1730652584168165420,"$101,261.83"
diaryofamaterialgurl,OEAK Womens Jelly Bras Wireless Comfortable Soft Push Up Bralettes Seamless Tshirts Bras Deep V Everyday Bras,1729714461980332262,"$191,872.11",DOBREVA Women's Unlined Balconette Bra No Padded Underwire Supportive Plus Size Smooth Scoop Neck,1731395246467027235,"$148,723.26",Eleplus 3 Pieces Lightly Lined Wireless Bras for Women Comfy Plunge T Shirt Bra Pack Style Womenswear for Everyday & Bridal Events #SummerVibes,1731831726131155211,"$131,374.80","Bella Vita Luxury's Honey Oud | Eau de Parfum 100ml (3.4 fl oz) | Patchouli, Vanilla, Bergamot | Floral & Spicy | Made with Clean & Vegan Essentials Oils | Cruelty Free Fragrance Perfume",1729413742968869814,"$127,242.82",Unlined Plunge Scoop Bra Lace Trim Balconette Sexy Underwire Demi Bras Deep V,1731992992760893731,"$127,033.33"
digitaljinxy,tarte easy skin duo - CC tinted serum + creaseless SPF 30 on-the-go powder,1732422500087993276,"$89,844.51",The Lip Butter Balm Minis,1732656228199928566,"$64,775.26","INIA CURVIFY EMS Booty Lift Fitness Shorts - Female Sports Fitness Shapewear for Women, Multi-Mode EMS Microcurrent, Glutes Sculpting, Pelvic Floor Support, Visible Results in 2-4 Wks",1729479457563251986,"$57,802.24","[Dr.Melaxin Official] Zero-Fit Korean Pimple Patch Duo, 144 Patches (72 x 2) | S-ZINC Blemish Spot Patch + MELA-C·E Dark Spot Patch | Ultra-Thin Invisible Micro Patches, Pre-Makeup Fit | Korean Skincare",1732544791635398683,"$46,950.78",Bur Bur Mermaid Brush - Essential Brush with Ethically Sourced Bristles & Natural Rubber Cushion for Medium to Thick Hair,1729964731527696782,"$33,977.55"
dinakxoxo,OEAK Womens Jelly Bras Wireless Comfortable Soft Push Up Bralettes Seamless Tshirts Bras Deep V Everyday Bras,1729714461980332262,"$191,872.11",DOBREVA Women's Unlined Balconette Bra No Padded Underwire Supportive Plus Size Smooth Scoop Neck,1731395246467027235,"$148,723.26",Eleplus 3 Pieces Lightly Lined Wireless Bras for Women Comfy Plunge T Shirt Bra Pack Style Womenswear for Everyday & Bridal Events #SummerVibes,1731831726131155211,"$131,374.80",Unlined Plunge Scoop Bra Lace Trim Balconette Sexy Underwire Demi Bras Deep V,1731992992760893731,"$127,033.33",PrettyGarden Women's Oversized Cardigan Sweater Fall Long Lantern Sleeve Knit Open Front Lightweight Sweater Knitwear Tops,1731208195967717743,"$115,034.24"
ellencherry_,OEAK Womens Jelly Bras Wireless Comfortable Soft Push Up Bralettes Seamless Tshirts Bras Deep V Everyday Bras,1729714461980332262,"$191,872.11",DOBREVA Women's Unlined Balconette Bra No Padded Underwire Supportive Plus Size Smooth Scoop Neck,1731395246467027235,"$148,723.26",Eleplus 3 Pieces Lightly Lined Wireless Bras for Women Comfy Plunge T Shirt Bra Pack Style Womenswear for Everyday & Bridal Events #SummerVibes,1731831726131155211,"$131,374.80",Unlined Plunge Scoop Bra Lace Trim Balconette Sexy Underwire Demi Bras Deep V,1731992992760893731,"$127,033.33",PrettyGarden Women's Oversized Cardigan Sweater Fall Long Lantern Sleeve Knit Open Front Lightweight Sweater Knitwear Tops,1731208195967717743,"$115,034.24"
emileys.drafts,OEAK Womens Jelly Bras Wireless Comfortable Soft Push Up Bralettes Seamless Tshirts Bras Deep V Everyday Bras,1729714461980332262,"$191,872.11",DOBREVA Women's Unlined Balconette Bra No Padded Underwire Supportive Plus Size Smooth Scoop Neck,1731395246467027235,"$148,723.26",Eleplus 3 Pieces Lightly Lined Wireless Bras for Women Comfy Plunge T Shirt Bra Pack Style Womenswear for Everyday & Bridal Events #SummerVibes,1731831726131155211,"$131,374.80",Unlined Plunge Scoop Bra Lace Trim Balconette Sexy Underwire Demi Bras Deep V,1731992992760893731,"$127,033.33",PrettyGarden Women's Oversized Cardigan Sweater Fall Long Lantern Sleeve Knit Open Front Lightweight Sweater Knitwear Tops,1731208195967717743,"$115,034.24"
erika.marie.reyna,"Bella Vita Luxury's Honey Oud | Eau de Parfum 100ml (3.4 fl oz) | Patchouli, Vanilla, Bergamot | Floral & Spicy | Made with Clean & Vegan Essentials Oils | Cruelty Free Fragrance Perfume",1729413742968869814,"$127,242.82",tarte easy skin duo - CC tinted serum + creaseless SPF 30 on-the-go powder,1732422500087993276,"$89,844.51",SEPHORA COLLECTION Advent Calendar,1732675476143248315,"$89,586.95",The Lip Butter Balm Minis,1732656228199928566,"$64,775.26",To-Go Buddy - Universal Cup Insulator for to-go cups - Keeps Drinks Hot Cold 12+ Hours - Vacuum Insulated Tumbler,1729430518270038922,"$62,011.27"
errrcat,OEAK Womens Jelly Bras Wireless Comfortable Soft Push Up Bralettes Seamless Tshirts Bras Deep V Everyday Bras,1729714461980332262,"$191,872.11",DOBREVA Women's Unlined Balconette Bra No Padded Underwire Supportive Plus Size Smooth Scoop Neck,1731395246467027235,"$148,723.26",Eleplus 3 Pieces Lightly Lined Wireless Bras for Women Comfy Plunge T Shirt Bra Pack Style Womenswear for Everyday & Bridal Events #SummerVibes,1731831726131155211,"$131,374.80",Unlined Plunge Scoop Bra Lace Trim Balconette Sexy Underwire Demi Bras Deep V,1731992992760893731,"$127,033.33",PrettyGarden Women's Oversized Cardigan Sweater Fall Long Lantern Sleeve Knit Open Front Lightweight Sweater Knitwear Tops,1731208195967717743,"$115,034.24"
everydayaudur,"Comfrt | The Dreamer Blanket | Oversized, Cozy, Soft Warm Throw",1729931833196778371,"$68,224.59",Comfrt | Dream Cloud Pet Sofa Bed,1731648058898027395,"$14,542.41","【Fall Deals For You】WeCharmer 1000GSM Thick Bedding Mattress Topper, Queen/Twin XL Bed Accessories, Extra Thick Bamboo Down-Alternative Overfill, Cooling Cloud-Like Pillow Top, 360° Elastic Hold, 8-21In Deep Pocket for Back Pain Relief",1729457680158658805,"$11,615.89","Bedsure 100% Rayon Derived from Bamboo Cooling Sheets 3-Piece Set, Breathable Weave Keeps Nights Airy, 16"" Deep Pocket, Silky Soft, Hotel Style Bedding, Tumble Dry Safe, 1-Step Set for Quick Bed Refresh",1731367134008480341,"$7,141.66","4-in-1 Set Adorable Dinosaur-Astronaut Animal Themed Multicolor Mini Pens, 20/30/50Pcs Bulk Office Stationery, Back to School Supplies for Kids Ages 8+, Birthday Presents & Adorable Party Favors",1731220844494426246,"$6,669.53"
foodfashionfun12,"Bears with Benefits Biotin Gummies for Hair Growth, Skin & Nails –  5000 mcg Biotin + Vitamins C & E + Zinc - 30 Gummies - Vegan Wild Berry Flavor - 1 Month Supply",1730755223971074070,"$23,956.69","BUILT Bar Puff Protein Bar, Pumpkin Cookie Chunk, Protein Packed Snack, Collagen, 160 calories, Not Gluten Free, 12 Count Box",1731834460486013170,"$21,038.35",Iron Hammer Herbal Tea,1729412598545289712,"$5,554.05","BODYHEALTH PerfectAmino Fitness & Gym Powder - Essential Amino Acids for Muscle Recovery (6x Whey Protein Power), Vegan, Allergen-Free (Gluten, Dairy, Soy, MSG), Sugar-Free, Skin Care Collagen Supplement (6 Flavors Including Vanilla)",1731349100249977343,"$5,041.61","Arrae MB-1 | Natural Energy, Cholesterol, & Overall Health Support 20-Day Supply| Organic Nutrition Dietary Supplement Healthcare Vitamins Probiotic Blend Edible Fitness",1729560041868333693,"$4,742.47"
freekbass,"Skillmatics Peelies – Reusable Sticker Activity Book Mess-Free, 100+ Reusable Stickers, DIY Scrapbooking Kit for Toddlers & Preschoolers, Travel Toy, Gifts for Ages 3 to 7",1732148327640896289,"$18,379.88","Costzon Toddler Slide Rocking Toy with Basketball Hoop, Rocking Horse,  Foldable Climber Rocking slide playset for Both Indoors Outdoor Use, mothersdaygift",1729442692279013891,"$9,460.65","Egofuntoy Erasable Reusable Watercolor Pen Doodle Set for 1-4 Year Old Toddlers - Colorful Marker Pen, Drawing Art Supplies, Painting Supplies Kit, 12 Markers, 14-Page Unicorn Book, Car Travel Kids Toys Cool Gifts, Cool Gifts For Kids",1729476492327489974,"$6,967.21","Halloween Dumpling Stress Relief Toys, 1pcs/3pcs/6pcs/8pcs/12pcs with Steamer Storage Boxes,Slow‑rebound maltose squishy toys, ideal for Halloween party gifts, featuring grimace pumpkin and little devil designs，12pcs Mini Dumpling(5cm）",1732534855764971527,"$3,323.82",ZipString Aracna String Launcher Toy | Glow-in-the-Dark Web Shooter with Retractable Flying String | USB-C Rechargeable Interactive Fidget Toy Colorful,1731962330160534076,"$2,714.31"
gabbrieluh,OEAK Womens Jelly Bras Wireless Comfortable Soft Push Up Bralettes Seamless Tshirts Bras Deep V Everyday Bras,1729714461980332262,"$191,872.11",DOBREVA Women's Unlined Balconette Bra No Padded Underwire Supportive Plus Size Smooth Scoop Neck,1731395246467027235,"$148,723.26",Eleplus 3 Pieces Lightly Lined Wireless Bras for Women Comfy Plunge T Shirt Bra Pack Style Womenswear for Everyday & Bridal Events #SummerVibes,1731831726131155211,"$131,374.80",Unlined Plunge Scoop Bra Lace Trim Balconette Sexy Underwire Demi Bras Deep V,1731992992760893731,"$127,033.33",PrettyGarden Women's Oversized Cardigan Sweater Fall Long Lantern Sleeve Knit Open Front Lightweight Sweater Knitwear Tops,1731208195967717743,"$115,034.24"
grayson.finks,OEAK Womens Jelly Bras Wireless Comfortable Soft Push Up Bralettes Seamless Tshirts Bras Deep V Everyday Bras,1729714461980332262,"$191,872.11",DOBREVA Women's Unlined Balconette Bra No Padded Underwire Supportive Plus Size Smooth Scoop Neck,1731395246467027235,"$148,723.26",Eleplus 3 Pieces Lightly Lined Wireless Bras for Women Comfy Plunge T Shirt Bra Pack Style Womenswear for Everyday & Bridal Events #SummerVibes,1731831726131155211,"$131,374.80",Unlined Plunge Scoop Bra Lace Trim Balconette Sexy Underwire Demi Bras Deep V,1731992992760893731,"$127,033.33",PrettyGarden Women's Oversized Cardigan Sweater Fall Long Lantern Sleeve Knit Open Front Lightweight Sweater Knitwear Tops,1731208195967717743,"$115,034.24"
hanaisfinechina,OEAK Womens Jelly Bras Wireless Comfortable Soft Push Up Bralettes Seamless Tshirts Bras Deep V Everyday Bras,1729714461980332262,"$191,872.11",DOBREVA Women's Unlined Balconette Bra No Padded Underwire Supportive Plus Size Smooth Scoop Neck,1731395246467027235,"$148,723.26",Eleplus 3 Pieces Lightly Lined Wireless Bras for Women Comfy Plunge T Shirt Bra Pack Style Womenswear for Everyday & Bridal Events #SummerVibes,1731831726131155211,"$131,374.80","Bella Vita Luxury's Honey Oud | Eau de Parfum 100ml (3.4 fl oz) | Patchouli, Vanilla, Bergamot | Floral & Spicy | Made with Clean & Vegan Essentials Oils | Cruelty Free Fragrance Perfume",1729413742968869814,"$127,242.82",Unlined Plunge Scoop Bra Lace Trim Balconette Sexy Underwire Demi Bras Deep V,1731992992760893731,"$127,033.33"
happyhealthyabbie,OEAK Womens Jelly Bras Wireless Comfortable Soft Push Up Bralettes Seamless Tshirts Bras Deep V Everyday Bras,1729714461980332262,"$191,872.11",DOBREVA Women's Unlined Balconette Bra No Padded Underwire Supportive Plus Size Smooth Scoop Neck,1731395246467027235,"$148,723.26",Eleplus 3 Pieces Lightly Lined Wireless Bras for Women Comfy Plunge T Shirt Bra Pack Style Womenswear for Everyday & Bridal Events #SummerVibes,1731831726131155211,"$131,374.80",Unlined Plunge Scoop Bra Lace Trim Balconette Sexy Underwire Demi Bras Deep V,1731992992760893731,"$127,033.33",PrettyGarden Women's Oversized Cardigan Sweater Fall Long Lantern Sleeve Knit Open Front Lightweight Sweater Knitwear Tops,1731208195967717743,"$115,034.24"
hayleyyrichardson,OEAK Womens Jelly Bras Wireless Comfortable Soft Push Up Bralettes Seamless Tshirts Bras Deep V Everyday Bras,1729714461980332262,"$191,872.11",DOBREVA Women's Unlined Balconette Bra No Padded Underwire Supportive Plus Size Smooth Scoop Neck,1731395246467027235,"$148,723.26",Eleplus 3 Pieces Lightly Lined Wireless Bras for Women Comfy Plunge T Shirt Bra Pack Style Womenswear for Everyday & Bridal Events #SummerVibes,1731831726131155211,"$131,374.80",Unlined Plunge Scoop Bra Lace Trim Balconette Sexy Underwire Demi Bras Deep V,1731992992760893731,"$127,033.33",PrettyGarden Women's Oversized Cardigan Sweater Fall Long Lantern Sleeve Knit Open Front Lightweight Sweater Knitwear Tops,1731208195967717743,"$115,034.24"
hkapproved,OEAK Womens Jelly Bras Wireless Comfortable Soft Push Up Bralettes Seamless Tshirts Bras Deep V Everyday Bras,1729714461980332262,"$191,872.11",DOBREVA Women's Unlined Balconette Bra No Padded Underwire Supportive Plus Size Smooth Scoop Neck,1731395246467027235,"$148,723.26",Eleplus 3 Pieces Lightly Lined Wireless Bras for Women Comfy Plunge T Shirt Bra Pack Style Womenswear for Everyday & Bridal Events #SummerVibes,1731831726131155211,"$131,374.80","Bella Vita Luxury's Honey Oud | Eau de Parfum 100ml (3.4 fl oz) | Patchouli, Vanilla, Bergamot | Floral & Spicy | Made with Clean & Vegan Essentials Oils | Cruelty Free Fragrance Perfume",1729413742968869814,"$127,242.82",Unlined Plunge Scoop Bra Lace Trim Balconette Sexy Underwire Demi Bras Deep V,1731992992760893731,"$127,033.33"
honestamandafinds,"Medium Firm Hybrid Memory Foam Mattress - 8/10/12/14 in Twin, Full, Queen, King Sizes, Lumbar Support, Ergonomic Design, for Home Rooms, Hotels, Boxed Furniture Gift, Memory Foam Mattresses, Queen Size Mattress,dorm essentials,home decor",1730092261582738160,"$69,222.51",PAVOI 14K Gold Plated Station Necklace for Women - Dainty Choker Simulated Diamond Necklace - Lightweight Womens CZ Chain Necklace,1729555020284072456,"$14,508.69",Delzzad Pear Cut Stud Earrings Lab-Created Moissanite Stud Earring S925 Sterling Silver Moissanite Jewelry Perfect Birthday Mother’s Day Christmas Gift for Men Women Wedding Set,1729642239152459799,"$10,792.35","SHA CERLIN Storage Bed Frame Modern Linen Upholstered Headboard Lift Up Storage Platform Bed Frame, Two Style Headboard, Heavy Duty Gas Lift Support, No Box Spring Needed,Wood Slats Support, Full Queen King Size, sohochic",1729537141726810464,"$10,029.14",PAVOI 14K Gold Plated Adjustable Matching Bracelets for Women – Heart Charm and BFF Friendship Styles,1730595722208973320,"$6,986.61"
honeyquiche,"Bella Vita Luxury's Honey Oud | Eau de Parfum 100ml (3.4 fl oz) | Patchouli, Vanilla, Bergamot | Floral & Spicy | Made with Clean & Vegan Essentials Oils | Cruelty Free Fragrance Perfume",1729413742968869814,"$127,242.82",PrettyGarden Women's Oversized Cardigan Sweater Fall Long Lantern Sleeve Knit Open Front Lightweight Sweater Knitwear Tops,1731208195967717743,"$115,034.24",LUCKMEEY Women High Waisted Seamless Shapewear Shorts Tummy Control Butt Lift Faja Body Shaper Breathable Slimming High Waist Shaping Shorts with Built-in Crotch Invisible Fit for Everyday Wear#sohochic,1730652584168165420,"$101,261.83",tarte easy skin duo - CC tinted serum + creaseless SPF 30 on-the-go powder,1732422500087993276,"$89,844.51",SEPHORA COLLECTION Advent Calendar,1732675476143248315,"$89,586.95"
iamashleyyancy,OEAK Womens Jelly Bras Wireless Comfortable Soft Push Up Bralettes Seamless Tshirts Bras Deep V Everyday Bras,1729714461980332262,"$191,872.11",DOBREVA Women's Unlined Balconette Bra No Padded Underwire Supportive Plus Size Smooth Scoop Neck,1731395246467027235,"$148,723.26",Eleplus 3 Pieces Lightly Lined Wireless Bras for Women Comfy Plunge T Shirt Bra Pack Style Womenswear for Everyday & Bridal Events #SummerVibes,1731831726131155211,"$131,374.80",Unlined Plunge Scoop Bra Lace Trim Balconette Sexy Underwire Demi Bras Deep V,1731992992760893731,"$127,033.33",PrettyGarden Women's Oversized Cardigan Sweater Fall Long Lantern Sleeve Knit Open Front Lightweight Sweater Knitwear Tops,1731208195967717743,"$115,034.24"
itschlospamm,OEAK Womens Jelly Bras Wireless Comfortable Soft Push Up Bralettes Seamless Tshirts Bras Deep V Everyday Bras,1729714461980332262,"$191,872.11",DOBREVA Women's Unlined Balconette Bra No Padded Underwire Supportive Plus Size Smooth Scoop Neck,1731395246467027235,"$148,723.26",Eleplus 3 Pieces Lightly Lined Wireless Bras for Women Comfy Plunge T Shirt Bra Pack Style Womenswear for Everyday & Bridal Events #SummerVibes,1731831726131155211,"$131,374.80",Unlined Plunge Scoop Bra Lace Trim Balconette Sexy Underwire Demi Bras Deep V,1731992992760893731,"$127,033.33",PrettyGarden Women's Oversized Cardigan Sweater Fall Long Lantern Sleeve Knit Open Front Lightweight Sweater Knitwear Tops,1731208195967717743,"$115,034.24"
itsgenise,"Bella Vita Luxury's Honey Oud | Eau de Parfum 100ml (3.4 fl oz) | Patchouli, Vanilla, Bergamot | Floral & Spicy | Made with Clean & Vegan Essentials Oils | Cruelty Free Fragrance Perfume",1729413742968869814,"$127,242.82",tarte easy skin duo - CC tinted serum + creaseless SPF 30 on-the-go powder,1732422500087993276,"$89,844.51",SEPHORA COLLECTION Advent Calendar,1732675476143248315,"$89,586.95",The Lip Butter Balm Minis,1732656228199928566,"$64,775.26","INIA CURVIFY EMS Booty Lift Fitness Shorts - Female Sports Fitness Shapewear for Women, Multi-Mode EMS Microcurrent, Glutes Sculpting, Pelvic Floor Support, Visible Results in 2-4 Wks",1729479457563251986,"$57,802.24"
itsjesslaw,"Medium Firm Hybrid Memory Foam Mattress - 8/10/12/14 in Twin, Full, Queen, King Sizes, Lumbar Support, Ergonomic Design, for Home Rooms, Hotels, Boxed Furniture Gift, Memory Foam Mattresses, Queen Size Mattress,dorm essentials,home decor",1730092261582738160,"$69,222.51","【Back to school】Dowinx Big and Tall Office Chair with Pocket Spring Cushion,High Back Computer Gaming Chairs with Linkage Armrests,Executive Desk Chairs with Footrest,PU Leather",1732199719185846685,"$22,703.28","SHA CERLIN Storage Bed Frame Modern Linen Upholstered Headboard Lift Up Storage Platform Bed Frame, Two Style Headboard, Heavy Duty Gas Lift Support, No Box Spring Needed,Wood Slats Support, Full Queen King Size, sohochic",1729537141726810464,"$10,029.14","【Back to school】Dowinx Big and Tall Ergonomic Office Chair, High Back Reclining Gaming Desk Chair, Teddy Fleece Criss Cross Computer Chair with Thick Cushion, Wide Seat & Armrests, Foot Rest, Gray",1732379066796511645,"$6,207.02","Dowinx Cross egged Office Chair with Pivoting Armrests,Criss Cross Chair with Pocket Spring Seat & Back,Reclining Computer Gaming Chair with Footrest and Metal Base",1731998808395649437,"$6,007.76"
itsmakenzietaylor,OEAK Womens Jelly Bras Wireless Comfortable Soft Push Up Bralettes Seamless Tshirts Bras Deep V Everyday Bras,1729714461980332262,"$191,872.11",DOBREVA Women's Unlined Balconette Bra No Padded Underwire Supportive Plus Size Smooth Scoop Neck,1731395246467027235,"$148,723.26",Halara One Shoulder Long Sleeve Thumb Hole Curved Hem High Low Quick Dry Yoga Sports Top-Built-in Bra,1731918375289458980,"$140,526.94",Eleplus 3 Pieces Lightly Lined Wireless Bras for Women Comfy Plunge T Shirt Bra Pack Style Womenswear for Everyday & Bridal Events #SummerVibes,1731831726131155211,"$131,374.80",Unlined Plunge Scoop Bra Lace Trim Balconette Sexy Underwire Demi Bras Deep V,1731992992760893731,"$127,033.33"
itsmekaycee77,OEAK Womens Jelly Bras Wireless Comfortable Soft Push Up Bralettes Seamless Tshirts Bras Deep V Everyday Bras,1729714461980332262,"$191,872.11",DOBREVA Women's Unlined Balconette Bra No Padded Underwire Supportive Plus Size Smooth Scoop Neck,1731395246467027235,"$148,723.26",Eleplus 3 Pieces Lightly Lined Wireless Bras for Women Comfy Plunge T Shirt Bra Pack Style Womenswear for Everyday & Bridal Events #SummerVibes,1731831726131155211,"$131,374.80",Unlined Plunge Scoop Bra Lace Trim Balconette Sexy Underwire Demi Bras Deep V,1731992992760893731,"$127,033.33",PrettyGarden Women's Oversized Cardigan Sweater Fall Long Lantern Sleeve Knit Open Front Lightweight Sweater Knitwear Tops,1731208195967717743,"$115,034.24"
jacobien233,tarte easy skin duo - CC tinted serum + creaseless SPF 30 on-the-go powder,1732422500087993276,"$89,844.51",SEPHORA COLLECTION Advent Calendar,1732675476143248315,"$89,586.95",The Lip Butter Balm Minis,1732656228199928566,"$64,775.26","INIA CURVIFY EMS Booty Lift Fitness Shorts - Female Sports Fitness Shapewear for Women, Multi-Mode EMS Microcurrent, Glutes Sculpting, Pelvic Floor Support, Visible Results in 2-4 Wks",1729479457563251986,"$57,802.24","[Dr.Melaxin Official] Zero-Fit Korean Pimple Patch Duo, 144 Patches (72 x 2) | S-ZINC Blemish Spot Patch + MELA-C·E Dark Spot Patch | Ultra-Thin Invisible Micro Patches, Pre-Makeup Fit | Korean Skincare",1732544791635398683,"$46,950.78"
jaimehillathome,"Topyangs 2-Pack Stainless Steel Cat Litter Box, Extra Large Non-Stick Rust-Proof Metal Tray with High Sides Splash Guard, Leak Proof, Easy Cleanup for Multi-Cat Households",1731999342311543122,"$11,952.83","【Fall Deals For You】WeCharmer 1000GSM Thick Bedding Mattress Topper, Queen/Twin XL Bed Accessories, Extra Thick Bamboo Down-Alternative Overfill, Cooling Cloud-Like Pillow Top, 360° Elastic Hold, 8-21In Deep Pocket for Back Pain Relief",1729457680158658805,"$11,615.89","Bedsure 100% Rayon Derived from Bamboo Cooling Sheets 3-Piece Set, Breathable Weave Keeps Nights Airy, 16"" Deep Pocket, Silky Soft, Hotel Style Bedding, Tumble Dry Safe, 1-Step Set for Quick Bed Refresh",1731367134008480341,"$7,141.66","Boll & Branch Signature Hemmed Luxury Bedding Sets - Complete 100% GOTS Certified Organic Cotton Sets, Fair Trade, Soft, Breathable Weave, Durable, Smooth Matte Finish, Tested Against 1,000+ Harmful Substances for Everyday Sleep",1732417405086962376,"$6,510.87","VEVOR Portable Dog Blow Dryer, 2000W/2.7HP Pet Grooming Dryer with Metal Housing, Safe Heating, Quick Drying, Adjustable Speed, Temperature Control, 4 Nozzles, Extendable Hose, Auto Shut-Off, Black (Father's Day Gift Option), Easy To Connect, Safe And Com",1729433235356618926,"$4,843.81"
jalisasahm,Back To School！KUKIHO Wireless Lavalier Microphone for iPhone iPad Android With Charging Case Audio Smartphone Audio Smartphone,1729588735736517619,"$19,957.34","JLab JBuds Lux ANC Wireless Bluetooth Noise Cancelling Headphones with Mics, Adjustable Over-Ear Design, Custom EQ, Be Aware Safety Mode, Foldable, Wired Charging Cable, Compatible with iPhone/Android Devices (Tools and Gadgets, Mens Gifts)",1729430076387136161,"$19,300.54",JASGOOD Women Wide Chunky Belt for Dresses Fashion Thick Suede Belt with Gold Buckle,1732071333641097693,"$18,407.54",GOO GOO Hair Extensions Seamless Clip in Human Hair Extensions Natural Straight Hair #sohochic #tiktokshopstockup#TikTokShopFallDealsForYou,1729397696606998963,"$15,131.16",SHOKZ OpenRun Pro 2 Bone Conduction Bluetooth Sport Headphones；DualPitch premium sound；Open ear awareness; Smart Mic; IP55; 12H battery; Running/Cycling/Hiking,1729658353063203418,"$14,708.89"
jaslovesreviews,Halara One Shoulder Long Sleeve Thumb Hole Curved Hem High Low Quick Dry Yoga Sports Top-Built-in Bra,1731918375289458980,"$140,526.94",Dr. Scholl's Women's Joplin Fashion Boot,1731896531264573800,"$77,474.95",Halara DayStretch High Waisted Barrel Leg Casual Pants with Pockets,1732535906609173342,"$51,346.60","2026 Dumpling Squishy Advent Calendar - Indoor Recreation Stress Relief Toy, 24 Surprise Kawaii Mini Food Squishy Figures, Cute Christmas Countdown Holiday Gift",1732609143065383676,"$48,688.45","EVELLYHOOTD Women's Sohochic Leopard Print Genuine Suede Leather Loafers - Mule Flats Clogs, Slip-On Casual Shoes with Arch Support for Casual Walks, Gifts for Women",1732171696888648231,"$48,403.58"
jasmineashley22,OEAK Womens Jelly Bras Wireless Comfortable Soft Push Up Bralettes Seamless Tshirts Bras Deep V Everyday Bras,1729714461980332262,"$191,872.11",DOBREVA Women's Unlined Balconette Bra No Padded Underwire Supportive Plus Size Smooth Scoop Neck,1731395246467027235,"$148,723.26",Eleplus 3 Pieces Lightly Lined Wireless Bras for Women Comfy Plunge T Shirt Bra Pack Style Womenswear for Everyday & Bridal Events #SummerVibes,1731831726131155211,"$131,374.80","Bella Vita Luxury's Honey Oud | Eau de Parfum 100ml (3.4 fl oz) | Patchouli, Vanilla, Bergamot | Floral & Spicy | Made with Clean & Vegan Essentials Oils | Cruelty Free Fragrance Perfume",1729413742968869814,"$127,242.82",Unlined Plunge Scoop Bra Lace Trim Balconette Sexy Underwire Demi Bras Deep V,1731992992760893731,"$127,033.33"
jasminebrownie1,OEAK Womens Jelly Bras Wireless Comfortable Soft Push Up Bralettes Seamless Tshirts Bras Deep V Everyday Bras,1729714461980332262,"$191,872.11",DOBREVA Women's Unlined Balconette Bra No Padded Underwire Supportive Plus Size Smooth Scoop Neck,1731395246467027235,"$148,723.26",Halara One Shoulder Long Sleeve Thumb Hole Curved Hem High Low Quick Dry Yoga Sports Top-Built-in Bra,1731918375289458980,"$140,526.94",Eleplus 3 Pieces Lightly Lined Wireless Bras for Women Comfy Plunge T Shirt Bra Pack Style Womenswear for Everyday & Bridal Events #SummerVibes,1731831726131155211,"$131,374.80",Unlined Plunge Scoop Bra Lace Trim Balconette Sexy Underwire Demi Bras Deep V,1731992992760893731,"$127,033.33"
jaxandbrynco,OEAK Womens Jelly Bras Wireless Comfortable Soft Push Up Bralettes Seamless Tshirts Bras Deep V Everyday Bras,1729714461980332262,"$191,872.11",DOBREVA Women's Unlined Balconette Bra No Padded Underwire Supportive Plus Size Smooth Scoop Neck,1731395246467027235,"$148,723.26",Eleplus 3 Pieces Lightly Lined Wireless Bras for Women Comfy Plunge T Shirt Bra Pack Style Womenswear for Everyday & Bridal Events #SummerVibes,1731831726131155211,"$131,374.80","Bella Vita Luxury's Honey Oud | Eau de Parfum 100ml (3.4 fl oz) | Patchouli, Vanilla, Bergamot | Floral & Spicy | Made with Clean & Vegan Essentials Oils | Cruelty Free Fragrance Perfume",1729413742968869814,"$127,242.82",Unlined Plunge Scoop Bra Lace Trim Balconette Sexy Underwire Demi Bras Deep V,1731992992760893731,"$127,033.33"
jdubshopfaves,Halara One Shoulder Long Sleeve Thumb Hole Curved Hem High Low Quick Dry Yoga Sports Top-Built-in Bra,1731918375289458980,"$140,526.94",Halara DayStretch High Waisted Barrel Leg Casual Pants with Pockets,1732535906609173342,"$51,346.60","2026 Dumpling Squishy Advent Calendar - Indoor Recreation Stress Relief Toy, 24 Surprise Kawaii Mini Food Squishy Figures, Cute Christmas Countdown Holiday Gift",1732609143065383676,"$48,688.45",【Creator’s Pick】Halara UltraSculpt High Waisted Tummy Control Pocket Shaping Training Leggings,1729406821413261604,"$47,639.35",Halara UltraSculpt™ V-Shaped High Waisted Contrast Lace Yoga Flare Leggings with Pockets,1732311109215294302,"$44,155.29"
jeca050709,OEAK Womens Jelly Bras Wireless Comfortable Soft Push Up Bralettes Seamless Tshirts Bras Deep V Everyday Bras,1729714461980332262,"$191,872.11",DOBREVA Women's Unlined Balconette Bra No Padded Underwire Supportive Plus Size Smooth Scoop Neck,1731395246467027235,"$148,723.26",Eleplus 3 Pieces Lightly Lined Wireless Bras for Women Comfy Plunge T Shirt Bra Pack Style Womenswear for Everyday & Bridal Events #SummerVibes,1731831726131155211,"$131,374.80",Unlined Plunge Scoop Bra Lace Trim Balconette Sexy Underwire Demi Bras Deep V,1731992992760893731,"$127,033.33",PrettyGarden Women's Oversized Cardigan Sweater Fall Long Lantern Sleeve Knit Open Front Lightweight Sweater Knitwear Tops,1731208195967717743,"$115,034.24"
jenlashay,"Medium Firm Hybrid Memory Foam Mattress - 8/10/12/14 in Twin, Full, Queen, King Sizes, Lumbar Support, Ergonomic Design, for Home Rooms, Hotels, Boxed Furniture Gift, Memory Foam Mattresses, Queen Size Mattress,dorm essentials,home decor",1730092261582738160,"$69,222.51",To-Go Buddy - Universal Cup Insulator for to-go cups - Keeps Drinks Hot Cold 12+ Hours - Vacuum Insulated Tumbler,1729430518270038922,"$62,011.27",Ninja NeverQuit 3-Piece Fry Pan Ceramic Cookware Set - CQ13000,1729536009518879829,"$41,654.28","Universal Buddy - Fits 12oz Cans, Slim Cans, 12oz Bottles, 16oz Cans | Coffee Cup - Double Wall Insulated Drinkware",1729430519776777098,"$37,358.50",Frostbuddy Fall Collection,1732414112211899274,"$23,733.10"
jenn_lyles,DOBREVA Women's Unlined Balconette Bra No Padded Underwire Supportive Plus Size Smooth Scoop Neck,1731395246467027235,"$148,723.26",Halara One Shoulder Long Sleeve Thumb Hole Curved Hem High Low Quick Dry Yoga Sports Top-Built-in Bra,1731918375289458980,"$140,526.94",Eleplus 3 Pieces Lightly Lined Wireless Bras for Women Comfy Plunge T Shirt Bra Pack Style Womenswear for Everyday & Bridal Events #SummerVibes,1731831726131155211,"$131,374.80",Unlined Plunge Scoop Bra Lace Trim Balconette Sexy Underwire Demi Bras Deep V,1731992992760893731,"$127,033.33",PrettyGarden Women's Oversized Cardigan Sweater Fall Long Lantern Sleeve Knit Open Front Lightweight Sweater Knitwear Tops,1731208195967717743,"$115,034.24"
jennababiolakis,"Medium Firm Hybrid Memory Foam Mattress - 8/10/12/14 in Twin, Full, Queen, King Sizes, Lumbar Support, Ergonomic Design, for Home Rooms, Hotels, Boxed Furniture Gift, Memory Foam Mattresses, Queen Size Mattress,dorm essentials,home decor",1730092261582738160,"$69,222.51","Comfrt | The Dreamer Blanket | Oversized, Cozy, Soft Warm Throw",1729931833196778371,"$68,224.59","【Back to school】Dowinx Big and Tall Office Chair with Pocket Spring Cushion,High Back Computer Gaming Chairs with Linkage Armrests,Executive Desk Chairs with Footrest,PU Leather",1732199719185846685,"$22,703.28",Comfrt | Dream Cloud Pet Sofa Bed,1731648058898027395,"$14,542.41","【Fall Deals For You】WeCharmer 1000GSM Thick Bedding Mattress Topper, Queen/Twin XL Bed Accessories, Extra Thick Bamboo Down-Alternative Overfill, Cooling Cloud-Like Pillow Top, 360° Elastic Hold, 8-21In Deep Pocket for Back Pain Relief",1729457680158658805,"$11,615.89"
julie_trimble,OEAK Womens Jelly Bras Wireless Comfortable Soft Push Up Bralettes Seamless Tshirts Bras Deep V Everyday Bras,1729714461980332262,"$191,872.11",DOBREVA Women's Unlined Balconette Bra No Padded Underwire Supportive Plus Size Smooth Scoop Neck,1731395246467027235,"$148,723.26",Halara One Shoulder Long Sleeve Thumb Hole Curved Hem High Low Quick Dry Yoga Sports Top-Built-in Bra,1731918375289458980,"$140,526.94",Eleplus 3 Pieces Lightly Lined Wireless Bras for Women Comfy Plunge T Shirt Bra Pack Style Womenswear for Everyday & Bridal Events #SummerVibes,1731831726131155211,"$131,374.80",Unlined Plunge Scoop Bra Lace Trim Balconette Sexy Underwire Demi Bras Deep V,1731992992760893731,"$127,033.33"
justjess111,Halara One Shoulder Long Sleeve Thumb Hole Curved Hem High Low Quick Dry Yoga Sports Top-Built-in Bra,1731918375289458980,"$140,526.94","Bella Vita Luxury's Honey Oud | Eau de Parfum 100ml (3.4 fl oz) | Patchouli, Vanilla, Bergamot | Floral & Spicy | Made with Clean & Vegan Essentials Oils | Cruelty Free Fragrance Perfume",1729413742968869814,"$127,242.82",tarte easy skin duo - CC tinted serum + creaseless SPF 30 on-the-go powder,1732422500087993276,"$89,844.51",SEPHORA COLLECTION Advent Calendar,1732675476143248315,"$89,586.95",The Lip Butter Balm Minis,1732656228199928566,"$64,775.26"
justjessyxo,OEAK Womens Jelly Bras Wireless Comfortable Soft Push Up Bralettes Seamless Tshirts Bras Deep V Everyday Bras,1729714461980332262,"$191,872.11",DOBREVA Women's Unlined Balconette Bra No Padded Underwire Supportive Plus Size Smooth Scoop Neck,1731395246467027235,"$148,723.26",Eleplus 3 Pieces Lightly Lined Wireless Bras for Women Comfy Plunge T Shirt Bra Pack Style Womenswear for Everyday & Bridal Events #SummerVibes,1731831726131155211,"$131,374.80",Unlined Plunge Scoop Bra Lace Trim Balconette Sexy Underwire Demi Bras Deep V,1731992992760893731,"$127,033.33",LUCKMEEY Women High Waisted Seamless Shapewear Shorts Tummy Control Butt Lift Faja Body Shaper Breathable Slimming High Waist Shaping Shorts with Built-in Crotch Invisible Fit for Everyday Wear#sohochic,1730652584168165420,"$101,261.83"
justjonxx,Halara One Shoulder Long Sleeve Thumb Hole Curved Hem High Low Quick Dry Yoga Sports Top-Built-in Bra,1731918375289458980,"$140,526.94",Halara DayStretch High Waisted Barrel Leg Casual Pants with Pockets,1732535906609173342,"$51,346.60","2026 Dumpling Squishy Advent Calendar - Indoor Recreation Stress Relief Toy, 24 Surprise Kawaii Mini Food Squishy Figures, Cute Christmas Countdown Holiday Gift",1732609143065383676,"$48,688.45",【Creator’s Pick】Halara UltraSculpt High Waisted Tummy Control Pocket Shaping Training Leggings,1729406821413261604,"$47,639.35",Halara UltraSculpt™ V-Shaped High Waisted Contrast Lace Yoga Flare Leggings with Pockets,1732311109215294302,"$44,155.29"
kaseyas0920,"Comfrt | The Dreamer Blanket | Oversized, Cozy, Soft Warm Throw",1729931833196778371,"$68,224.59","Skillmatics Peelies – Reusable Sticker Activity Book Mess-Free, 100+ Reusable Stickers, DIY Scrapbooking Kit for Toddlers & Preschoolers, Travel Toy, Gifts for Ages 3 to 7",1732148327640896289,"$18,379.88",Comfrt | Dream Cloud Pet Sofa Bed,1731648058898027395,"$14,542.41","【Fall Deals For You】WeCharmer 1000GSM Thick Bedding Mattress Topper, Queen/Twin XL Bed Accessories, Extra Thick Bamboo Down-Alternative Overfill, Cooling Cloud-Like Pillow Top, 360° Elastic Hold, 8-21In Deep Pocket for Back Pain Relief",1729457680158658805,"$11,615.89","Costzon Toddler Slide Rocking Toy with Basketball Hoop, Rocking Horse,  Foldable Climber Rocking slide playset for Both Indoors Outdoor Use, mothersdaygift",1729442692279013891,"$9,460.65"
kaseys0920,Halara One Shoulder Long Sleeve Thumb Hole Curved Hem High Low Quick Dry Yoga Sports Top-Built-in Bra,1731918375289458980,"$140,526.94","Women's Striped/rhombus/leaf/dot Cloud Handbag, Clip Closure Crossbody Bag, Lightweight Foldable for Daily Use, Gifts for Friends and Valentine's Day",1732227985172828427,"$75,069.67",Halara DayStretch High Waisted Barrel Leg Casual Pants with Pockets,1732535906609173342,"$51,346.60","2026 Dumpling Squishy Advent Calendar - Indoor Recreation Stress Relief Toy, 24 Surprise Kawaii Mini Food Squishy Figures, Cute Christmas Countdown Holiday Gift",1732609143065383676,"$48,688.45",【Creator’s Pick】Halara UltraSculpt High Waisted Tummy Control Pocket Shaping Training Leggings,1729406821413261604,"$47,639.35"
kategrauss,"Bella Vita Luxury's Honey Oud | Eau de Parfum 100ml (3.4 fl oz) | Patchouli, Vanilla, Bergamot | Floral & Spicy | Made with Clean & Vegan Essentials Oils | Cruelty Free Fragrance Perfume",1729413742968869814,"$127,242.82",tarte easy skin duo - CC tinted serum + creaseless SPF 30 on-the-go powder,1732422500087993276,"$89,844.51",SEPHORA COLLECTION Advent Calendar,1732675476143248315,"$89,586.95",The Lip Butter Balm Minis,1732656228199928566,"$64,775.26","INIA CURVIFY EMS Booty Lift Fitness Shorts - Female Sports Fitness Shapewear for Women, Multi-Mode EMS Microcurrent, Glutes Sculpting, Pelvic Floor Support, Visible Results in 2-4 Wks",1729479457563251986,"$57,802.24"
kategrs,Dr. Scholl's Women's Joplin Fashion Boot,1731896531264573800,"$77,474.95","EVELLYHOOTD Women's Sohochic Leopard Print Genuine Suede Leather Loafers - Mule Flats Clogs, Slip-On Casual Shoes with Arch Support for Casual Walks, Gifts for Women",1732171696888648231,"$48,403.58","Dr. Scholl's Women's Joplin Low Fashion Boot - Shoes for Women, Casual Minimalist Square Toe Design, Comfortable Block Heel, Leather & Smooth Faux Leather Construction, Footwear Fashion with Recycled Parts",1732469048422666600,"$35,779.93",Vince Camuto Adjustable Slingback Pumps - Thanya,1732491617205392327,"$28,243.23",Project Cloud Women's Suede Clogs Shoe | Walking Shoes Footwear | Plush Soft Insole Arch Support Lightweight Non-Slip – Foamy,1731581876213092920,"$20,762.02"
kathryn_scoco,"Women’s Soft PU Leather 2-Piece Classic Checkered Makeup Bag Set - Durable Reinforced Stitch Makeup Pouch, Lipstick Organizer, Bathroom Countertop Storage, Christmas Gift for Travel Use",1729474518842119875,"$19,293.15",Evergreen Set of 3 Lighted Halloween WitchStakes,1731081757354464199,"$7,996.99",Reliant Pet Mouse Repellent Pouches - Rodent Repellent Made in USA (12 Pouches) - Keep Rodents Out of Cars - Mouse Deterrents with Peppermint Oil,1729662519422718968,"$7,365.15",Lug Classic Zip Accessory Stand & Storage - Slumber,1732476764390724551,"$7,113.12","Magnetic Photo Frames 2""x2"" Clear Acrylic DIY Fridge Magnets with Adhesive Backing – Square Magnets for Crafts, Kitchen, Classroom, Party & Office Decoration Back to School College Dorm Essentials #HomeEssentials #TikTokShopBackToSchool",1732288674913947952,"$6,619.35"
katrinagmoore,OEAK Womens Jelly Bras Wireless Comfortable Soft Push Up Bralettes Seamless Tshirts Bras Deep V Everyday Bras,1729714461980332262,"$191,872.11",DOBREVA Women's Unlined Balconette Bra No Padded Underwire Supportive Plus Size Smooth Scoop Neck,1731395246467027235,"$148,723.26",Eleplus 3 Pieces Lightly Lined Wireless Bras for Women Comfy Plunge T Shirt Bra Pack Style Womenswear for Everyday & Bridal Events #SummerVibes,1731831726131155211,"$131,374.80",Unlined Plunge Scoop Bra Lace Trim Balconette Sexy Underwire Demi Bras Deep V,1731992992760893731,"$127,033.33",LUCKMEEY Women High Waisted Seamless Shapewear Shorts Tummy Control Butt Lift Faja Body Shaper Breathable Slimming High Waist Shaping Shorts with Built-in Crotch Invisible Fit for Everyday Wear#sohochic,1730652584168165420,"$101,261.83"
kay_caputo,OEAK Womens Jelly Bras Wireless Comfortable Soft Push Up Bralettes Seamless Tshirts Bras Deep V Everyday Bras,1729714461980332262,"$191,872.11",DOBREVA Women's Unlined Balconette Bra No Padded Underwire Supportive Plus Size Smooth Scoop Neck,1731395246467027235,"$148,723.26",Eleplus 3 Pieces Lightly Lined Wireless Bras for Women Comfy Plunge T Shirt Bra Pack Style Womenswear for Everyday & Bridal Events #SummerVibes,1731831726131155211,"$131,374.80","Bella Vita Luxury's Honey Oud | Eau de Parfum 100ml (3.4 fl oz) | Patchouli, Vanilla, Bergamot | Floral & Spicy | Made with Clean & Vegan Essentials Oils | Cruelty Free Fragrance Perfume",1729413742968869814,"$127,242.82",Unlined Plunge Scoop Bra Lace Trim Balconette Sexy Underwire Demi Bras Deep V,1731992992760893731,"$127,033.33"
kcs0920,"Bella Vita Luxury's Honey Oud | Eau de Parfum 100ml (3.4 fl oz) | Patchouli, Vanilla, Bergamot | Floral & Spicy | Made with Clean & Vegan Essentials Oils | Cruelty Free Fragrance Perfume",1729413742968869814,"$127,242.82",tarte easy skin duo - CC tinted serum + creaseless SPF 30 on-the-go powder,1732422500087993276,"$89,844.51",SEPHORA COLLECTION Advent Calendar,1732675476143248315,"$89,586.95",The Lip Butter Balm Minis,1732656228199928566,"$64,775.26","INIA CURVIFY EMS Booty Lift Fitness Shorts - Female Sports Fitness Shapewear for Women, Multi-Mode EMS Microcurrent, Glutes Sculpting, Pelvic Floor Support, Visible Results in 2-4 Wks",1729479457563251986,"$57,802.24"
kelliecrowther,"Bella Vita Luxury's Honey Oud | Eau de Parfum 100ml (3.4 fl oz) | Patchouli, Vanilla, Bergamot | Floral & Spicy | Made with Clean & Vegan Essentials Oils | Cruelty Free Fragrance Perfume",1729413742968869814,"$127,242.82",SEPHORA COLLECTION Advent Calendar,1732675476143248315,"$89,586.95",The Lip Butter Balm Minis,1732656228199928566,"$64,775.26","INIA CURVIFY EMS Booty Lift Fitness Shorts - Female Sports Fitness Shapewear for Women, Multi-Mode EMS Microcurrent, Glutes Sculpting, Pelvic Floor Support, Visible Results in 2-4 Wks",1729479457563251986,"$57,802.24","[Dr.Melaxin Official] Zero-Fit Korean Pimple Patch Duo, 144 Patches (72 x 2) | S-ZINC Blemish Spot Patch + MELA-C·E Dark Spot Patch | Ultra-Thin Invisible Micro Patches, Pre-Makeup Fit | Korean Skincare",1732544791635398683,"$46,950.78"
kelliesfaves,"Bella Vita Luxury's Honey Oud | Eau de Parfum 100ml (3.4 fl oz) | Patchouli, Vanilla, Bergamot | Floral & Spicy | Made with Clean & Vegan Essentials Oils | Cruelty Free Fragrance Perfume",1729413742968869814,"$127,242.82",tarte easy skin duo - CC tinted serum + creaseless SPF 30 on-the-go powder,1732422500087993276,"$89,844.51",SEPHORA COLLECTION Advent Calendar,1732675476143248315,"$89,586.95",The Lip Butter Balm Minis,1732656228199928566,"$64,775.26","INIA CURVIFY EMS Booty Lift Fitness Shorts - Female Sports Fitness Shapewear for Women, Multi-Mode EMS Microcurrent, Glutes Sculpting, Pelvic Floor Support, Visible Results in 2-4 Wks",1729479457563251986,"$57,802.24"
kelsi.campbell,"Bella Vita Luxury's Honey Oud | Eau de Parfum 100ml (3.4 fl oz) | Patchouli, Vanilla, Bergamot | Floral & Spicy | Made with Clean & Vegan Essentials Oils | Cruelty Free Fragrance Perfume",1729413742968869814,"$127,242.82",tarte easy skin duo - CC tinted serum + creaseless SPF 30 on-the-go powder,1732422500087993276,"$89,844.51",SEPHORA COLLECTION Advent Calendar,1732675476143248315,"$89,586.95","【2026 Newly Upgraded】Trucozie T350 Rechargeable Cordless Vacuums, 8-in-1 Lightweight Upright Floor Cleaning Vacuums with 2 Bonus HEPA Filters, 2-in-1 Brush, Hands-Free Design, 45-Min Runtime, 33 kPa Suction, Housewarming Gift for Hardwood Floors, Pet Hair",1729406319708377732,"$80,131.51",The Lip Butter Balm Minis,1732656228199928566,"$64,775.26"
keyajames,OEAK Womens Jelly Bras Wireless Comfortable Soft Push Up Bralettes Seamless Tshirts Bras Deep V Everyday Bras,1729714461980332262,"$191,872.11",DOBREVA Women's Unlined Balconette Bra No Padded Underwire Supportive Plus Size Smooth Scoop Neck,1731395246467027235,"$148,723.26",Eleplus 3 Pieces Lightly Lined Wireless Bras for Women Comfy Plunge T Shirt Bra Pack Style Womenswear for Everyday & Bridal Events #SummerVibes,1731831726131155211,"$131,374.80","Bella Vita Luxury's Honey Oud | Eau de Parfum 100ml (3.4 fl oz) | Patchouli, Vanilla, Bergamot | Floral & Spicy | Made with Clean & Vegan Essentials Oils | Cruelty Free Fragrance Perfume",1729413742968869814,"$127,242.82",Unlined Plunge Scoop Bra Lace Trim Balconette Sexy Underwire Demi Bras Deep V,1731992992760893731,"$127,033.33"
kindafitky,Halara One Shoulder Long Sleeve Thumb Hole Curved Hem High Low Quick Dry Yoga Sports Top-Built-in Bra,1731918375289458980,"$140,526.94",Halara DayStretch High Waisted Barrel Leg Casual Pants with Pockets,1732535906609173342,"$51,346.60","2026 Dumpling Squishy Advent Calendar - Indoor Recreation Stress Relief Toy, 24 Surprise Kawaii Mini Food Squishy Figures, Cute Christmas Countdown Holiday Gift",1732609143065383676,"$48,688.45",【Creator’s Pick】Halara UltraSculpt High Waisted Tummy Control Pocket Shaping Training Leggings,1729406821413261604,"$47,639.35",Halara UltraSculpt™ V-Shaped High Waisted Contrast Lace Yoga Flare Leggings with Pockets,1732311109215294302,"$44,155.29"
kristinadunnn,OEAK Womens Jelly Bras Wireless Comfortable Soft Push Up Bralettes Seamless Tshirts Bras Deep V Everyday Bras,1729714461980332262,"$191,872.11",DOBREVA Women's Unlined Balconette Bra No Padded Underwire Supportive Plus Size Smooth Scoop Neck,1731395246467027235,"$148,723.26",Eleplus 3 Pieces Lightly Lined Wireless Bras for Women Comfy Plunge T Shirt Bra Pack Style Womenswear for Everyday & Bridal Events #SummerVibes,1731831726131155211,"$131,374.80",Unlined Plunge Scoop Bra Lace Trim Balconette Sexy Underwire Demi Bras Deep V,1731992992760893731,"$127,033.33",PrettyGarden Women's Oversized Cardigan Sweater Fall Long Lantern Sleeve Knit Open Front Lightweight Sweater Knitwear Tops,1731208195967717743,"$115,034.24"
kristinanicoletall,OEAK Womens Jelly Bras Wireless Comfortable Soft Push Up Bralettes Seamless Tshirts Bras Deep V Everyday Bras,1729714461980332262,"$191,872.11",DOBREVA Women's Unlined Balconette Bra No Padded Underwire Supportive Plus Size Smooth Scoop Neck,1731395246467027235,"$148,723.26",Halara One Shoulder Long Sleeve Thumb Hole Curved Hem High Low Quick Dry Yoga Sports Top-Built-in Bra,1731918375289458980,"$140,526.94",Eleplus 3 Pieces Lightly Lined Wireless Bras for Women Comfy Plunge T Shirt Bra Pack Style Womenswear for Everyday & Bridal Events #SummerVibes,1731831726131155211,"$131,374.80",Unlined Plunge Scoop Bra Lace Trim Balconette Sexy Underwire Demi Bras Deep V,1731992992760893731,"$127,033.33"
kristiscustomcreations,Halara One Shoulder Long Sleeve Thumb Hole Curved Hem High Low Quick Dry Yoga Sports Top-Built-in Bra,1731918375289458980,"$140,526.94","Medium Firm Hybrid Memory Foam Mattress - 8/10/12/14 in Twin, Full, Queen, King Sizes, Lumbar Support, Ergonomic Design, for Home Rooms, Hotels, Boxed Furniture Gift, Memory Foam Mattresses, Queen Size Mattress,dorm essentials,home decor",1730092261582738160,"$69,222.51",Halara DayStretch High Waisted Barrel Leg Casual Pants with Pockets,1732535906609173342,"$51,346.60","2026 Dumpling Squishy Advent Calendar - Indoor Recreation Stress Relief Toy, 24 Surprise Kawaii Mini Food Squishy Figures, Cute Christmas Countdown Holiday Gift",1732609143065383676,"$48,688.45",【Creator’s Pick】Halara UltraSculpt High Waisted Tummy Control Pocket Shaping Training Leggings,1729406821413261604,"$47,639.35"
kseniasenn,"Bella Vita Luxury's Honey Oud | Eau de Parfum 100ml (3.4 fl oz) | Patchouli, Vanilla, Bergamot | Floral & Spicy | Made with Clean & Vegan Essentials Oils | Cruelty Free Fragrance Perfume",1729413742968869814,"$127,242.82",tarte easy skin duo - CC tinted serum + creaseless SPF 30 on-the-go powder,1732422500087993276,"$89,844.51",SEPHORA COLLECTION Advent Calendar,1732675476143248315,"$89,586.95",The Lip Butter Balm Minis,1732656228199928566,"$64,775.26","INIA CURVIFY EMS Booty Lift Fitness Shorts - Female Sports Fitness Shapewear for Women, Multi-Mode EMS Microcurrent, Glutes Sculpting, Pelvic Floor Support, Visible Results in 2-4 Wks",1729479457563251986,"$57,802.24"
kylikamiller44,OEAK Womens Jelly Bras Wireless Comfortable Soft Push Up Bralettes Seamless Tshirts Bras Deep V Everyday Bras,1729714461980332262,"$191,872.11",DOBREVA Women's Unlined Balconette Bra No Padded Underwire Supportive Plus Size Smooth Scoop Neck,1731395246467027235,"$148,723.26",Halara One Shoulder Long Sleeve Thumb Hole Curved Hem High Low Quick Dry Yoga Sports Top-Built-in Bra,1731918375289458980,"$140,526.94",Eleplus 3 Pieces Lightly Lined Wireless Bras for Women Comfy Plunge T Shirt Bra Pack Style Womenswear for Everyday & Bridal Events #SummerVibes,1731831726131155211,"$131,374.80",Unlined Plunge Scoop Bra Lace Trim Balconette Sexy Underwire Demi Bras Deep V,1731992992760893731,"$127,033.33"
kynleebeau,"Bella Vita Luxury's Honey Oud | Eau de Parfum 100ml (3.4 fl oz) | Patchouli, Vanilla, Bergamot | Floral & Spicy | Made with Clean & Vegan Essentials Oils | Cruelty Free Fragrance Perfume",1729413742968869814,"$127,242.82",tarte easy skin duo - CC tinted serum + creaseless SPF 30 on-the-go powder,1732422500087993276,"$89,844.51",SEPHORA COLLECTION Advent Calendar,1732675476143248315,"$89,586.95",The Lip Butter Balm Minis,1732656228199928566,"$64,775.26","INIA CURVIFY EMS Booty Lift Fitness Shorts - Female Sports Fitness Shapewear for Women, Multi-Mode EMS Microcurrent, Glutes Sculpting, Pelvic Floor Support, Visible Results in 2-4 Wks",1729479457563251986,"$57,802.24"
laurenluto,OEAK Womens Jelly Bras Wireless Comfortable Soft Push Up Bralettes Seamless Tshirts Bras Deep V Everyday Bras,1729714461980332262,"$191,872.11",DOBREVA Women's Unlined Balconette Bra No Padded Underwire Supportive Plus Size Smooth Scoop Neck,1731395246467027235,"$148,723.26",Eleplus 3 Pieces Lightly Lined Wireless Bras for Women Comfy Plunge T Shirt Bra Pack Style Womenswear for Everyday & Bridal Events #SummerVibes,1731831726131155211,"$131,374.80",Unlined Plunge Scoop Bra Lace Trim Balconette Sexy Underwire Demi Bras Deep V,1731992992760893731,"$127,033.33",PrettyGarden Women's Oversized Cardigan Sweater Fall Long Lantern Sleeve Knit Open Front Lightweight Sweater Knitwear Tops,1731208195967717743,"$115,034.24"
laurenmichellebell,OEAK Womens Jelly Bras Wireless Comfortable Soft Push Up Bralettes Seamless Tshirts Bras Deep V Everyday Bras,1729714461980332262,"$191,872.11",DOBREVA Women's Unlined Balconette Bra No Padded Underwire Supportive Plus Size Smooth Scoop Neck,1731395246467027235,"$148,723.26",Eleplus 3 Pieces Lightly Lined Wireless Bras for Women Comfy Plunge T Shirt Bra Pack Style Womenswear for Everyday & Bridal Events #SummerVibes,1731831726131155211,"$131,374.80",Unlined Plunge Scoop Bra Lace Trim Balconette Sexy Underwire Demi Bras Deep V,1731992992760893731,"$127,033.33",PrettyGarden Women's Oversized Cardigan Sweater Fall Long Lantern Sleeve Knit Open Front Lightweight Sweater Knitwear Tops,1731208195967717743,"$115,034.24"
leahmstapleton,"Bella Vita Luxury's Honey Oud | Eau de Parfum 100ml (3.4 fl oz) | Patchouli, Vanilla, Bergamot | Floral & Spicy | Made with Clean & Vegan Essentials Oils | Cruelty Free Fragrance Perfume",1729413742968869814,"$127,242.82",tarte easy skin duo - CC tinted serum + creaseless SPF 30 on-the-go powder,1732422500087993276,"$89,844.51",SEPHORA COLLECTION Advent Calendar,1732675476143248315,"$89,586.95",The Lip Butter Balm Minis,1732656228199928566,"$64,775.26","INIA CURVIFY EMS Booty Lift Fitness Shorts - Female Sports Fitness Shapewear for Women, Multi-Mode EMS Microcurrent, Glutes Sculpting, Pelvic Floor Support, Visible Results in 2-4 Wks",1729479457563251986,"$57,802.24"
lesettey,"Bella Vita Luxury's Honey Oud | Eau de Parfum 100ml (3.4 fl oz) | Patchouli, Vanilla, Bergamot | Floral & Spicy | Made with Clean & Vegan Essentials Oils | Cruelty Free Fragrance Perfume",1729413742968869814,"$127,242.82",tarte easy skin duo - CC tinted serum + creaseless SPF 30 on-the-go powder,1732422500087993276,"$89,844.51",SEPHORA COLLECTION Advent Calendar,1732675476143248315,"$89,586.95",The Lip Butter Balm Minis,1732656228199928566,"$64,775.26","INIA CURVIFY EMS Booty Lift Fitness Shorts - Female Sports Fitness Shapewear for Women, Multi-Mode EMS Microcurrent, Glutes Sculpting, Pelvic Floor Support, Visible Results in 2-4 Wks",1729479457563251986,"$57,802.24"
lifewithangiemae,OEAK Womens Jelly Bras Wireless Comfortable Soft Push Up Bralettes Seamless Tshirts Bras Deep V Everyday Bras,1729714461980332262,"$191,872.11",DOBREVA Women's Unlined Balconette Bra No Padded Underwire Supportive Plus Size Smooth Scoop Neck,1731395246467027235,"$148,723.26",Eleplus 3 Pieces Lightly Lined Wireless Bras for Women Comfy Plunge T Shirt Bra Pack Style Womenswear for Everyday & Bridal Events #SummerVibes,1731831726131155211,"$131,374.80","Bella Vita Luxury's Honey Oud | Eau de Parfum 100ml (3.4 fl oz) | Patchouli, Vanilla, Bergamot | Floral & Spicy | Made with Clean & Vegan Essentials Oils | Cruelty Free Fragrance Perfume",1729413742968869814,"$127,242.82",Unlined Plunge Scoop Bra Lace Trim Balconette Sexy Underwire Demi Bras Deep V,1731992992760893731,"$127,033.33"
lil.bbykay,"Bella Vita Luxury's Honey Oud | Eau de Parfum 100ml (3.4 fl oz) | Patchouli, Vanilla, Bergamot | Floral & Spicy | Made with Clean & Vegan Essentials Oils | Cruelty Free Fragrance Perfume",1729413742968869814,"$127,242.82",tarte easy skin duo - CC tinted serum + creaseless SPF 30 on-the-go powder,1732422500087993276,"$89,844.51",SEPHORA COLLECTION Advent Calendar,1732675476143248315,"$89,586.95",Dr. Scholl's Women's Joplin Fashion Boot,1731896531264573800,"$77,474.95",The Lip Butter Balm Minis,1732656228199928566,"$64,775.26"
lil.mishr00m,OEAK Womens Jelly Bras Wireless Comfortable Soft Push Up Bralettes Seamless Tshirts Bras Deep V Everyday Bras,1729714461980332262,"$191,872.11",DOBREVA Women's Unlined Balconette Bra No Padded Underwire Supportive Plus Size Smooth Scoop Neck,1731395246467027235,"$148,723.26",Eleplus 3 Pieces Lightly Lined Wireless Bras for Women Comfy Plunge T Shirt Bra Pack Style Womenswear for Everyday & Bridal Events #SummerVibes,1731831726131155211,"$131,374.80",Unlined Plunge Scoop Bra Lace Trim Balconette Sexy Underwire Demi Bras Deep V,1731992992760893731,"$127,033.33",PrettyGarden Women's Oversized Cardigan Sweater Fall Long Lantern Sleeve Knit Open Front Lightweight Sweater Knitwear Tops,1731208195967717743,"$115,034.24"
lillian_harriss,OEAK Womens Jelly Bras Wireless Comfortable Soft Push Up Bralettes Seamless Tshirts Bras Deep V Everyday Bras,1729714461980332262,"$191,872.11",DOBREVA Women's Unlined Balconette Bra No Padded Underwire Supportive Plus Size Smooth Scoop Neck,1731395246467027235,"$148,723.26",Eleplus 3 Pieces Lightly Lined Wireless Bras for Women Comfy Plunge T Shirt Bra Pack Style Womenswear for Everyday & Bridal Events #SummerVibes,1731831726131155211,"$131,374.80","Bella Vita Luxury's Honey Oud | Eau de Parfum 100ml (3.4 fl oz) | Patchouli, Vanilla, Bergamot | Floral & Spicy | Made with Clean & Vegan Essentials Oils | Cruelty Free Fragrance Perfume",1729413742968869814,"$127,242.82",Unlined Plunge Scoop Bra Lace Trim Balconette Sexy Underwire Demi Bras Deep V,1731992992760893731,"$127,033.33"
lindsayreisert,OEAK Womens Jelly Bras Wireless Comfortable Soft Push Up Bralettes Seamless Tshirts Bras Deep V Everyday Bras,1729714461980332262,"$191,872.11",DOBREVA Women's Unlined Balconette Bra No Padded Underwire Supportive Plus Size Smooth Scoop Neck,1731395246467027235,"$148,723.26",Eleplus 3 Pieces Lightly Lined Wireless Bras for Women Comfy Plunge T Shirt Bra Pack Style Womenswear for Everyday & Bridal Events #SummerVibes,1731831726131155211,"$131,374.80",Unlined Plunge Scoop Bra Lace Trim Balconette Sexy Underwire Demi Bras Deep V,1731992992760893731,"$127,033.33",PrettyGarden Women's Oversized Cardigan Sweater Fall Long Lantern Sleeve Knit Open Front Lightweight Sweater Knitwear Tops,1731208195967717743,"$115,034.24"
linzbuzzard,"Medium Firm Hybrid Memory Foam Mattress - 8/10/12/14 in Twin, Full, Queen, King Sizes, Lumbar Support, Ergonomic Design, for Home Rooms, Hotels, Boxed Furniture Gift, Memory Foam Mattresses, Queen Size Mattress,dorm essentials,home decor",1730092261582738160,"$69,222.51","【Back to school】Dowinx Big and Tall Office Chair with Pocket Spring Cushion,High Back Computer Gaming Chairs with Linkage Armrests,Executive Desk Chairs with Footrest,PU Leather",1732199719185846685,"$22,703.28",JASGOOD Women Wide Chunky Belt for Dresses Fashion Thick Suede Belt with Gold Buckle,1732071333641097693,"$18,407.54",GOO GOO Hair Extensions Seamless Clip in Human Hair Extensions Natural Straight Hair #sohochic #tiktokshopstockup#TikTokShopFallDealsForYou,1729397696606998963,"$15,131.16",PASCAL Timeless Classic Diamond Watch for Women & Men 31mm & 36mm with White Lab-Grown Diamonds Swiss Ronda 763 Quartz Movement Stainless Steel Bracelet Everyday Luxury Gift,1732063642461639260,"$14,745.35"
little__j,OEAK Womens Jelly Bras Wireless Comfortable Soft Push Up Bralettes Seamless Tshirts Bras Deep V Everyday Bras,1729714461980332262,"$191,872.11",DOBREVA Women's Unlined Balconette Bra No Padded Underwire Supportive Plus Size Smooth Scoop Neck,1731395246467027235,"$148,723.26",Eleplus 3 Pieces Lightly Lined Wireless Bras for Women Comfy Plunge T Shirt Bra Pack Style Womenswear for Everyday & Bridal Events #SummerVibes,1731831726131155211,"$131,374.80","Bella Vita Luxury's Honey Oud | Eau de Parfum 100ml (3.4 fl oz) | Patchouli, Vanilla, Bergamot | Floral & Spicy | Made with Clean & Vegan Essentials Oils | Cruelty Free Fragrance Perfume",1729413742968869814,"$127,242.82",Unlined Plunge Scoop Bra Lace Trim Balconette Sexy Underwire Demi Bras Deep V,1731992992760893731,"$127,033.33"
livingwith.lindsay,OEAK Womens Jelly Bras Wireless Comfortable Soft Push Up Bralettes Seamless Tshirts Bras Deep V Everyday Bras,1729714461980332262,"$191,872.11",DOBREVA Women's Unlined Balconette Bra No Padded Underwire Supportive Plus Size Smooth Scoop Neck,1731395246467027235,"$148,723.26",Eleplus 3 Pieces Lightly Lined Wireless Bras for Women Comfy Plunge T Shirt Bra Pack Style Womenswear for Everyday & Bridal Events #SummerVibes,1731831726131155211,"$131,374.80",Unlined Plunge Scoop Bra Lace Trim Balconette Sexy Underwire Demi Bras Deep V,1731992992760893731,"$127,033.33",LUCKMEEY Women High Waisted Seamless Shapewear Shorts Tummy Control Butt Lift Faja Body Shaper Breathable Slimming High Waist Shaping Shorts with Built-in Crotch Invisible Fit for Everyday Wear#sohochic,1730652584168165420,"$101,261.83"
lizshops,OEAK Womens Jelly Bras Wireless Comfortable Soft Push Up Bralettes Seamless Tshirts Bras Deep V Everyday Bras,1729714461980332262,"$191,872.11",DOBREVA Women's Unlined Balconette Bra No Padded Underwire Supportive Plus Size Smooth Scoop Neck,1731395246467027235,"$148,723.26",Halara One Shoulder Long Sleeve Thumb Hole Curved Hem High Low Quick Dry Yoga Sports Top-Built-in Bra,1731918375289458980,"$140,526.94",Eleplus 3 Pieces Lightly Lined Wireless Bras for Women Comfy Plunge T Shirt Bra Pack Style Womenswear for Everyday & Bridal Events #SummerVibes,1731831726131155211,"$131,374.80",Unlined Plunge Scoop Bra Lace Trim Balconette Sexy Underwire Demi Bras Deep V,1731992992760893731,"$127,033.33"
lizzmi45,OEAK Womens Jelly Bras Wireless Comfortable Soft Push Up Bralettes Seamless Tshirts Bras Deep V Everyday Bras,1729714461980332262,"$191,872.11",DOBREVA Women's Unlined Balconette Bra No Padded Underwire Supportive Plus Size Smooth Scoop Neck,1731395246467027235,"$148,723.26",Halara One Shoulder Long Sleeve Thumb Hole Curved Hem High Low Quick Dry Yoga Sports Top-Built-in Bra,1731918375289458980,"$140,526.94",Eleplus 3 Pieces Lightly Lined Wireless Bras for Women Comfy Plunge T Shirt Bra Pack Style Womenswear for Everyday & Bridal Events #SummerVibes,1731831726131155211,"$131,374.80",Unlined Plunge Scoop Bra Lace Trim Balconette Sexy Underwire Demi Bras Deep V,1731992992760893731,"$127,033.33"
lizzv23,OEAK Womens Jelly Bras Wireless Comfortable Soft Push Up Bralettes Seamless Tshirts Bras Deep V Everyday Bras,1729714461980332262,"$191,872.11",DOBREVA Women's Unlined Balconette Bra No Padded Underwire Supportive Plus Size Smooth Scoop Neck,1731395246467027235,"$148,723.26",Halara One Shoulder Long Sleeve Thumb Hole Curved Hem High Low Quick Dry Yoga Sports Top-Built-in Bra,1731918375289458980,"$140,526.94",Eleplus 3 Pieces Lightly Lined Wireless Bras for Women Comfy Plunge T Shirt Bra Pack Style Womenswear for Everyday & Bridal Events #SummerVibes,1731831726131155211,"$131,374.80",Unlined Plunge Scoop Bra Lace Trim Balconette Sexy Underwire Demi Bras Deep V,1731992992760893731,"$127,033.33"
london_bridges_the_gap,"BUILT Bar Puff Protein Bar, Pumpkin Cookie Chunk, Protein Packed Snack, Collagen, 160 calories, Not Gluten Free, 12 Count Box",1731834460486013170,"$21,038.35","12pcs Rechargeable USB-C LED Flameless Tealight Candle with Remote Control, Charging Station, Timer for Halloween, Christmas Indoor Home Table Glass Jars or Candle Holders, Candles",1731889181560639922,"$9,763.34",VASAIKO 6-in-1 Portable Indoor Environment Monitor with Temperature & Humidity Monitoring Plug-and-Play Design High-Definition Display Accurate Alerts Ideal for Kitchen Garage RVs Apartments sohochic,1732022410216050952,"$8,485.93",Unshelled Sunflower Spicy Red Seeds 12oz,1732220469286507347,"$3,911.51","WARSUN T7 EDC Flashlight, Pocket LED Work Light with Magnetic Base & Clip, USB-C Rechargeable, Compact Everyday Carry Tool for Camping, Car Repair and Outdoor Use",1729541227726476256,"$3,822.81"
lydiaaulozzi_,"Bella Vita Luxury's Honey Oud | Eau de Parfum 100ml (3.4 fl oz) | Patchouli, Vanilla, Bergamot | Floral & Spicy | Made with Clean & Vegan Essentials Oils | Cruelty Free Fragrance Perfume",1729413742968869814,"$127,242.82",tarte easy skin duo - CC tinted serum + creaseless SPF 30 on-the-go powder,1732422500087993276,"$89,844.51",SEPHORA COLLECTION Advent Calendar,1732675476143248315,"$89,586.95",The Lip Butter Balm Minis,1732656228199928566,"$64,775.26","INIA CURVIFY EMS Booty Lift Fitness Shorts - Female Sports Fitness Shapewear for Women, Multi-Mode EMS Microcurrent, Glutes Sculpting, Pelvic Floor Support, Visible Results in 2-4 Wks",1729479457563251986,"$57,802.24"
lyndatrann,"Bella Vita Luxury's Honey Oud | Eau de Parfum 100ml (3.4 fl oz) | Patchouli, Vanilla, Bergamot | Floral & Spicy | Made with Clean & Vegan Essentials Oils | Cruelty Free Fragrance Perfume",1729413742968869814,"$127,242.82",tarte easy skin duo - CC tinted serum + creaseless SPF 30 on-the-go powder,1732422500087993276,"$89,844.51",SEPHORA COLLECTION Advent Calendar,1732675476143248315,"$89,586.95",The Lip Butter Balm Minis,1732656228199928566,"$64,775.26","INIA CURVIFY EMS Booty Lift Fitness Shorts - Female Sports Fitness Shapewear for Women, Multi-Mode EMS Microcurrent, Glutes Sculpting, Pelvic Floor Support, Visible Results in 2-4 Wks",1729479457563251986,"$57,802.24"
mahoganylox,"Bella Vita Luxury's Honey Oud | Eau de Parfum 100ml (3.4 fl oz) | Patchouli, Vanilla, Bergamot | Floral & Spicy | Made with Clean & Vegan Essentials Oils | Cruelty Free Fragrance Perfume",1729413742968869814,"$127,242.82",tarte easy skin duo - CC tinted serum + creaseless SPF 30 on-the-go powder,1732422500087993276,"$89,844.51",SEPHORA COLLECTION Advent Calendar,1732675476143248315,"$89,586.95","Women's Striped/rhombus/leaf/dot Cloud Handbag, Clip Closure Crossbody Bag, Lightweight Foldable for Daily Use, Gifts for Friends and Valentine's Day",1732227985172828427,"$75,069.67",The Lip Butter Balm Minis,1732656228199928566,"$64,775.26"
mama.of.boys7,Halara One Shoulder Long Sleeve Thumb Hole Curved Hem High Low Quick Dry Yoga Sports Top-Built-in Bra,1731918375289458980,"$140,526.94",Halara DayStretch High Waisted Barrel Leg Casual Pants with Pockets,1732535906609173342,"$51,346.60","2026 Dumpling Squishy Advent Calendar - Indoor Recreation Stress Relief Toy, 24 Surprise Kawaii Mini Food Squishy Figures, Cute Christmas Countdown Holiday Gift",1732609143065383676,"$48,688.45",【Creator’s Pick】Halara UltraSculpt High Waisted Tummy Control Pocket Shaping Training Leggings,1729406821413261604,"$47,639.35",Halara UltraSculpt™ V-Shaped High Waisted Contrast Lace Yoga Flare Leggings with Pockets,1732311109215294302,"$44,155.29"
mariebriii,"Bella Vita Luxury's Honey Oud | Eau de Parfum 100ml (3.4 fl oz) | Patchouli, Vanilla, Bergamot | Floral & Spicy | Made with Clean & Vegan Essentials Oils | Cruelty Free Fragrance Perfume",1729413742968869814,"$127,242.82",tarte easy skin duo - CC tinted serum + creaseless SPF 30 on-the-go powder,1732422500087993276,"$89,844.51",SEPHORA COLLECTION Advent Calendar,1732675476143248315,"$89,586.95",The Lip Butter Balm Minis,1732656228199928566,"$64,775.26","INIA CURVIFY EMS Booty Lift Fitness Shorts - Female Sports Fitness Shapewear for Women, Multi-Mode EMS Microcurrent, Glutes Sculpting, Pelvic Floor Support, Visible Results in 2-4 Wks",1729479457563251986,"$57,802.24"
mariefloree,"Bella Vita Luxury's Honey Oud | Eau de Parfum 100ml (3.4 fl oz) | Patchouli, Vanilla, Bergamot | Floral & Spicy | Made with Clean & Vegan Essentials Oils | Cruelty Free Fragrance Perfume",1729413742968869814,"$127,242.82",tarte easy skin duo - CC tinted serum + creaseless SPF 30 on-the-go powder,1732422500087993276,"$89,844.51",SEPHORA COLLECTION Advent Calendar,1732675476143248315,"$89,586.95","Medium Firm Hybrid Memory Foam Mattress - 8/10/12/14 in Twin, Full, Queen, King Sizes, Lumbar Support, Ergonomic Design, for Home Rooms, Hotels, Boxed Furniture Gift, Memory Foam Mattresses, Queen Size Mattress,dorm essentials,home decor",1730092261582738160,"$69,222.51",The Lip Butter Balm Minis,1732656228199928566,"$64,775.26"
marladaye,OEAK Womens Jelly Bras Wireless Comfortable Soft Push Up Bralettes Seamless Tshirts Bras Deep V Everyday Bras,1729714461980332262,"$191,872.11",DOBREVA Women's Unlined Balconette Bra No Padded Underwire Supportive Plus Size Smooth Scoop Neck,1731395246467027235,"$148,723.26",Eleplus 3 Pieces Lightly Lined Wireless Bras for Women Comfy Plunge T Shirt Bra Pack Style Womenswear for Everyday & Bridal Events #SummerVibes,1731831726131155211,"$131,374.80","Bella Vita Luxury's Honey Oud | Eau de Parfum 100ml (3.4 fl oz) | Patchouli, Vanilla, Bergamot | Floral & Spicy | Made with Clean & Vegan Essentials Oils | Cruelty Free Fragrance Perfume",1729413742968869814,"$127,242.82",Unlined Plunge Scoop Bra Lace Trim Balconette Sexy Underwire Demi Bras Deep V,1731992992760893731,"$127,033.33"
meganlouise2319,Hanes Ecosmart Boys' Tank 5-pack Underwear Multi Pack Comfortable Fit Soft Stretch Fabric Breathable Brlta5,1731045157806380004,"$6,974.08","4-in-1 Set Adorable Dinosaur-Astronaut Animal Themed Multicolor Mini Pens, 20/30/50Pcs Bulk Office Stationery, Back to School Supplies for Kids Ages 8+, Birthday Presents & Adorable Party Favors",1731220844494426246,"$6,669.53","Lifelines FlowArt Guided Art Meditations – Activity Pads with Themed Markers – Dot-by-Letter, Hidden Patterns, Pogo-Dot, Mosaic Designs, UV Art, or Dot-Pop - Coloring Books for Teens, Adults & Seniors",1731442954403287874,"$4,020.01",Comfrt Kids | Camo Sweatpants | Soft Kids Camo Jogger Sweatpants,1730874087014830979,"$3,681.10","Hadley Designs My First Busy Book - Preschool Montessori Learning Tool for Toddlers 3-4 Years, Early Childhood Development Hands-On Interactive Pages Quiet Book for Homeschool",1731812523317564380,"$2,614.69"
michaelascott20,OEAK Womens Jelly Bras Wireless Comfortable Soft Push Up Bralettes Seamless Tshirts Bras Deep V Everyday Bras,1729714461980332262,"$191,872.11",DOBREVA Women's Unlined Balconette Bra No Padded Underwire Supportive Plus Size Smooth Scoop Neck,1731395246467027235,"$148,723.26",Eleplus 3 Pieces Lightly Lined Wireless Bras for Women Comfy Plunge T Shirt Bra Pack Style Womenswear for Everyday & Bridal Events #SummerVibes,1731831726131155211,"$131,374.80","Bella Vita Luxury's Honey Oud | Eau de Parfum 100ml (3.4 fl oz) | Patchouli, Vanilla, Bergamot | Floral & Spicy | Made with Clean & Vegan Essentials Oils | Cruelty Free Fragrance Perfume",1729413742968869814,"$127,242.82",Unlined Plunge Scoop Bra Lace Trim Balconette Sexy Underwire Demi Bras Deep V,1731992992760893731,"$127,033.33"
michaelashops,OEAK Womens Jelly Bras Wireless Comfortable Soft Push Up Bralettes Seamless Tshirts Bras Deep V Everyday Bras,1729714461980332262,"$191,872.11",DOBREVA Women's Unlined Balconette Bra No Padded Underwire Supportive Plus Size Smooth Scoop Neck,1731395246467027235,"$148,723.26",Eleplus 3 Pieces Lightly Lined Wireless Bras for Women Comfy Plunge T Shirt Bra Pack Style Womenswear for Everyday & Bridal Events #SummerVibes,1731831726131155211,"$131,374.80","Bella Vita Luxury's Honey Oud | Eau de Parfum 100ml (3.4 fl oz) | Patchouli, Vanilla, Bergamot | Floral & Spicy | Made with Clean & Vegan Essentials Oils | Cruelty Free Fragrance Perfume",1729413742968869814,"$127,242.82",Unlined Plunge Scoop Bra Lace Trim Balconette Sexy Underwire Demi Bras Deep V,1731992992760893731,"$127,033.33"
michelledemoda,OEAK Womens Jelly Bras Wireless Comfortable Soft Push Up Bralettes Seamless Tshirts Bras Deep V Everyday Bras,1729714461980332262,"$191,872.11",DOBREVA Women's Unlined Balconette Bra No Padded Underwire Supportive Plus Size Smooth Scoop Neck,1731395246467027235,"$148,723.26",Eleplus 3 Pieces Lightly Lined Wireless Bras for Women Comfy Plunge T Shirt Bra Pack Style Womenswear for Everyday & Bridal Events #SummerVibes,1731831726131155211,"$131,374.80","Bella Vita Luxury's Honey Oud | Eau de Parfum 100ml (3.4 fl oz) | Patchouli, Vanilla, Bergamot | Floral & Spicy | Made with Clean & Vegan Essentials Oils | Cruelty Free Fragrance Perfume",1729413742968869814,"$127,242.82",Unlined Plunge Scoop Bra Lace Trim Balconette Sexy Underwire Demi Bras Deep V,1731992992760893731,"$127,033.33"
mish1977,"Bella Vita Luxury's Honey Oud | Eau de Parfum 100ml (3.4 fl oz) | Patchouli, Vanilla, Bergamot | Floral & Spicy | Made with Clean & Vegan Essentials Oils | Cruelty Free Fragrance Perfume",1729413742968869814,"$127,242.82",tarte easy skin duo - CC tinted serum + creaseless SPF 30 on-the-go powder,1732422500087993276,"$89,844.51",SEPHORA COLLECTION Advent Calendar,1732675476143248315,"$89,586.95",The Lip Butter Balm Minis,1732656228199928566,"$64,775.26","INIA CURVIFY EMS Booty Lift Fitness Shorts - Female Sports Fitness Shapewear for Women, Multi-Mode EMS Microcurrent, Glutes Sculpting, Pelvic Floor Support, Visible Results in 2-4 Wks",1729479457563251986,"$57,802.24"
mobilemerchant,"Bella Vita Luxury's Honey Oud | Eau de Parfum 100ml (3.4 fl oz) | Patchouli, Vanilla, Bergamot | Floral & Spicy | Made with Clean & Vegan Essentials Oils | Cruelty Free Fragrance Perfume",1729413742968869814,"$127,242.82",tarte easy skin duo - CC tinted serum + creaseless SPF 30 on-the-go powder,1732422500087993276,"$89,844.51",SEPHORA COLLECTION Advent Calendar,1732675476143248315,"$89,586.95","INIA CURVIFY EMS Booty Lift Fitness Shorts - Female Sports Fitness Shapewear for Women, Multi-Mode EMS Microcurrent, Glutes Sculpting, Pelvic Floor Support, Visible Results in 2-4 Wks",1729479457563251986,"$57,802.24","[Dr.Melaxin Official] Zero-Fit Korean Pimple Patch Duo, 144 Patches (72 x 2) | S-ZINC Blemish Spot Patch + MELA-C·E Dark Spot Patch | Ultra-Thin Invisible Micro Patches, Pre-Makeup Fit | Korean Skincare",1732544791635398683,"$46,950.78"
mommarynn,OEAK Womens Jelly Bras Wireless Comfortable Soft Push Up Bralettes Seamless Tshirts Bras Deep V Everyday Bras,1729714461980332262,"$191,872.11",DOBREVA Women's Unlined Balconette Bra No Padded Underwire Supportive Plus Size Smooth Scoop Neck,1731395246467027235,"$148,723.26",Eleplus 3 Pieces Lightly Lined Wireless Bras for Women Comfy Plunge T Shirt Bra Pack Style Womenswear for Everyday & Bridal Events #SummerVibes,1731831726131155211,"$131,374.80","Bella Vita Luxury's Honey Oud | Eau de Parfum 100ml (3.4 fl oz) | Patchouli, Vanilla, Bergamot | Floral & Spicy | Made with Clean & Vegan Essentials Oils | Cruelty Free Fragrance Perfume",1729413742968869814,"$127,242.82",Unlined Plunge Scoop Bra Lace Trim Balconette Sexy Underwire Demi Bras Deep V,1731992992760893731,"$127,033.33"
natachacarlile,OEAK Womens Jelly Bras Wireless Comfortable Soft Push Up Bralettes Seamless Tshirts Bras Deep V Everyday Bras,1729714461980332262,"$191,872.11",DOBREVA Women's Unlined Balconette Bra No Padded Underwire Supportive Plus Size Smooth Scoop Neck,1731395246467027235,"$148,723.26",Halara One Shoulder Long Sleeve Thumb Hole Curved Hem High Low Quick Dry Yoga Sports Top-Built-in Bra,1731918375289458980,"$140,526.94",Eleplus 3 Pieces Lightly Lined Wireless Bras for Women Comfy Plunge T Shirt Bra Pack Style Womenswear for Everyday & Bridal Events #SummerVibes,1731831726131155211,"$131,374.80",Unlined Plunge Scoop Bra Lace Trim Balconette Sexy Underwire Demi Bras Deep V,1731992992760893731,"$127,033.33"
nataleezyy,"Bella Vita Luxury's Honey Oud | Eau de Parfum 100ml (3.4 fl oz) | Patchouli, Vanilla, Bergamot | Floral & Spicy | Made with Clean & Vegan Essentials Oils | Cruelty Free Fragrance Perfume",1729413742968869814,"$127,242.82",tarte easy skin duo - CC tinted serum + creaseless SPF 30 on-the-go powder,1732422500087993276,"$89,844.51","INIA CURVIFY EMS Booty Lift Fitness Shorts - Female Sports Fitness Shapewear for Women, Multi-Mode EMS Microcurrent, Glutes Sculpting, Pelvic Floor Support, Visible Results in 2-4 Wks",1729479457563251986,"$57,802.24",Bur Bur Mermaid Brush - Essential Brush with Ethically Sourced Bristles & Natural Rubber Cushion for Medium to Thick Hair,1729964731527696782,"$33,977.55",tarte timeless hydrating foundation & serum foundation brush - full coverage serum foundation + FREE brush,1732289079425471420,"$33,447.26"
nataleezyyirl,OEAK Womens Jelly Bras Wireless Comfortable Soft Push Up Bralettes Seamless Tshirts Bras Deep V Everyday Bras,1729714461980332262,"$191,872.11",DOBREVA Women's Unlined Balconette Bra No Padded Underwire Supportive Plus Size Smooth Scoop Neck,1731395246467027235,"$148,723.26",Eleplus 3 Pieces Lightly Lined Wireless Bras for Women Comfy Plunge T Shirt Bra Pack Style Womenswear for Everyday & Bridal Events #SummerVibes,1731831726131155211,"$131,374.80","Bella Vita Luxury's Honey Oud | Eau de Parfum 100ml (3.4 fl oz) | Patchouli, Vanilla, Bergamot | Floral & Spicy | Made with Clean & Vegan Essentials Oils | Cruelty Free Fragrance Perfume",1729413742968869814,"$127,242.82",Unlined Plunge Scoop Bra Lace Trim Balconette Sexy Underwire Demi Bras Deep V,1731992992760893731,"$127,033.33"
natalieporretta,OEAK Womens Jelly Bras Wireless Comfortable Soft Push Up Bralettes Seamless Tshirts Bras Deep V Everyday Bras,1729714461980332262,"$191,872.11",DOBREVA Women's Unlined Balconette Bra No Padded Underwire Supportive Plus Size Smooth Scoop Neck,1731395246467027235,"$148,723.26",Eleplus 3 Pieces Lightly Lined Wireless Bras for Women Comfy Plunge T Shirt Bra Pack Style Womenswear for Everyday & Bridal Events #SummerVibes,1731831726131155211,"$131,374.80","Bella Vita Luxury's Honey Oud | Eau de Parfum 100ml (3.4 fl oz) | Patchouli, Vanilla, Bergamot | Floral & Spicy | Made with Clean & Vegan Essentials Oils | Cruelty Free Fragrance Perfume",1729413742968869814,"$127,242.82",Unlined Plunge Scoop Bra Lace Trim Balconette Sexy Underwire Demi Bras Deep V,1731992992760893731,"$127,033.33"
natalietucc,"Bella Vita Luxury's Honey Oud | Eau de Parfum 100ml (3.4 fl oz) | Patchouli, Vanilla, Bergamot | Floral & Spicy | Made with Clean & Vegan Essentials Oils | Cruelty Free Fragrance Perfume",1729413742968869814,"$127,242.82",SEPHORA COLLECTION Advent Calendar,1732675476143248315,"$89,586.95","INIA CURVIFY EMS Booty Lift Fitness Shorts - Female Sports Fitness Shapewear for Women, Multi-Mode EMS Microcurrent, Glutes Sculpting, Pelvic Floor Support, Visible Results in 2-4 Wks",1729479457563251986,"$57,802.24","[Dr.Melaxin Official] Zero-Fit Korean Pimple Patch Duo, 144 Patches (72 x 2) | S-ZINC Blemish Spot Patch + MELA-C·E Dark Spot Patch | Ultra-Thin Invisible Micro Patches, Pre-Makeup Fit | Korean Skincare",1732544791635398683,"$46,950.78",Bur Bur Mermaid Brush - Essential Brush with Ethically Sourced Bristles & Natural Rubber Cushion for Medium to Thick Hair,1729964731527696782,"$33,977.55"
official.ally.a.54,Hanes Ecosmart Boys' Tank 5-pack Underwear Multi Pack Comfortable Fit Soft Stretch Fabric Breathable Brlta5,1731045157806380004,"$6,974.08","Claire Monroe - Systematic Theology for Kids Softcover Book - 2026 Edition, English, Ages 6-9, Full Colour Illustrations, 88 Visual Concepts, NLT Bible Verses, Easy Explanations, Discussion Activities, Q&A Reflection Questions, Homeschool, Sunday School",1732273429270925737,"$4,559.61",Comfrt Kids | Camo Sweatpants | Soft Kids Camo Jogger Sweatpants,1730874087014830979,"$3,681.10",Michael Coloring Book,1732387379775443062,"$2,512.98",Comfrt | Kids Explorer Travel Zip Hoodie | Boys & Girls Hooded Zipper Sweatshirt for Traveling,1732591192658776963,"$2,215.70"
ohheyitsabbie,To-Go Buddy - Universal Cup Insulator for to-go cups - Keeps Drinks Hot Cold 12+ Hours - Vacuum Insulated Tumbler,1729430518270038922,"$62,011.27",Ninja NeverQuit 3-Piece Fry Pan Ceramic Cookware Set - CQ13000,1729536009518879829,"$41,654.28","Universal Buddy - Fits 12oz Cans, Slim Cans, 12oz Bottles, 16oz Cans | Coffee Cup - Double Wall Insulated Drinkware",1729430519776777098,"$37,358.50",Frostbuddy Fall Collection,1732414112211899274,"$23,733.10","Women’s Soft PU Leather 2-Piece Classic Checkered Makeup Bag Set - Durable Reinforced Stitch Makeup Pouch, Lipstick Organizer, Bathroom Countertop Storage, Christmas Gift for Travel Use",1729474518842119875,"$19,293.15"
ohkrista,Dr. Scholl's Women's Joplin Fashion Boot,1731896531264573800,"$77,474.95","EVELLYHOOTD Women's Sohochic Leopard Print Genuine Suede Leather Loafers - Mule Flats Clogs, Slip-On Casual Shoes with Arch Support for Casual Walks, Gifts for Women",1732171696888648231,"$48,403.58","Dr. Scholl's Women's Joplin Low Fashion Boot - Shoes for Women, Casual Minimalist Square Toe Design, Comfortable Block Heel, Leather & Smooth Faux Leather Construction, Footwear Fashion with Recycled Parts",1732469048422666600,"$35,779.93",Vince Camuto Adjustable Slingback Pumps - Thanya,1732491617205392327,"$28,243.23","Bears with Benefits Biotin Gummies for Hair Growth, Skin & Nails –  5000 mcg Biotin + Vitamins C & E + Zinc - 30 Gummies - Vegan Wild Berry Flavor - 1 Month Supply",1730755223971074070,"$23,956.69"
ohsoitsjocelyn,OEAK Womens Jelly Bras Wireless Comfortable Soft Push Up Bralettes Seamless Tshirts Bras Deep V Everyday Bras,1729714461980332262,"$191,872.11",DOBREVA Women's Unlined Balconette Bra No Padded Underwire Supportive Plus Size Smooth Scoop Neck,1731395246467027235,"$148,723.26",Halara One Shoulder Long Sleeve Thumb Hole Curved Hem High Low Quick Dry Yoga Sports Top-Built-in Bra,1731918375289458980,"$140,526.94",Eleplus 3 Pieces Lightly Lined Wireless Bras for Women Comfy Plunge T Shirt Bra Pack Style Womenswear for Everyday & Bridal Events #SummerVibes,1731831726131155211,"$131,374.80",Unlined Plunge Scoop Bra Lace Trim Balconette Sexy Underwire Demi Bras Deep V,1731992992760893731,"$127,033.33"
oinetta,"Women’s Soft PU Leather 2-Piece Classic Checkered Makeup Bag Set - Durable Reinforced Stitch Makeup Pouch, Lipstick Organizer, Bathroom Countertop Storage, Christmas Gift for Travel Use",1729474518842119875,"$19,293.15",JASGOOD Women Wide Chunky Belt for Dresses Fashion Thick Suede Belt with Gold Buckle,1732071333641097693,"$18,407.54",GOO GOO Hair Extensions Seamless Clip in Human Hair Extensions Natural Straight Hair #sohochic #tiktokshopstockup#TikTokShopFallDealsForYou,1729397696606998963,"$15,131.16",PASCAL Timeless Classic Diamond Watch for Women & Men 31mm & 36mm with White Lab-Grown Diamonds Swiss Ronda 763 Quartz Movement Stainless Steel Bracelet Everyday Luxury Gift,1732063642461639260,"$14,745.35",The Barb Wire Choker Danielle Guizio X The M Jewelers,1732377057880544126,"$10,579.97"
ollie999,"Skillmatics Peelies – Reusable Sticker Activity Book Mess-Free, 100+ Reusable Stickers, DIY Scrapbooking Kit for Toddlers & Preschoolers, Travel Toy, Gifts for Ages 3 to 7",1732148327640896289,"$18,379.88","DEBAOBULB Rechargeable Emergency LED Light Bulb - E26 Plug-in Fit, 120V, 9W (60W Equivalent), 6000K Daylight, 1200mAh Battery, Hook, Energy-Saving, Multiple Brightness, 1W 110lm Low Mode, for Home Power Outage, Safety Tools, Household Items, Home Goods",1730264570695685026,"$10,933.39","12pcs Rechargeable USB-C LED Flameless Tealight Candle with Remote Control, Charging Station, Timer for Halloween, Christmas Indoor Home Table Glass Jars or Candle Holders, Candles",1731889181560639922,"$9,763.34","Costzon Toddler Slide Rocking Toy with Basketball Hoop, Rocking Horse,  Foldable Climber Rocking slide playset for Both Indoors Outdoor Use, mothersdaygift",1729442692279013891,"$9,460.65",VASAIKO 6-in-1 Portable Indoor Environment Monitor with Temperature & Humidity Monitoring Plug-and-Play Design High-Definition Display Accurate Alerts Ideal for Kitchen Garage RVs Apartments sohochic,1732022410216050952,"$8,485.93"
petitewithjessy,OEAK Womens Jelly Bras Wireless Comfortable Soft Push Up Bralettes Seamless Tshirts Bras Deep V Everyday Bras,1729714461980332262,"$191,872.11",DOBREVA Women's Unlined Balconette Bra No Padded Underwire Supportive Plus Size Smooth Scoop Neck,1731395246467027235,"$148,723.26",Eleplus 3 Pieces Lightly Lined Wireless Bras for Women Comfy Plunge T Shirt Bra Pack Style Womenswear for Everyday & Bridal Events #SummerVibes,1731831726131155211,"$131,374.80",Unlined Plunge Scoop Bra Lace Trim Balconette Sexy Underwire Demi Bras Deep V,1731992992760893731,"$127,033.33",PrettyGarden Women's Oversized Cardigan Sweater Fall Long Lantern Sleeve Knit Open Front Lightweight Sweater Knitwear Tops,1731208195967717743,"$115,034.24"
peytonxblack,OEAK Womens Jelly Bras Wireless Comfortable Soft Push Up Bralettes Seamless Tshirts Bras Deep V Everyday Bras,1729714461980332262,"$191,872.11",DOBREVA Women's Unlined Balconette Bra No Padded Underwire Supportive Plus Size Smooth Scoop Neck,1731395246467027235,"$148,723.26",Eleplus 3 Pieces Lightly Lined Wireless Bras for Women Comfy Plunge T Shirt Bra Pack Style Womenswear for Everyday & Bridal Events #SummerVibes,1731831726131155211,"$131,374.80","Bella Vita Luxury's Honey Oud | Eau de Parfum 100ml (3.4 fl oz) | Patchouli, Vanilla, Bergamot | Floral & Spicy | Made with Clean & Vegan Essentials Oils | Cruelty Free Fragrance Perfume",1729413742968869814,"$127,242.82",Unlined Plunge Scoop Bra Lace Trim Balconette Sexy Underwire Demi Bras Deep V,1731992992760893731,"$127,033.33"
peytonxshops,"Bella Vita Luxury's Honey Oud | Eau de Parfum 100ml (3.4 fl oz) | Patchouli, Vanilla, Bergamot | Floral & Spicy | Made with Clean & Vegan Essentials Oils | Cruelty Free Fragrance Perfume",1729413742968869814,"$127,242.82",tarte easy skin duo - CC tinted serum + creaseless SPF 30 on-the-go powder,1732422500087993276,"$89,844.51",SEPHORA COLLECTION Advent Calendar,1732675476143248315,"$89,586.95",The Lip Butter Balm Minis,1732656228199928566,"$64,775.26","INIA CURVIFY EMS Booty Lift Fitness Shorts - Female Sports Fitness Shapewear for Women, Multi-Mode EMS Microcurrent, Glutes Sculpting, Pelvic Floor Support, Visible Results in 2-4 Wks",1729479457563251986,"$57,802.24"
pinspo.girl,OEAK Womens Jelly Bras Wireless Comfortable Soft Push Up Bralettes Seamless Tshirts Bras Deep V Everyday Bras,1729714461980332262,"$191,872.11",DOBREVA Women's Unlined Balconette Bra No Padded Underwire Supportive Plus Size Smooth Scoop Neck,1731395246467027235,"$148,723.26",Eleplus 3 Pieces Lightly Lined Wireless Bras for Women Comfy Plunge T Shirt Bra Pack Style Womenswear for Everyday & Bridal Events #SummerVibes,1731831726131155211,"$131,374.80","Bella Vita Luxury's Honey Oud | Eau de Parfum 100ml (3.4 fl oz) | Patchouli, Vanilla, Bergamot | Floral & Spicy | Made with Clean & Vegan Essentials Oils | Cruelty Free Fragrance Perfume",1729413742968869814,"$127,242.82",Unlined Plunge Scoop Bra Lace Trim Balconette Sexy Underwire Demi Bras Deep V,1731992992760893731,"$127,033.33"
prettygirlglaze,OEAK Womens Jelly Bras Wireless Comfortable Soft Push Up Bralettes Seamless Tshirts Bras Deep V Everyday Bras,1729714461980332262,"$191,872.11",DOBREVA Women's Unlined Balconette Bra No Padded Underwire Supportive Plus Size Smooth Scoop Neck,1731395246467027235,"$148,723.26",Eleplus 3 Pieces Lightly Lined Wireless Bras for Women Comfy Plunge T Shirt Bra Pack Style Womenswear for Everyday & Bridal Events #SummerVibes,1731831726131155211,"$131,374.80",Unlined Plunge Scoop Bra Lace Trim Balconette Sexy Underwire Demi Bras Deep V,1731992992760893731,"$127,033.33",PrettyGarden Women's Oversized Cardigan Sweater Fall Long Lantern Sleeve Knit Open Front Lightweight Sweater Knitwear Tops,1731208195967717743,"$115,034.24"
ragdollmanor,"Bella Vita Luxury's Honey Oud | Eau de Parfum 100ml (3.4 fl oz) | Patchouli, Vanilla, Bergamot | Floral & Spicy | Made with Clean & Vegan Essentials Oils | Cruelty Free Fragrance Perfume",1729413742968869814,"$127,242.82",tarte easy skin duo - CC tinted serum + creaseless SPF 30 on-the-go powder,1732422500087993276,"$89,844.51",SEPHORA COLLECTION Advent Calendar,1732675476143248315,"$89,586.95",The Lip Butter Balm Minis,1732656228199928566,"$64,775.26","INIA CURVIFY EMS Booty Lift Fitness Shorts - Female Sports Fitness Shapewear for Women, Multi-Mode EMS Microcurrent, Glutes Sculpting, Pelvic Floor Support, Visible Results in 2-4 Wks",1729479457563251986,"$57,802.24"
rebecca.becca.b,Halara One Shoulder Long Sleeve Thumb Hole Curved Hem High Low Quick Dry Yoga Sports Top-Built-in Bra,1731918375289458980,"$140,526.94","Bella Vita Luxury's Honey Oud | Eau de Parfum 100ml (3.4 fl oz) | Patchouli, Vanilla, Bergamot | Floral & Spicy | Made with Clean & Vegan Essentials Oils | Cruelty Free Fragrance Perfume",1729413742968869814,"$127,242.82",tarte easy skin duo - CC tinted serum + creaseless SPF 30 on-the-go powder,1732422500087993276,"$89,844.51",SEPHORA COLLECTION Advent Calendar,1732675476143248315,"$89,586.95",The Lip Butter Balm Minis,1732656228199928566,"$64,775.26"
riannapepe,OEAK Womens Jelly Bras Wireless Comfortable Soft Push Up Bralettes Seamless Tshirts Bras Deep V Everyday Bras,1729714461980332262,"$191,872.11",DOBREVA Women's Unlined Balconette Bra No Padded Underwire Supportive Plus Size Smooth Scoop Neck,1731395246467027235,"$148,723.26","Bella Vita Luxury's Honey Oud | Eau de Parfum 100ml (3.4 fl oz) | Patchouli, Vanilla, Bergamot | Floral & Spicy | Made with Clean & Vegan Essentials Oils | Cruelty Free Fragrance Perfume",1729413742968869814,"$127,242.82",Unlined Plunge Scoop Bra Lace Trim Balconette Sexy Underwire Demi Bras Deep V,1731992992760893731,"$127,033.33",PrettyGarden Women's Oversized Cardigan Sweater Fall Long Lantern Sleeve Knit Open Front Lightweight Sweater Knitwear Tops,1731208195967717743,"$115,034.24"
risingwithcristina,Halara One Shoulder Long Sleeve Thumb Hole Curved Hem High Low Quick Dry Yoga Sports Top-Built-in Bra,1731918375289458980,"$140,526.94",Halara DayStretch High Waisted Barrel Leg Casual Pants with Pockets,1732535906609173342,"$51,346.60","2026 Dumpling Squishy Advent Calendar - Indoor Recreation Stress Relief Toy, 24 Surprise Kawaii Mini Food Squishy Figures, Cute Christmas Countdown Holiday Gift",1732609143065383676,"$48,688.45",【Creator’s Pick】Halara UltraSculpt High Waisted Tummy Control Pocket Shaping Training Leggings,1729406821413261604,"$47,639.35",Halara UltraSculpt™ V-Shaped High Waisted Contrast Lace Yoga Flare Leggings with Pockets,1732311109215294302,"$44,155.29"
rondadaly,OEAK Womens Jelly Bras Wireless Comfortable Soft Push Up Bralettes Seamless Tshirts Bras Deep V Everyday Bras,1729714461980332262,"$191,872.11",DOBREVA Women's Unlined Balconette Bra No Padded Underwire Supportive Plus Size Smooth Scoop Neck,1731395246467027235,"$148,723.26",Halara One Shoulder Long Sleeve Thumb Hole Curved Hem High Low Quick Dry Yoga Sports Top-Built-in Bra,1731918375289458980,"$140,526.94",Eleplus 3 Pieces Lightly Lined Wireless Bras for Women Comfy Plunge T Shirt Bra Pack Style Womenswear for Everyday & Bridal Events #SummerVibes,1731831726131155211,"$131,374.80",Unlined Plunge Scoop Bra Lace Trim Balconette Sexy Underwire Demi Bras Deep V,1731992992760893731,"$127,033.33"
sam_joness_,Halara One Shoulder Long Sleeve Thumb Hole Curved Hem High Low Quick Dry Yoga Sports Top-Built-in Bra,1731918375289458980,"$140,526.94","Bella Vita Luxury's Honey Oud | Eau de Parfum 100ml (3.4 fl oz) | Patchouli, Vanilla, Bergamot | Floral & Spicy | Made with Clean & Vegan Essentials Oils | Cruelty Free Fragrance Perfume",1729413742968869814,"$127,242.82",tarte easy skin duo - CC tinted serum + creaseless SPF 30 on-the-go powder,1732422500087993276,"$89,844.51",SEPHORA COLLECTION Advent Calendar,1732675476143248315,"$89,586.95",The Lip Butter Balm Minis,1732656228199928566,"$64,775.26"
samanthasingsit,"Bella Vita Luxury's Honey Oud | Eau de Parfum 100ml (3.4 fl oz) | Patchouli, Vanilla, Bergamot | Floral & Spicy | Made with Clean & Vegan Essentials Oils | Cruelty Free Fragrance Perfume",1729413742968869814,"$127,242.82",tarte easy skin duo - CC tinted serum + creaseless SPF 30 on-the-go powder,1732422500087993276,"$89,844.51",SEPHORA COLLECTION Advent Calendar,1732675476143248315,"$89,586.95",The Lip Butter Balm Minis,1732656228199928566,"$64,775.26","INIA CURVIFY EMS Booty Lift Fitness Shorts - Female Sports Fitness Shapewear for Women, Multi-Mode EMS Microcurrent, Glutes Sculpting, Pelvic Floor Support, Visible Results in 2-4 Wks",1729479457563251986,"$57,802.24"
samshops_beauty,"Bella Vita Luxury's Honey Oud | Eau de Parfum 100ml (3.4 fl oz) | Patchouli, Vanilla, Bergamot | Floral & Spicy | Made with Clean & Vegan Essentials Oils | Cruelty Free Fragrance Perfume",1729413742968869814,"$127,242.82",tarte easy skin duo - CC tinted serum + creaseless SPF 30 on-the-go powder,1732422500087993276,"$89,844.51",SEPHORA COLLECTION Advent Calendar,1732675476143248315,"$89,586.95",The Lip Butter Balm Minis,1732656228199928566,"$64,775.26","INIA CURVIFY EMS Booty Lift Fitness Shorts - Female Sports Fitness Shapewear for Women, Multi-Mode EMS Microcurrent, Glutes Sculpting, Pelvic Floor Support, Visible Results in 2-4 Wks",1729479457563251986,"$57,802.24"
sarahhill920,OEAK Womens Jelly Bras Wireless Comfortable Soft Push Up Bralettes Seamless Tshirts Bras Deep V Everyday Bras,1729714461980332262,"$191,872.11",DOBREVA Women's Unlined Balconette Bra No Padded Underwire Supportive Plus Size Smooth Scoop Neck,1731395246467027235,"$148,723.26",Eleplus 3 Pieces Lightly Lined Wireless Bras for Women Comfy Plunge T Shirt Bra Pack Style Womenswear for Everyday & Bridal Events #SummerVibes,1731831726131155211,"$131,374.80","Bella Vita Luxury's Honey Oud | Eau de Parfum 100ml (3.4 fl oz) | Patchouli, Vanilla, Bergamot | Floral & Spicy | Made with Clean & Vegan Essentials Oils | Cruelty Free Fragrance Perfume",1729413742968869814,"$127,242.82",Unlined Plunge Scoop Bra Lace Trim Balconette Sexy Underwire Demi Bras Deep V,1731992992760893731,"$127,033.33"
sashamarielovesshopping,OEAK Womens Jelly Bras Wireless Comfortable Soft Push Up Bralettes Seamless Tshirts Bras Deep V Everyday Bras,1729714461980332262,"$191,872.11",DOBREVA Women's Unlined Balconette Bra No Padded Underwire Supportive Plus Size Smooth Scoop Neck,1731395246467027235,"$148,723.26",Eleplus 3 Pieces Lightly Lined Wireless Bras for Women Comfy Plunge T Shirt Bra Pack Style Womenswear for Everyday & Bridal Events #SummerVibes,1731831726131155211,"$131,374.80","Bella Vita Luxury's Honey Oud | Eau de Parfum 100ml (3.4 fl oz) | Patchouli, Vanilla, Bergamot | Floral & Spicy | Made with Clean & Vegan Essentials Oils | Cruelty Free Fragrance Perfume",1729413742968869814,"$127,242.82",Unlined Plunge Scoop Bra Lace Trim Balconette Sexy Underwire Demi Bras Deep V,1731992992760893731,"$127,033.33"
sashashopsalot,tarte easy skin duo - CC tinted serum + creaseless SPF 30 on-the-go powder,1732422500087993276,"$89,844.51",SEPHORA COLLECTION Advent Calendar,1732675476143248315,"$89,586.95",The Lip Butter Balm Minis,1732656228199928566,"$64,775.26","INIA CURVIFY EMS Booty Lift Fitness Shorts - Female Sports Fitness Shapewear for Women, Multi-Mode EMS Microcurrent, Glutes Sculpting, Pelvic Floor Support, Visible Results in 2-4 Wks",1729479457563251986,"$57,802.24",Bur Bur Mermaid Brush - Essential Brush with Ethically Sourced Bristles & Natural Rubber Cushion for Medium to Thick Hair,1729964731527696782,"$33,977.55"
savaii.j,OEAK Womens Jelly Bras Wireless Comfortable Soft Push Up Bralettes Seamless Tshirts Bras Deep V Everyday Bras,1729714461980332262,"$191,872.11",DOBREVA Women's Unlined Balconette Bra No Padded Underwire Supportive Plus Size Smooth Scoop Neck,1731395246467027235,"$148,723.26",Halara One Shoulder Long Sleeve Thumb Hole Curved Hem High Low Quick Dry Yoga Sports Top-Built-in Bra,1731918375289458980,"$140,526.94",Eleplus 3 Pieces Lightly Lined Wireless Bras for Women Comfy Plunge T Shirt Bra Pack Style Womenswear for Everyday & Bridal Events #SummerVibes,1731831726131155211,"$131,374.80",Unlined Plunge Scoop Bra Lace Trim Balconette Sexy Underwire Demi Bras Deep V,1731992992760893731,"$127,033.33"
savi_trends,Back To School！KUKIHO Wireless Lavalier Microphone for iPhone iPad Android With Charging Case Audio Smartphone Audio Smartphone,1729588735736517619,"$19,957.34","JLab JBuds Lux ANC Wireless Bluetooth Noise Cancelling Headphones with Mics, Adjustable Over-Ear Design, Custom EQ, Be Aware Safety Mode, Foldable, Wired Charging Cable, Compatible with iPhone/Android Devices (Tools and Gadgets, Mens Gifts)",1729430076387136161,"$19,300.54","Xtra Muse Vlogging Camera Recorder - 1'' CMOS 4K/120fps Digital Camera, 3-Axis Handheld Stabilizer, Fast Focusing, Face/Object Tracking, Micro SD Compatible, Pocket Video Camcorder for Content Creators, Pocket Camera",1731831763391320673,"$17,457.51",SHOKZ OpenRun Pro 2 Bone Conduction Bluetooth Sport Headphones；DualPitch premium sound；Open ear awareness; Smart Mic; IP55; 12H battery; Running/Cycling/Hiking,1729658353063203418,"$14,708.89","R36S Retro Video Handheld Console with Linux System 3.5 in IPS Screen 3000mAh Battery 32G+64G TF Card for Christmas, Thanksgiving, Holiday Gift,back to school,back to school haul",1729545052539097575,"$13,189.56"
seasonaldiariess,Ninja NeverQuit 3-Piece Fry Pan Ceramic Cookware Set - CQ13000,1729536009518879829,"$41,654.28","BUILT Bar Puff Protein Bar, Pumpkin Cookie Chunk, Protein Packed Snack, Collagen, 160 calories, Not Gluten Free, 12 Count Box",1731834460486013170,"$21,038.35","Etekcity ESN00 AI Smart Food Nutritional Scale - Digital, Portable Measuring Kitchen Scale with Smart Control, 19 Nutrient Facts Auto Scan, Calorie Counter for Meal Prep & Fitness, Compact Stainless Steel Design, Summer Sale, Digital Kitchen Scale",1729408268190847371,"$6,746.04",Iron Hammer Herbal Tea,1729412598545289712,"$5,554.05","SUSTEAS Manual Cheese Shredder - Hand Crank Rotary Grater with 5 18/10 Steel Blades, Stable Suction Cup Base, Multi-Functional Tool for Thick or Thin Slices, Works with Cheese & Veggies, Kitchen Utensil Accessory",1729386633884898245,"$5,067.41"
shilohstemple,"Bella Vita Luxury's Honey Oud | Eau de Parfum 100ml (3.4 fl oz) | Patchouli, Vanilla, Bergamot | Floral & Spicy | Made with Clean & Vegan Essentials Oils | Cruelty Free Fragrance Perfume",1729413742968869814,"$127,242.82",tarte easy skin duo - CC tinted serum + creaseless SPF 30 on-the-go powder,1732422500087993276,"$89,844.51",SEPHORA COLLECTION Advent Calendar,1732675476143248315,"$89,586.95",The Lip Butter Balm Minis,1732656228199928566,"$64,775.26","INIA CURVIFY EMS Booty Lift Fitness Shorts - Female Sports Fitness Shapewear for Women, Multi-Mode EMS Microcurrent, Glutes Sculpting, Pelvic Floor Support, Visible Results in 2-4 Wks",1729479457563251986,"$57,802.24"
shopaholicallee,OEAK Womens Jelly Bras Wireless Comfortable Soft Push Up Bralettes Seamless Tshirts Bras Deep V Everyday Bras,1729714461980332262,"$191,872.11",DOBREVA Women's Unlined Balconette Bra No Padded Underwire Supportive Plus Size Smooth Scoop Neck,1731395246467027235,"$148,723.26",Halara One Shoulder Long Sleeve Thumb Hole Curved Hem High Low Quick Dry Yoga Sports Top-Built-in Bra,1731918375289458980,"$140,526.94",Eleplus 3 Pieces Lightly Lined Wireless Bras for Women Comfy Plunge T Shirt Bra Pack Style Womenswear for Everyday & Bridal Events #SummerVibes,1731831726131155211,"$131,374.80",Unlined Plunge Scoop Bra Lace Trim Balconette Sexy Underwire Demi Bras Deep V,1731992992760893731,"$127,033.33"
shopaholicallee2,OEAK Womens Jelly Bras Wireless Comfortable Soft Push Up Bralettes Seamless Tshirts Bras Deep V Everyday Bras,1729714461980332262,"$191,872.11",DOBREVA Women's Unlined Balconette Bra No Padded Underwire Supportive Plus Size Smooth Scoop Neck,1731395246467027235,"$148,723.26",Halara One Shoulder Long Sleeve Thumb Hole Curved Hem High Low Quick Dry Yoga Sports Top-Built-in Bra,1731918375289458980,"$140,526.94",Eleplus 3 Pieces Lightly Lined Wireless Bras for Women Comfy Plunge T Shirt Bra Pack Style Womenswear for Everyday & Bridal Events #SummerVibes,1731831726131155211,"$131,374.80",Unlined Plunge Scoop Bra Lace Trim Balconette Sexy Underwire Demi Bras Deep V,1731992992760893731,"$127,033.33"
shopjulesm,OEAK Womens Jelly Bras Wireless Comfortable Soft Push Up Bralettes Seamless Tshirts Bras Deep V Everyday Bras,1729714461980332262,"$191,872.11",DOBREVA Women's Unlined Balconette Bra No Padded Underwire Supportive Plus Size Smooth Scoop Neck,1731395246467027235,"$148,723.26",Eleplus 3 Pieces Lightly Lined Wireless Bras for Women Comfy Plunge T Shirt Bra Pack Style Womenswear for Everyday & Bridal Events #SummerVibes,1731831726131155211,"$131,374.80",Unlined Plunge Scoop Bra Lace Trim Balconette Sexy Underwire Demi Bras Deep V,1731992992760893731,"$127,033.33",LUCKMEEY Women High Waisted Seamless Shapewear Shorts Tummy Control Butt Lift Faja Body Shaper Breathable Slimming High Waist Shaping Shorts with Built-in Crotch Invisible Fit for Everyday Wear#sohochic,1730652584168165420,"$101,261.83"
skylerclarkk,"Comfrt | The Dreamer Blanket | Oversized, Cozy, Soft Warm Throw",1729931833196778371,"$68,224.59","Skillmatics Peelies – Reusable Sticker Activity Book Mess-Free, 100+ Reusable Stickers, DIY Scrapbooking Kit for Toddlers & Preschoolers, Travel Toy, Gifts for Ages 3 to 7",1732148327640896289,"$18,379.88",Comfrt | Dream Cloud Pet Sofa Bed,1731648058898027395,"$14,542.41","【Fall Deals For You】WeCharmer 1000GSM Thick Bedding Mattress Topper, Queen/Twin XL Bed Accessories, Extra Thick Bamboo Down-Alternative Overfill, Cooling Cloud-Like Pillow Top, 360° Elastic Hold, 8-21In Deep Pocket for Back Pain Relief",1729457680158658805,"$11,615.89","Costzon Toddler Slide Rocking Toy with Basketball Hoop, Rocking Horse,  Foldable Climber Rocking slide playset for Both Indoors Outdoor Use, mothersdaygift",1729442692279013891,"$9,460.65"
southern_wellness,"Bella Vita Luxury's Honey Oud | Eau de Parfum 100ml (3.4 fl oz) | Patchouli, Vanilla, Bergamot | Floral & Spicy | Made with Clean & Vegan Essentials Oils | Cruelty Free Fragrance Perfume",1729413742968869814,"$127,242.82",tarte easy skin duo - CC tinted serum + creaseless SPF 30 on-the-go powder,1732422500087993276,"$89,844.51",SEPHORA COLLECTION Advent Calendar,1732675476143248315,"$89,586.95",The Lip Butter Balm Minis,1732656228199928566,"$64,775.26","INIA CURVIFY EMS Booty Lift Fitness Shorts - Female Sports Fitness Shapewear for Women, Multi-Mode EMS Microcurrent, Glutes Sculpting, Pelvic Floor Support, Visible Results in 2-4 Wks",1729479457563251986,"$57,802.24"
southernlakemom,OEAK Womens Jelly Bras Wireless Comfortable Soft Push Up Bralettes Seamless Tshirts Bras Deep V Everyday Bras,1729714461980332262,"$191,872.11",DOBREVA Women's Unlined Balconette Bra No Padded Underwire Supportive Plus Size Smooth Scoop Neck,1731395246467027235,"$148,723.26",Eleplus 3 Pieces Lightly Lined Wireless Bras for Women Comfy Plunge T Shirt Bra Pack Style Womenswear for Everyday & Bridal Events #SummerVibes,1731831726131155211,"$131,374.80",Unlined Plunge Scoop Bra Lace Trim Balconette Sexy Underwire Demi Bras Deep V,1731992992760893731,"$127,033.33",LUCKMEEY Women High Waisted Seamless Shapewear Shorts Tummy Control Butt Lift Faja Body Shaper Breathable Slimming High Waist Shaping Shorts with Built-in Crotch Invisible Fit for Everyday Wear#sohochic,1730652584168165420,"$101,261.83"
soyabundanciaa,OEAK Womens Jelly Bras Wireless Comfortable Soft Push Up Bralettes Seamless Tshirts Bras Deep V Everyday Bras,1729714461980332262,"$191,872.11",DOBREVA Women's Unlined Balconette Bra No Padded Underwire Supportive Plus Size Smooth Scoop Neck,1731395246467027235,"$148,723.26",Halara One Shoulder Long Sleeve Thumb Hole Curved Hem High Low Quick Dry Yoga Sports Top-Built-in Bra,1731918375289458980,"$140,526.94",Eleplus 3 Pieces Lightly Lined Wireless Bras for Women Comfy Plunge T Shirt Bra Pack Style Womenswear for Everyday & Bridal Events #SummerVibes,1731831726131155211,"$131,374.80",Unlined Plunge Scoop Bra Lace Trim Balconette Sexy Underwire Demi Bras Deep V,1731992992760893731,"$127,033.33"
spankifarris,OEAK Womens Jelly Bras Wireless Comfortable Soft Push Up Bralettes Seamless Tshirts Bras Deep V Everyday Bras,1729714461980332262,"$191,872.11",DOBREVA Women's Unlined Balconette Bra No Padded Underwire Supportive Plus Size Smooth Scoop Neck,1731395246467027235,"$148,723.26",Eleplus 3 Pieces Lightly Lined Wireless Bras for Women Comfy Plunge T Shirt Bra Pack Style Womenswear for Everyday & Bridal Events #SummerVibes,1731831726131155211,"$131,374.80",Unlined Plunge Scoop Bra Lace Trim Balconette Sexy Underwire Demi Bras Deep V,1731992992760893731,"$127,033.33",PrettyGarden Women's Oversized Cardigan Sweater Fall Long Lantern Sleeve Knit Open Front Lightweight Sweater Knitwear Tops,1731208195967717743,"$115,034.24"
stephanie_stimson,tarte easy skin duo - CC tinted serum + creaseless SPF 30 on-the-go powder,1732422500087993276,"$89,844.51",SEPHORA COLLECTION Advent Calendar,1732675476143248315,"$89,586.95",Dr. Scholl's Women's Joplin Fashion Boot,1731896531264573800,"$77,474.95",The Lip Butter Balm Minis,1732656228199928566,"$64,775.26","INIA CURVIFY EMS Booty Lift Fitness Shorts - Female Sports Fitness Shapewear for Women, Multi-Mode EMS Microcurrent, Glutes Sculpting, Pelvic Floor Support, Visible Results in 2-4 Wks",1729479457563251986,"$57,802.24"
stephsharesitall,"Costzon Toddler Slide Rocking Toy with Basketball Hoop, Rocking Horse,  Foldable Climber Rocking slide playset for Both Indoors Outdoor Use, mothersdaygift",1729442692279013891,"$9,460.65","Halloween Dumpling Stress Relief Toys, 1pcs/3pcs/6pcs/8pcs/12pcs with Steamer Storage Boxes,Slow‑rebound maltose squishy toys, ideal for Halloween party gifts, featuring grimace pumpkin and little devil designs，12pcs Mini Dumpling(5cm）",1732534855764971527,"$3,323.82",ZipString Aracna String Launcher Toy | Glow-in-the-Dark Web Shooter with Retractable Flying String | USB-C Rechargeable Interactive Fidget Toy Colorful,1731962330160534076,"$2,714.31","QPAU Large Dinosaur Bouncy Hopper Kiddie Inflatable Kids Toy, Home Playground Play Equipment, 5+ Ages, 220 lbs Capacity, with Hand Pump, Indoor-Outdoor Use, Cool Gifts for Kids, Halloween Gift",1730790946487702520,"$2,654.57","Hadley Designs My First Busy Book - Preschool Montessori Learning Tool for Toddlers 3-4 Years, Early Childhood Development Hands-On Interactive Pages Quiet Book for Homeschool",1731812523317564380,"$2,614.69"
strawbxrrymilkx,Ninja NeverQuit 3-Piece Fry Pan Ceramic Cookware Set - CQ13000,1729536009518879829,"$41,654.28","Women’s Soft PU Leather 2-Piece Classic Checkered Makeup Bag Set - Durable Reinforced Stitch Makeup Pouch, Lipstick Organizer, Bathroom Countertop Storage, Christmas Gift for Travel Use",1729474518842119875,"$19,293.15",Evergreen Set of 3 Lighted Halloween WitchStakes,1731081757354464199,"$7,996.99","Ultrean Single Unit Stainless Steel Countertop Freestanding Paper Towel Holder with Spray Bottle, Adjustable-Gentle Tension Arm for 1-Hand Tear, Stable Weighted Non-Slip Base for Kitchen Bathroom Home Supplies",1729497629440709757,"$7,612.28",Reliant Pet Mouse Repellent Pouches - Rodent Repellent Made in USA (12 Pouches) - Keep Rodents Out of Cars - Mouse Deterrents with Peppermint Oil,1729662519422718968,"$7,365.15"
styledwithmorgs,OEAK Womens Jelly Bras Wireless Comfortable Soft Push Up Bralettes Seamless Tshirts Bras Deep V Everyday Bras,1729714461980332262,"$191,872.11",DOBREVA Women's Unlined Balconette Bra No Padded Underwire Supportive Plus Size Smooth Scoop Neck,1731395246467027235,"$148,723.26",Eleplus 3 Pieces Lightly Lined Wireless Bras for Women Comfy Plunge T Shirt Bra Pack Style Womenswear for Everyday & Bridal Events #SummerVibes,1731831726131155211,"$131,374.80",Unlined Plunge Scoop Bra Lace Trim Balconette Sexy Underwire Demi Bras Deep V,1731992992760893731,"$127,033.33",PrettyGarden Women's Oversized Cardigan Sweater Fall Long Lantern Sleeve Knit Open Front Lightweight Sweater Knitwear Tops,1731208195967717743,"$115,034.24"
sylviavanhoeven,OEAK Womens Jelly Bras Wireless Comfortable Soft Push Up Bralettes Seamless Tshirts Bras Deep V Everyday Bras,1729714461980332262,"$191,872.11",DOBREVA Women's Unlined Balconette Bra No Padded Underwire Supportive Plus Size Smooth Scoop Neck,1731395246467027235,"$148,723.26",Eleplus 3 Pieces Lightly Lined Wireless Bras for Women Comfy Plunge T Shirt Bra Pack Style Womenswear for Everyday & Bridal Events #SummerVibes,1731831726131155211,"$131,374.80",Unlined Plunge Scoop Bra Lace Trim Balconette Sexy Underwire Demi Bras Deep V,1731992992760893731,"$127,033.33",PrettyGarden Women's Oversized Cardigan Sweater Fall Long Lantern Sleeve Knit Open Front Lightweight Sweater Knitwear Tops,1731208195967717743,"$115,034.24"
sylviavanhoevenbeauty,"Bella Vita Luxury's Honey Oud | Eau de Parfum 100ml (3.4 fl oz) | Patchouli, Vanilla, Bergamot | Floral & Spicy | Made with Clean & Vegan Essentials Oils | Cruelty Free Fragrance Perfume",1729413742968869814,"$127,242.82",tarte easy skin duo - CC tinted serum + creaseless SPF 30 on-the-go powder,1732422500087993276,"$89,844.51",SEPHORA COLLECTION Advent Calendar,1732675476143248315,"$89,586.95",The Lip Butter Balm Minis,1732656228199928566,"$64,775.26","INIA CURVIFY EMS Booty Lift Fitness Shorts - Female Sports Fitness Shapewear for Women, Multi-Mode EMS Microcurrent, Glutes Sculpting, Pelvic Floor Support, Visible Results in 2-4 Wks",1729479457563251986,"$57,802.24"
tarynupmyheart__,"Bears with Benefits Biotin Gummies for Hair Growth, Skin & Nails –  5000 mcg Biotin + Vitamins C & E + Zinc - 30 Gummies - Vegan Wild Berry Flavor - 1 Month Supply",1730755223971074070,"$23,956.69","Skillmatics Peelies – Reusable Sticker Activity Book Mess-Free, 100+ Reusable Stickers, DIY Scrapbooking Kit for Toddlers & Preschoolers, Travel Toy, Gifts for Ages 3 to 7",1732148327640896289,"$18,379.88","Costzon Toddler Slide Rocking Toy with Basketball Hoop, Rocking Horse,  Foldable Climber Rocking slide playset for Both Indoors Outdoor Use, mothersdaygift",1729442692279013891,"$9,460.65","Egofuntoy Erasable Reusable Watercolor Pen Doodle Set for 1-4 Year Old Toddlers - Colorful Marker Pen, Drawing Art Supplies, Painting Supplies Kit, 12 Markers, 14-Page Unicorn Book, Car Travel Kids Toys Cool Gifts, Cool Gifts For Kids",1729476492327489974,"$6,967.21","BODYHEALTH PerfectAmino Fitness & Gym Powder - Essential Amino Acids for Muscle Recovery (6x Whey Protein Power), Vegan, Allergen-Free (Gluten, Dairy, Soy, MSG), Sugar-Free, Skin Care Collagen Supplement (6 Flavors Including Vanilla)",1731349100249977343,"$5,041.61"
taxicabbbbbbb,OEAK Womens Jelly Bras Wireless Comfortable Soft Push Up Bralettes Seamless Tshirts Bras Deep V Everyday Bras,1729714461980332262,"$191,872.11",DOBREVA Women's Unlined Balconette Bra No Padded Underwire Supportive Plus Size Smooth Scoop Neck,1731395246467027235,"$148,723.26",Eleplus 3 Pieces Lightly Lined Wireless Bras for Women Comfy Plunge T Shirt Bra Pack Style Womenswear for Everyday & Bridal Events #SummerVibes,1731831726131155211,"$131,374.80","Bella Vita Luxury's Honey Oud | Eau de Parfum 100ml (3.4 fl oz) | Patchouli, Vanilla, Bergamot | Floral & Spicy | Made with Clean & Vegan Essentials Oils | Cruelty Free Fragrance Perfume",1729413742968869814,"$127,242.82",Unlined Plunge Scoop Bra Lace Trim Balconette Sexy Underwire Demi Bras Deep V,1731992992760893731,"$127,033.33"
tayloradis,OEAK Womens Jelly Bras Wireless Comfortable Soft Push Up Bralettes Seamless Tshirts Bras Deep V Everyday Bras,1729714461980332262,"$191,872.11",DOBREVA Women's Unlined Balconette Bra No Padded Underwire Supportive Plus Size Smooth Scoop Neck,1731395246467027235,"$148,723.26",Eleplus 3 Pieces Lightly Lined Wireless Bras for Women Comfy Plunge T Shirt Bra Pack Style Womenswear for Everyday & Bridal Events #SummerVibes,1731831726131155211,"$131,374.80",Unlined Plunge Scoop Bra Lace Trim Balconette Sexy Underwire Demi Bras Deep V,1731992992760893731,"$127,033.33",PrettyGarden Women's Oversized Cardigan Sweater Fall Long Lantern Sleeve Knit Open Front Lightweight Sweater Knitwear Tops,1731208195967717743,"$115,034.24"
thatgirlkaty2,"Bella Vita Luxury's Honey Oud | Eau de Parfum 100ml (3.4 fl oz) | Patchouli, Vanilla, Bergamot | Floral & Spicy | Made with Clean & Vegan Essentials Oils | Cruelty Free Fragrance Perfume",1729413742968869814,"$127,242.82",SEPHORA COLLECTION Advent Calendar,1732675476143248315,"$89,586.95","Women's Striped/rhombus/leaf/dot Cloud Handbag, Clip Closure Crossbody Bag, Lightweight Foldable for Daily Use, Gifts for Friends and Valentine's Day",1732227985172828427,"$75,069.67","INIA CURVIFY EMS Booty Lift Fitness Shorts - Female Sports Fitness Shapewear for Women, Multi-Mode EMS Microcurrent, Glutes Sculpting, Pelvic Floor Support, Visible Results in 2-4 Wks",1729479457563251986,"$57,802.24","[Dr.Melaxin Official] Zero-Fit Korean Pimple Patch Duo, 144 Patches (72 x 2) | S-ZINC Blemish Spot Patch + MELA-C·E Dark Spot Patch | Ultra-Thin Invisible Micro Patches, Pre-Makeup Fit | Korean Skincare",1732544791635398683,"$46,950.78"
thatmombeth,OEAK Womens Jelly Bras Wireless Comfortable Soft Push Up Bralettes Seamless Tshirts Bras Deep V Everyday Bras,1729714461980332262,"$191,872.11",DOBREVA Women's Unlined Balconette Bra No Padded Underwire Supportive Plus Size Smooth Scoop Neck,1731395246467027235,"$148,723.26",Eleplus 3 Pieces Lightly Lined Wireless Bras for Women Comfy Plunge T Shirt Bra Pack Style Womenswear for Everyday & Bridal Events #SummerVibes,1731831726131155211,"$131,374.80",Unlined Plunge Scoop Bra Lace Trim Balconette Sexy Underwire Demi Bras Deep V,1731992992760893731,"$127,033.33",PrettyGarden Women's Oversized Cardigan Sweater Fall Long Lantern Sleeve Knit Open Front Lightweight Sweater Knitwear Tops,1731208195967717743,"$115,034.24"
thatnordicblonde,OEAK Womens Jelly Bras Wireless Comfortable Soft Push Up Bralettes Seamless Tshirts Bras Deep V Everyday Bras,1729714461980332262,"$191,872.11",DOBREVA Women's Unlined Balconette Bra No Padded Underwire Supportive Plus Size Smooth Scoop Neck,1731395246467027235,"$148,723.26",Eleplus 3 Pieces Lightly Lined Wireless Bras for Women Comfy Plunge T Shirt Bra Pack Style Womenswear for Everyday & Bridal Events #SummerVibes,1731831726131155211,"$131,374.80","Bella Vita Luxury's Honey Oud | Eau de Parfum 100ml (3.4 fl oz) | Patchouli, Vanilla, Bergamot | Floral & Spicy | Made with Clean & Vegan Essentials Oils | Cruelty Free Fragrance Perfume",1729413742968869814,"$127,242.82",Unlined Plunge Scoop Bra Lace Trim Balconette Sexy Underwire Demi Bras Deep V,1731992992760893731,"$127,033.33"
thattiktoklady3,OEAK Womens Jelly Bras Wireless Comfortable Soft Push Up Bralettes Seamless Tshirts Bras Deep V Everyday Bras,1729714461980332262,"$191,872.11",DOBREVA Women's Unlined Balconette Bra No Padded Underwire Supportive Plus Size Smooth Scoop Neck,1731395246467027235,"$148,723.26",Eleplus 3 Pieces Lightly Lined Wireless Bras for Women Comfy Plunge T Shirt Bra Pack Style Womenswear for Everyday & Bridal Events #SummerVibes,1731831726131155211,"$131,374.80",Unlined Plunge Scoop Bra Lace Trim Balconette Sexy Underwire Demi Bras Deep V,1731992992760893731,"$127,033.33",PrettyGarden Women's Oversized Cardigan Sweater Fall Long Lantern Sleeve Knit Open Front Lightweight Sweater Knitwear Tops,1731208195967717743,"$115,034.24"
theashleywill,OEAK Womens Jelly Bras Wireless Comfortable Soft Push Up Bralettes Seamless Tshirts Bras Deep V Everyday Bras,1729714461980332262,"$191,872.11",DOBREVA Women's Unlined Balconette Bra No Padded Underwire Supportive Plus Size Smooth Scoop Neck,1731395246467027235,"$148,723.26",Eleplus 3 Pieces Lightly Lined Wireless Bras for Women Comfy Plunge T Shirt Bra Pack Style Womenswear for Everyday & Bridal Events #SummerVibes,1731831726131155211,"$131,374.80",Unlined Plunge Scoop Bra Lace Trim Balconette Sexy Underwire Demi Bras Deep V,1731992992760893731,"$127,033.33",PrettyGarden Women's Oversized Cardigan Sweater Fall Long Lantern Sleeve Knit Open Front Lightweight Sweater Knitwear Tops,1731208195967717743,"$115,034.24"
theeverhopefulgardener,"DEBAOBULB Rechargeable Emergency LED Light Bulb - E26 Plug-in Fit, 120V, 9W (60W Equivalent), 6000K Daylight, 1200mAh Battery, Hook, Energy-Saving, Multiple Brightness, 1W 110lm Low Mode, for Home Power Outage, Safety Tools, Household Items, Home Goods",1730264570695685026,"$10,933.39","12pcs Rechargeable USB-C LED Flameless Tealight Candle with Remote Control, Charging Station, Timer for Halloween, Christmas Indoor Home Table Glass Jars or Candle Holders, Candles",1731889181560639922,"$9,763.34",VASAIKO 6-in-1 Portable Indoor Environment Monitor with Temperature & Humidity Monitoring Plug-and-Play Design High-Definition Display Accurate Alerts Ideal for Kitchen Garage RVs Apartments sohochic,1732022410216050952,"$8,485.93","WARSUN T7 EDC Flashlight, Pocket LED Work Light with Magnetic Base & Clip, USB-C Rechargeable, Compact Everyday Carry Tool for Camping, Car Repair and Outdoor Use",1729541227726476256,"$3,822.81","YITAHOME 1/2 pcs Raised Garden Bed Kit, with Gloves & Tension Bar, Outdoor Patio Planter Box for Plants Vegetables Flowers",1732253056543723696,"$2,364.58"
thejaydonwalker,Halara One Shoulder Long Sleeve Thumb Hole Curved Hem High Low Quick Dry Yoga Sports Top-Built-in Bra,1731918375289458980,"$140,526.94",Dr. Scholl's Women's Joplin Fashion Boot,1731896531264573800,"$77,474.95",Halara DayStretch High Waisted Barrel Leg Casual Pants with Pockets,1732535906609173342,"$51,346.60","2026 Dumpling Squishy Advent Calendar - Indoor Recreation Stress Relief Toy, 24 Surprise Kawaii Mini Food Squishy Figures, Cute Christmas Countdown Holiday Gift",1732609143065383676,"$48,688.45","EVELLYHOOTD Women's Sohochic Leopard Print Genuine Suede Leather Loafers - Mule Flats Clogs, Slip-On Casual Shoes with Arch Support for Casual Walks, Gifts for Women",1732171696888648231,"$48,403.58"
themagicalmillennial_,OEAK Womens Jelly Bras Wireless Comfortable Soft Push Up Bralettes Seamless Tshirts Bras Deep V Everyday Bras,1729714461980332262,"$191,872.11",DOBREVA Women's Unlined Balconette Bra No Padded Underwire Supportive Plus Size Smooth Scoop Neck,1731395246467027235,"$148,723.26",Eleplus 3 Pieces Lightly Lined Wireless Bras for Women Comfy Plunge T Shirt Bra Pack Style Womenswear for Everyday & Bridal Events #SummerVibes,1731831726131155211,"$131,374.80",Unlined Plunge Scoop Bra Lace Trim Balconette Sexy Underwire Demi Bras Deep V,1731992992760893731,"$127,033.33",PrettyGarden Women's Oversized Cardigan Sweater Fall Long Lantern Sleeve Knit Open Front Lightweight Sweater Knitwear Tops,1731208195967717743,"$115,034.24"
thenursethattoks,"Bella Vita Luxury's Honey Oud | Eau de Parfum 100ml (3.4 fl oz) | Patchouli, Vanilla, Bergamot | Floral & Spicy | Made with Clean & Vegan Essentials Oils | Cruelty Free Fragrance Perfume",1729413742968869814,"$127,242.82",tarte easy skin duo - CC tinted serum + creaseless SPF 30 on-the-go powder,1732422500087993276,"$89,844.51",SEPHORA COLLECTION Advent Calendar,1732675476143248315,"$89,586.95",The Lip Butter Balm Minis,1732656228199928566,"$64,775.26","INIA CURVIFY EMS Booty Lift Fitness Shorts - Female Sports Fitness Shapewear for Women, Multi-Mode EMS Microcurrent, Glutes Sculpting, Pelvic Floor Support, Visible Results in 2-4 Wks",1729479457563251986,"$57,802.24"
theraysfinds,tarte easy skin duo - CC tinted serum + creaseless SPF 30 on-the-go powder,1732422500087993276,"$89,844.51",SEPHORA COLLECTION Advent Calendar,1732675476143248315,"$89,586.95",The Lip Butter Balm Minis,1732656228199928566,"$64,775.26","INIA CURVIFY EMS Booty Lift Fitness Shorts - Female Sports Fitness Shapewear for Women, Multi-Mode EMS Microcurrent, Glutes Sculpting, Pelvic Floor Support, Visible Results in 2-4 Wks",1729479457563251986,"$57,802.24","[Dr.Melaxin Official] Zero-Fit Korean Pimple Patch Duo, 144 Patches (72 x 2) | S-ZINC Blemish Spot Patch + MELA-C·E Dark Spot Patch | Ultra-Thin Invisible Micro Patches, Pre-Makeup Fit | Korean Skincare",1732544791635398683,"$46,950.78"
therestadfam,"Women's Striped/rhombus/leaf/dot Cloud Handbag, Clip Closure Crossbody Bag, Lightweight Foldable for Daily Use, Gifts for Friends and Valentine's Day",1732227985172828427,"$75,069.67",Kelce Brown Football Clear Bag,1731463315645960563,"$19,706.48",Cefiro Urban Envelope Bag Large - Stylish Urban Envelope Crossbody Bag Vegan Leather with Gold Hardware and Detachable Strap for Everyday Use,1732080603864469523,"$17,921.03","LOVEVOOK Colorblock Carry-On Travel Backpack with 3 Packing Cubes and Laptop Compartment - Personal Item,TSA-Friendly, Travel Essentials, Airline Approved Travel Bag for Hiking, Weekend, TikTokShopBackToSchool",1729417326447727282,"$15,590.51",CEFIRO Uluh Bag with Guard - Mediem - Stylish Handbag with Gold Hardware and Adjustable Strap for Everyday Use,1732354352924102675,"$9,150.80"
thesleevedchick,"Topyangs 2-Pack Stainless Steel Cat Litter Box, Extra Large Non-Stick Rust-Proof Metal Tray with High Sides Splash Guard, Leak Proof, Easy Cleanup for Multi-Cat Households",1731999342311543122,"$11,952.83",Comfrt Paws | Camo Hoodie | Soft Matching Camo Pet Hoodie,1730274052968649603,"$8,640.13",Comfrt | Tranquil Paw Hoodie | Soft Hooded Pet Clothing Outfits,1729931816682492803,"$7,060.53","VEVOR Portable Dog Blow Dryer, 2000W/2.7HP Pet Grooming Dryer with Metal Housing, Safe Heating, Quick Drying, Adjustable Speed, Temperature Control, 4 Nozzles, Extendable Hose, Auto Shut-Off, Black (Father's Day Gift Option), Easy To Connect, Safe And Com",1729433235356618926,"$4,843.81","Aivituvin-AIR22-M Medium Wheeled Wooden Outdoor Cat Enclosure - Waterproof, Expandable to 2 Sets, Wheel Mobility, Wire Mesh Roof, Resting Box, Hammock, Scratching Post, Jump Platform, Play Area, Window Access, Slider Door Connection Cat Furniture",1730331832080634625,"$3,084.33"
thetonilacross,"Bella Vita Luxury's Honey Oud | Eau de Parfum 100ml (3.4 fl oz) | Patchouli, Vanilla, Bergamot | Floral & Spicy | Made with Clean & Vegan Essentials Oils | Cruelty Free Fragrance Perfume",1729413742968869814,"$127,242.82",tarte easy skin duo - CC tinted serum + creaseless SPF 30 on-the-go powder,1732422500087993276,"$89,844.51",SEPHORA COLLECTION Advent Calendar,1732675476143248315,"$89,586.95",The Lip Butter Balm Minis,1732656228199928566,"$64,775.26","[Dr.Melaxin Official] Zero-Fit Korean Pimple Patch Duo, 144 Patches (72 x 2) | S-ZINC Blemish Spot Patch + MELA-C·E Dark Spot Patch | Ultra-Thin Invisible Micro Patches, Pre-Makeup Fit | Korean Skincare",1732544791635398683,"$46,950.78"
thisblondieee,OEAK Womens Jelly Bras Wireless Comfortable Soft Push Up Bralettes Seamless Tshirts Bras Deep V Everyday Bras,1729714461980332262,"$191,872.11",DOBREVA Women's Unlined Balconette Bra No Padded Underwire Supportive Plus Size Smooth Scoop Neck,1731395246467027235,"$148,723.26",Eleplus 3 Pieces Lightly Lined Wireless Bras for Women Comfy Plunge T Shirt Bra Pack Style Womenswear for Everyday & Bridal Events #SummerVibes,1731831726131155211,"$131,374.80",Unlined Plunge Scoop Bra Lace Trim Balconette Sexy Underwire Demi Bras Deep V,1731992992760893731,"$127,033.33",PrettyGarden Women's Oversized Cardigan Sweater Fall Long Lantern Sleeve Knit Open Front Lightweight Sweater Knitwear Tops,1731208195967717743,"$115,034.24"
thrivewithlolita,"Bella Vita Luxury's Honey Oud | Eau de Parfum 100ml (3.4 fl oz) | Patchouli, Vanilla, Bergamot | Floral & Spicy | Made with Clean & Vegan Essentials Oils | Cruelty Free Fragrance Perfume",1729413742968869814,"$127,242.82",tarte easy skin duo - CC tinted serum + creaseless SPF 30 on-the-go powder,1732422500087993276,"$89,844.51",SEPHORA COLLECTION Advent Calendar,1732675476143248315,"$89,586.95",The Lip Butter Balm Minis,1732656228199928566,"$64,775.26","INIA CURVIFY EMS Booty Lift Fitness Shorts - Female Sports Fitness Shapewear for Women, Multi-Mode EMS Microcurrent, Glutes Sculpting, Pelvic Floor Support, Visible Results in 2-4 Wks",1729479457563251986,"$57,802.24"
tikitytokexpress,"Bella Vita Luxury's Honey Oud | Eau de Parfum 100ml (3.4 fl oz) | Patchouli, Vanilla, Bergamot | Floral & Spicy | Made with Clean & Vegan Essentials Oils | Cruelty Free Fragrance Perfume",1729413742968869814,"$127,242.82",tarte easy skin duo - CC tinted serum + creaseless SPF 30 on-the-go powder,1732422500087993276,"$89,844.51",SEPHORA COLLECTION Advent Calendar,1732675476143248315,"$89,586.95",The Lip Butter Balm Minis,1732656228199928566,"$64,775.26","INIA CURVIFY EMS Booty Lift Fitness Shorts - Female Sports Fitness Shapewear for Women, Multi-Mode EMS Microcurrent, Glutes Sculpting, Pelvic Floor Support, Visible Results in 2-4 Wks",1729479457563251986,"$57,802.24"
tonya.wellness.np,"Bella Vita Luxury's Honey Oud | Eau de Parfum 100ml (3.4 fl oz) | Patchouli, Vanilla, Bergamot | Floral & Spicy | Made with Clean & Vegan Essentials Oils | Cruelty Free Fragrance Perfume",1729413742968869814,"$127,242.82",tarte easy skin duo - CC tinted serum + creaseless SPF 30 on-the-go powder,1732422500087993276,"$89,844.51",SEPHORA COLLECTION Advent Calendar,1732675476143248315,"$89,586.95",The Lip Butter Balm Minis,1732656228199928566,"$64,775.26","INIA CURVIFY EMS Booty Lift Fitness Shorts - Female Sports Fitness Shapewear for Women, Multi-Mode EMS Microcurrent, Glutes Sculpting, Pelvic Floor Support, Visible Results in 2-4 Wks",1729479457563251986,"$57,802.24"
tonyasbeautyfinds,"Bella Vita Luxury's Honey Oud | Eau de Parfum 100ml (3.4 fl oz) | Patchouli, Vanilla, Bergamot | Floral & Spicy | Made with Clean & Vegan Essentials Oils | Cruelty Free Fragrance Perfume",1729413742968869814,"$127,242.82",tarte easy skin duo - CC tinted serum + creaseless SPF 30 on-the-go powder,1732422500087993276,"$89,844.51",SEPHORA COLLECTION Advent Calendar,1732675476143248315,"$89,586.95",The Lip Butter Balm Minis,1732656228199928566,"$64,775.26","INIA CURVIFY EMS Booty Lift Fitness Shorts - Female Sports Fitness Shapewear for Women, Multi-Mode EMS Microcurrent, Glutes Sculpting, Pelvic Floor Support, Visible Results in 2-4 Wks",1729479457563251986,"$57,802.24"
tonyashomefinds,"Skillmatics Peelies – Reusable Sticker Activity Book Mess-Free, 100+ Reusable Stickers, DIY Scrapbooking Kit for Toddlers & Preschoolers, Travel Toy, Gifts for Ages 3 to 7",1732148327640896289,"$18,379.88","Costzon Toddler Slide Rocking Toy with Basketball Hoop, Rocking Horse,  Foldable Climber Rocking slide playset for Both Indoors Outdoor Use, mothersdaygift",1729442692279013891,"$9,460.65","Egofuntoy Erasable Reusable Watercolor Pen Doodle Set for 1-4 Year Old Toddlers - Colorful Marker Pen, Drawing Art Supplies, Painting Supplies Kit, 12 Markers, 14-Page Unicorn Book, Car Travel Kids Toys Cool Gifts, Cool Gifts For Kids",1729476492327489974,"$6,967.21","4-in-1 Set Adorable Dinosaur-Astronaut Animal Themed Multicolor Mini Pens, 20/30/50Pcs Bulk Office Stationery, Back to School Supplies for Kids Ages 8+, Birthday Presents & Adorable Party Favors",1731220844494426246,"$6,669.53","Lifelines FlowArt Guided Art Meditations – Activity Pads with Themed Markers – Dot-by-Letter, Hidden Patterns, Pogo-Dot, Mosaic Designs, UV Art, or Dot-Pop - Coloring Books for Teens, Adults & Seniors",1731442954403287874,"$4,020.01"
torineu04,"Bella Vita Luxury's Honey Oud | Eau de Parfum 100ml (3.4 fl oz) | Patchouli, Vanilla, Bergamot | Floral & Spicy | Made with Clean & Vegan Essentials Oils | Cruelty Free Fragrance Perfume",1729413742968869814,"$127,242.82",tarte easy skin duo - CC tinted serum + creaseless SPF 30 on-the-go powder,1732422500087993276,"$89,844.51",SEPHORA COLLECTION Advent Calendar,1732675476143248315,"$89,586.95",The Lip Butter Balm Minis,1732656228199928566,"$64,775.26","INIA CURVIFY EMS Booty Lift Fitness Shorts - Female Sports Fitness Shapewear for Women, Multi-Mode EMS Microcurrent, Glutes Sculpting, Pelvic Floor Support, Visible Results in 2-4 Wks",1729479457563251986,"$57,802.24"
torivofficial,Pacsun Men's Subliminal Racing Full Zip Hoodie,1729612734629450394,"$12,075.05",Aelfric Eden Hotfix Rhinestone Star Zip Up Hoodie Vintage Washed Hoodies Streetwear Hooded Sweatshirts Jackets Unisex zip up hoodie,1731332436521488994,"$6,104.96",Rhinestone Glitter Unisex Spring Oversized Hoodies Sparkly Long Sleeve Shirts Party Hooded Sweatshirts Tops,1731540039073370424,"$4,774.55","Aelfric Eden Men's High-Waist Panel Cotton Black Athleisure Style Sweatpants - Oversized Wide-Leg Barrel, Star Patch, Studded Stripe, Loose Drape Baggy Casual Sporty Streetwear Clothing Bottoms",1732263852263248482,"$4,181.79",Cody James Men's Men&#039;S Pioneer Wash Wyatt Slim Bootcut Stretch Denim Jeans - Cjsu23j83-Ltw,1730596356971991270,"$2,883.48"
trinity.blair,OEAK Womens Jelly Bras Wireless Comfortable Soft Push Up Bralettes Seamless Tshirts Bras Deep V Everyday Bras,1729714461980332262,"$191,872.11",DOBREVA Women's Unlined Balconette Bra No Padded Underwire Supportive Plus Size Smooth Scoop Neck,1731395246467027235,"$148,723.26",Eleplus 3 Pieces Lightly Lined Wireless Bras for Women Comfy Plunge T Shirt Bra Pack Style Womenswear for Everyday & Bridal Events #SummerVibes,1731831726131155211,"$131,374.80","Bella Vita Luxury's Honey Oud | Eau de Parfum 100ml (3.4 fl oz) | Patchouli, Vanilla, Bergamot | Floral & Spicy | Made with Clean & Vegan Essentials Oils | Cruelty Free Fragrance Perfume",1729413742968869814,"$127,242.82",Unlined Plunge Scoop Bra Lace Trim Balconette Sexy Underwire Demi Bras Deep V,1731992992760893731,"$127,033.33"
trixietracks,"Bella Vita Luxury's Honey Oud | Eau de Parfum 100ml (3.4 fl oz) | Patchouli, Vanilla, Bergamot | Floral & Spicy | Made with Clean & Vegan Essentials Oils | Cruelty Free Fragrance Perfume",1729413742968869814,"$127,242.82",tarte easy skin duo - CC tinted serum + creaseless SPF 30 on-the-go powder,1732422500087993276,"$89,844.51",SEPHORA COLLECTION Advent Calendar,1732675476143248315,"$89,586.95",The Lip Butter Balm Minis,1732656228199928566,"$64,775.26","INIA CURVIFY EMS Booty Lift Fitness Shorts - Female Sports Fitness Shapewear for Women, Multi-Mode EMS Microcurrent, Glutes Sculpting, Pelvic Floor Support, Visible Results in 2-4 Wks",1729479457563251986,"$57,802.24"
ttsdani25,"【2026 Newly Upgraded】Trucozie T350 Rechargeable Cordless Vacuums, 8-in-1 Lightweight Upright Floor Cleaning Vacuums with 2 Bonus HEPA Filters, 2-in-1 Brush, Hands-Free Design, 45-Min Runtime, 33 kPa Suction, Housewarming Gift for Hardwood Floors, Pet Hair",1729406319708377732,"$80,131.51","Skillmatics Peelies – Reusable Sticker Activity Book Mess-Free, 100+ Reusable Stickers, DIY Scrapbooking Kit for Toddlers & Preschoolers, Travel Toy, Gifts for Ages 3 to 7",1732148327640896289,"$18,379.88","【2026 New Arrivals】Trucozie T550 Cordless Vacuum Cleaner, 40kPa Powerful Suction Smart Stick Vacuum with 50 Mins Runtime, 8-in-1 Lightweight Handheld/Upright Vacuum for Hardwood Floor, Carpet, Pet Hair & Car, Cordless Handheld Vacuum, Home Cleaning Tool",1731578192195392132,"$14,259.91","Costzon Toddler Slide Rocking Toy with Basketball Hoop, Rocking Horse,  Foldable Climber Rocking slide playset for Both Indoors Outdoor Use, mothersdaygift",1729442692279013891,"$9,460.65","Egofuntoy Erasable Reusable Watercolor Pen Doodle Set for 1-4 Year Old Toddlers - Colorful Marker Pen, Drawing Art Supplies, Painting Supplies Kit, 12 Markers, 14-Page Unicorn Book, Car Travel Kids Toys Cool Gifts, Cool Gifts For Kids",1729476492327489974,"$6,967.21"
ugcwithbrii,OEAK Womens Jelly Bras Wireless Comfortable Soft Push Up Bralettes Seamless Tshirts Bras Deep V Everyday Bras,1729714461980332262,"$191,872.11",DOBREVA Women's Unlined Balconette Bra No Padded Underwire Supportive Plus Size Smooth Scoop Neck,1731395246467027235,"$148,723.26",Eleplus 3 Pieces Lightly Lined Wireless Bras for Women Comfy Plunge T Shirt Bra Pack Style Womenswear for Everyday & Bridal Events #SummerVibes,1731831726131155211,"$131,374.80","Bella Vita Luxury's Honey Oud | Eau de Parfum 100ml (3.4 fl oz) | Patchouli, Vanilla, Bergamot | Floral & Spicy | Made with Clean & Vegan Essentials Oils | Cruelty Free Fragrance Perfume",1729413742968869814,"$127,242.82",Unlined Plunge Scoop Bra Lace Trim Balconette Sexy Underwire Demi Bras Deep V,1731992992760893731,"$127,033.33"
vanessaanaya30,OEAK Womens Jelly Bras Wireless Comfortable Soft Push Up Bralettes Seamless Tshirts Bras Deep V Everyday Bras,1729714461980332262,"$191,872.11",Halara One Shoulder Long Sleeve Thumb Hole Curved Hem High Low Quick Dry Yoga Sports Top-Built-in Bra,1731918375289458980,"$140,526.94",Eleplus 3 Pieces Lightly Lined Wireless Bras for Women Comfy Plunge T Shirt Bra Pack Style Womenswear for Everyday & Bridal Events #SummerVibes,1731831726131155211,"$131,374.80",PrettyGarden Women's Oversized Cardigan Sweater Fall Long Lantern Sleeve Knit Open Front Lightweight Sweater Knitwear Tops,1731208195967717743,"$115,034.24",LUCKMEEY Women High Waisted Seamless Shapewear Shorts Tummy Control Butt Lift Faja Body Shaper Breathable Slimming High Waist Shaping Shorts with Built-in Crotch Invisible Fit for Everyday Wear#sohochic,1730652584168165420,"$101,261.83"
victoriaperciballi,"Women's Striped/rhombus/leaf/dot Cloud Handbag, Clip Closure Crossbody Bag, Lightweight Foldable for Daily Use, Gifts for Friends and Valentine's Day",1732227985172828427,"$75,069.67",Kelce Brown Football Clear Bag,1731463315645960563,"$19,706.48",JASGOOD Women Wide Chunky Belt for Dresses Fashion Thick Suede Belt with Gold Buckle,1732071333641097693,"$18,407.54",Cefiro Urban Envelope Bag Large - Stylish Urban Envelope Crossbody Bag Vegan Leather with Gold Hardware and Detachable Strap for Everyday Use,1732080603864469523,"$17,921.03","LOVEVOOK Colorblock Carry-On Travel Backpack with 3 Packing Cubes and Laptop Compartment - Personal Item,TSA-Friendly, Travel Essentials, Airline Approved Travel Bag for Hiking, Weekend, TikTokShopBackToSchool",1729417326447727282,"$15,590.51"
vitulls,"Topyangs 2-Pack Stainless Steel Cat Litter Box, Extra Large Non-Stick Rust-Proof Metal Tray with High Sides Splash Guard, Leak Proof, Easy Cleanup for Multi-Cat Households",1731999342311543122,"$11,952.83",Comfrt Paws | Camo Hoodie | Soft Matching Camo Pet Hoodie,1730274052968649603,"$8,640.13",Comfrt | Tranquil Paw Hoodie | Soft Hooded Pet Clothing Outfits,1729931816682492803,"$7,060.53",Fashion Kids Girls Summer Clothes Sets Plaids Fly Sleeve Shirts Tops Cow Ruffles Denim Skirts Headband Outfits,1731302138323178276,"$6,841.06","VEVOR Portable Dog Blow Dryer, 2000W/2.7HP Pet Grooming Dryer with Metal Housing, Safe Heating, Quick Drying, Adjustable Speed, Temperature Control, 4 Nozzles, Extendable Hose, Auto Shut-Off, Black (Father's Day Gift Option), Easy To Connect, Safe And Com",1729433235356618926,"$4,843.81"
wesleyrbarker,DOBREVA Women's Unlined Balconette Bra No Padded Underwire Supportive Plus Size Smooth Scoop Neck,1731395246467027235,"$148,723.26","Bella Vita Luxury's Honey Oud | Eau de Parfum 100ml (3.4 fl oz) | Patchouli, Vanilla, Bergamot | Floral & Spicy | Made with Clean & Vegan Essentials Oils | Cruelty Free Fragrance Perfume",1729413742968869814,"$127,242.82",Unlined Plunge Scoop Bra Lace Trim Balconette Sexy Underwire Demi Bras Deep V,1731992992760893731,"$127,033.33",PrettyGarden Women's Oversized Cardigan Sweater Fall Long Lantern Sleeve Knit Open Front Lightweight Sweater Knitwear Tops,1731208195967717743,"$115,034.24",LUCKMEEY Women High Waisted Seamless Shapewear Shorts Tummy Control Butt Lift Faja Body Shaper Breathable Slimming High Waist Shaping Shorts with Built-in Crotch Invisible Fit for Everyday Wear#sohochic,1730652584168165420,"$101,261.83"
whatlololikes,OEAK Womens Jelly Bras Wireless Comfortable Soft Push Up Bralettes Seamless Tshirts Bras Deep V Everyday Bras,1729714461980332262,"$191,872.11",DOBREVA Women's Unlined Balconette Bra No Padded Underwire Supportive Plus Size Smooth Scoop Neck,1731395246467027235,"$148,723.26",Eleplus 3 Pieces Lightly Lined Wireless Bras for Women Comfy Plunge T Shirt Bra Pack Style Womenswear for Everyday & Bridal Events #SummerVibes,1731831726131155211,"$131,374.80",Unlined Plunge Scoop Bra Lace Trim Balconette Sexy Underwire Demi Bras Deep V,1731992992760893731,"$127,033.33",LUCKMEEY Women High Waisted Seamless Shapewear Shorts Tummy Control Butt Lift Faja Body Shaper Breathable Slimming High Waist Shaping Shorts with Built-in Crotch Invisible Fit for Everyday Wear#sohochic,1730652584168165420,"$101,261.83"
withlove.willo,"BUILT Bar Puff Protein Bar, Pumpkin Cookie Chunk, Protein Packed Snack, Collagen, 160 calories, Not Gluten Free, 12 Count Box",1731834460486013170,"$21,038.35",Iron Hammer Herbal Tea,1729412598545289712,"$5,554.05",Unshelled Sunflower Spicy Red Seeds 12oz,1732220469286507347,"$3,911.51","New! Double Trouble Variety Pack - Bloom Sparkling Energy Variety Carton 12oz 12pk (LTO) - Pear Scare (6), Crisp Apple (6)",1732511048459785147,"$3,456.26",3pk - Carne Seca BITES - Sr. Michelado - Crunchy Beef Jerky - Azu Mecha Furia BOLD 1.5oz - 3pk,1732262461014315953,"$3,068.35"
yourpassportpal,"EVELLYHOOTD Women's Sohochic Leopard Print Genuine Suede Leather Loafers - Mule Flats Clogs, Slip-On Casual Shoes with Arch Support for Casual Walks, Gifts for Women",1732171696888648231,"$48,403.58","Dr. Scholl's Women's Joplin Low Fashion Boot - Shoes for Women, Casual Minimalist Square Toe Design, Comfortable Block Heel, Leather & Smooth Faux Leather Construction, Footwear Fashion with Recycled Parts",1732469048422666600,"$35,779.93",Project Cloud Women's Suede Clogs Shoe | Walking Shoes Footwear | Plush Soft Insole Arch Support Lightweight Non-Slip – Foamy,1731581876213092920,"$20,762.02",PAVOI 14K Gold Plated Station Necklace for Women - Dainty Choker Simulated Diamond Necklace - Lightweight Womens CZ Chain Necklace,1729555020284072456,"$14,508.69","Women's COSY ISLAND CharmElle Minimalist Fashion High Heel Stilettos - Sparkle Pointed Toe, Elastane Ankle Strap, Classy Plain Footwear, Elegant Formal Wear Pumps",1732185662925279671,"$14,203.35"