Creator,Top 1 Category,Top 1 Category GMV,Top 2 Category,Top 2 Category GMV,Top 1 Product,Top 1 Product ID,Top 1 Product GMV,Top 2 Product,Top 2 Product ID,Top 2 Product GMV,Top 3 Product,Top 3 Product ID,Top 3 Product GMV,Top 4 Product,Top 4 Product ID,Top 4 Product GMV,Top 5 Product,Top 5 Product ID,Top 5 Product GMV
_alanacalvs,Womenswear & Underwear,"$166,216.13",Sports & Outdoor,"$53,639.78",【4 Lengths】Magic ONESO Mid-low Rise BBL Jeans Stretchy Wide Leg Tummy Control Distressed Baggy Denim Pants Plus Size Regular Size Curve Hugging Fall Fashion,1732412928253268991,"$65,097.86",Magic ONESO Mid-low Rise Baggy Jeans Stretchy Wide Leg for Women Distressed Pants Womenswear Bottom 8001 Lady Basic Minimalist Comfortable Denim Tummy Control Curve Hugging Plus Size Regular Size BBL Fall Fashion Daily Outfits,1729445477031121919,"$34,060.00",Halara UltraSculpt™ V-Shaped High Waisted Contrast Lace Yoga Flare Leggings with Pockets,1732311109215294302,"$19,064.76","THE OFFICIAL MAGIC LEGGINGS - Original Fleece Lined Tights - Plus Size Women's Clothing, Body Slimming Compression Band, 1-Seam Option, Closed Foot, XXS-3XL, 4 Shades, Light-Brown Fur Fleece, Cold Wash, Viralproducts",1729406693411230691,"$13,601.97","【Two Options, Not a set】QINSEN Women Half Zip Sports Top and Pants【Two Options, Not a set, needs to be ordered separately】",1729448042746384953,"$9,286.41"
_karina.michelle,Beauty & Personal Care,"$114,822.41",Virtual Products,"$4,479.07",The Lip Butter Balm Minis,1732656228199928566,"$15,909.98",Marshmallow Minis,1732574204186890998,"$13,162.23",SEPHORA COLLECTION Advent Calendar,1732675476143248315,"$6,960.00",Never Thirsty Shampoo & Conditioner: Moisturize + Strengthen in One Set,1732436624532803875,"$5,684.56","True Match Hyaluron Tinted Balm Embellisher - Buildable Cream Blush & Highlighter Makeup, Hydrating, Lightweight, Non-Comedogenic Formula for Radiant Skin, L'Oréal Paris",1732523196091241069,"$4,973.18"
ababyandabulldog,Sports & Outdoor,"$102,584.74",Womenswear & Underwear,"$89,266.09",Tanming Womens Baggy Wide Leg Pants Relaxed Palazzo Harem Pants Elastic Waist with Pockets,1729491434710208659,"$42,296.49",【Creator’s Pick】Halara UltraSculpt High Waisted Tummy Control Pocket Shaping Training Leggings,1729406821413261604,"$24,788.03",Halara UltraSculpt™ High Waisted Butt Lifting Tummy Control Pocket Shaping Workout Leggings,1730069349916840228,"$21,042.37",Halara UltraSculpt™ High Waisted Butt Lifting Tummy Control Pocket Shaping Workout Leggings,1730610574732857471,"$12,818.24","Long Sleeve Basic Denim Jacket for Women,Drop Shoulder Curved Hem Denim, Classic Button Down Denim Jacket with Chest Pockets, Fashion Women's Clothing for Daily Wear, Vintage Western Trucker Jacket, Outerwear #GLOBAL PICKS",1729469572738027768,"$7,030.39"
actinglikeimputtogether,Kitchenware,"$3,183.01",Home Improvement,$290.57,"Oaksip - Wooden Whiskey & Bourbon Drinking Glass Tumbler Cup, Charred or Uncharred Old Fashioned Glass, Perfect Gift for Men, Traditional Drinkware, Perfect Father's Day Gift, Gift for Dad, Father's Day",1729671478132118060,"$3,183.01","YITAHOME 1/2 pcs Raised Garden Bed Kit, with Gloves & Tension Bar, Outdoor Patio Planter Box for Plants Vegetables Flowers",1732253056543723696,$290.57,"6-Piece Squishies Crunchy Food-Shaped Fidget Toys - ASMR Squeeze Sensory Decompression Stress Relief Items, Festive Party Gifts, Sensory Room Home Supplies",1732473285331227209,$31.55,,,,,,
alexagiacinto,Menswear & Underwear,$620.21,,,"Men's Winter Warm Drawstring Baggy Sweatpants - Unisex Straight Wide-Leg Loose-Fit Casual Athletic Trousers with Pockets, Comfy Menswear Bottoms Essential, Streetwear Male Clothing,clothes for back to school,first day of school outfits",1731737090859176889,$620.21,,,,,,,,,,,,
alexandracaste,Food & Beverages,$46.89,Fashion Accessories,$35.83,Don Beto's Beef Jerky - Fuego,1729719309656297668,$46.89,"EUNOIALENS 70s Style Oversized Aviation Sunglasses - Unisex Thick Metal-PC Frame, UV400 Anti UV Glasses, Adults' Accessories, Sunglasses for Women, Summer Sunwear, Gift Option",1732079227352355829,$35.83,,,,,,,,,
aliciamariecacho,Womenswear & Underwear,$304.34,,,"Women's Basic Solid Square Neck Long Sleeve Shapewear Bodysuit, Casual Comfy Tummy Control Butt Lift Shaper, Ladies Shapewear for All Seasons #GLOBAL PICKS",1729614179939750063,$128.93,Cider 2-Piece Set Boat Neck Polka Dot Ruched Tee & Micro Mini Skort with Built-in Shorts Fashion Style Women's Summer Sets,1732042116899049559,$102.35,"Women’s Seamless Shaping Bodysuit - Long Sleeve V-Neck, Tummy Control Thong, Elastane Lightweight Compression Fabric, Arm Shaper, Body Contouring, Cute Everyday Wear for Valentine’s Day Wedding Prep",1731784970783789181,$73.06,,,,,,
alisammarie,Furniture,"$1,186.24",Beauty & Personal Care,$526.94,[Summervibes] Tribesigns 63-Inch Long French Country Style Wooden Sofa Table for Living Room & Entryway Natural Finish Modern Farmhouse Decor with Sturdy MDF Construction & Foot Pads for Stability,1731489542250795771,$885.06,The Mini Discovery Set,1730273546600747017,$501.63,"Hibbent cUPC Certified 13-in High-Pressure Dual Shower Heads Combo for Indoor Bath - Adjustable Handheld Showers (10-Setting, 71-in Hose), 5-Spray Rain Mode Rainfall Head (157-jet Full Cover), 12-in Extension Arm, Chrome Brass Alloy Wall Mount Holder",1729698100885689065,$307.01,Halara Adjustable Straps Ruched Wide Leg Heathered Casual Jumpsuit with Pockets-Easy Peezy,1732255696408843102,$295.99,"GIZOON 4-Piece Modern Patio Furniture Set, Black Textilene Conversation Set with Wooden Armrests - Weather-Resistant, Stable, 2 Rocking Chairs with Gentle Back-and-Forth Rocking Motion, Coffee Table for Outdoor Spaces, Modern Patio Set",1731386149963534650,$244.99
allthings_andrea,Fashion Accessories,$14.58,Womenswear & Underwear,$13.90,"SOJOS Retro Trendy Oval Polarized Sunglasses for Women Men, 90s Vintage Circle Round Sunnies",1731415028597100888,$14.58,"Women's Plain Button Front Ribbed Crop Tank Top, Casual Chic Sleeveless Round Neck Top for Daily Wear, Ladies Clothes for All Seasons Womenswear, Casual Everyday Top Crop Tops, Casual Cropped Top #GLOBAL PICKS",1729568341316702519,$13.90,,,,,,,,,
alykate97,Fashion Accessories,"$4,939.81",Womenswear & Underwear,"$1,018.04","Tasiso Women's Sparkling CZ Pendant Necklace - 39cm Transparent Cord, Adjustable Minimalist Choker, Office Attire Everyday Layering Necklaces, Gifts for Women,sohochic",1731992960085430403,"$2,383.63","Women's Custom Personalized Letter Charm Necklace - Elegant Layer-Friendly 15""-2"" Adjustable Extender, Gold & Silver Metal Coating Pendant, Daily Customizable Initial Jewelry for Mom, Ideal Gift for Christmas/Birthday",1732469312344593401,"$1,404.94","【2Packages Shipping】Queen/Full Size Murphy Bed with 2 LED Lights, Farmhouse Wood Hidden Foldable Wall Bed Frame w/Gas Struts, Storage Bed Cabinet for Bedroom, Office, Space-Saving, No Box Spring Needed, Rustic White/Brown",1731495075783873003,"$1,007.98","Turandoss Women's Dainty Golden Heart Initial Necklace - A-Z Letter Tag Pendant Jewelry for Women, Mom Birthday Gifts, Personalized Summerwins Costume Accessory, Gold Lettering Necklaces,sohochic",1731158885662232626,$727.62,PAVOI 14K Gold Plated Lobe Lifters for Heavy Earrings for Women - Earring Backs for Droopy Ears - Comfortable Earring Backings for Studs - Trendy Fashion Jewelry Accessories,1731648186027250184,$365.21
amanda_hadzimichalis,Womenswear & Underwear,"$18,454.46",Sports & Outdoor,"$1,166.06","Vertvie｜GRACE Classic T-Shirt Bra, Jelly Bras, Wireless Full Coverage for All Day Comfort Breathable Womenswear",1731578445279630251,"$3,194.14",FeelinGirl Wireless Bra Women's Seamless Full Coverage Bra Cozy Wide Shoulder Strap Wireless T-Shirt Bra Comfortable Fit Everyday #newarrivals#SohoChic,1730503134732653217,"$3,143.09",Eytino Womens Plus Size Wide Leg Pants Elastic Waist Drawstring Casual Palazzo Pants Cotton Lounge Trouser with Pockets(1X-5X),1732348493015519327,"$1,764.63",SHOWITTY Women's High Waisted 1/3 Pack Fleece Lined Leggings with Pockets – Thermal Warm Yoga Pants for Winter Workout & Everyday Wear,1729410017419366654,"$1,053.05",OEAK Women Jelly Bras Wirefree Full Coverage No Underwire Everyday Bras Comfortable Wireless Padded Tshirt Bra,1731406217255686451,$992.24
amanda_pac,Sports & Outdoor,"$98,252.92",Womenswear & Underwear,"$33,368.36",Halara One Shoulder Long Sleeve Thumb Hole Curved Hem High Low Quick Dry Yoga Sports Top-Built-in Bra,1731918375289458980,"$88,897.95",[Sale off 50%] Vintage All Team Football 2 Sided Stadium Ash Grey Sweatshirt TM JD,1732443391692935661,"$9,750.48","THE OFFICIAL MAGIC LEGGINGS - Original Fleece Lined Tights - Plus Size Women's Clothing, Body Slimming Compression Band, 1-Seam Option, Closed Foot, XXS-3XL, 4 Shades, Light-Brown Fur Fleece, Cold Wash, Viralproducts",1729406693411230691,"$8,100.72",Lace Sculpting Bodysuit,1732576959021551710,"$5,135.91",Inbarely Soft Single-Layer Basic Long Sleeve Shirts See Through Breathable Wear Casual Sporty Shirt,1731641065545634032,"$2,845.39"
amandaaaapac,Beauty & Personal Care,"$11,435.01",Health,$398.09,Self-Tanning - Milky Essence,1732314195951063680,"$8,290.84",[medicube] Body Gommage Exfoliating Pad 8ea for bumpy skin flaky skin body scrub,1731233913351344363,"$2,724.25",Arrae Bloat Gummies | Fast-Acting Bloating Relief Peach Lemon Gummies | Clinically Proven| 28 ct| Natural Healthcare Dietary Supplement Edible Fiber Bathroom Fitness Fitness,1732388889503634045,$398.09,"[medicube] PDRN Pink Collagen Volume Multi Balm | All In One Volufiline, PDRN, NAD Stick for Youthful-Looking, Helping Look of Fine Lines, Firming Care, Anti-Aging Care | For Under-Eyes, Neck, Forehead, Smile Lines, Lip Care | Korean Skincare",1729508370969629931,$363.33,DR.DENT The Purple Duo - Purple Mouthwash [20 Uses] + Purple Teeth Whitening Strips - [7 Whitening Sessions],1732418783948083710,$26.99
amandaathome1,Toys & Hobbies,$237.71,Kitchenware,$29.56,"3D Laser-Cut Wood Fantasy Mini House Magic Ring Kit - Lighted LED Set, 14+ Age, 5-6 Hrs Build, Unisex DIY Woodwork Toy for Craft Enthusiasts, Handmade Gifts, Cozy Glow Nook Bookshelf Decoration",1732381209627759505,$237.71,"Reduce Aspen 20oz Insulated Glass Tumbler - Portable, Stylish Cold Keeper Flask, Reusable Functional Drinkware for Iced Coffee, Boba Lovers",1731653223215698248,$29.56,"PAVILIA Women Waffle Knit Kimono Robe, Soft Cozy Breathable Lightweight Bathrobe with Side Pockets, Shower Spa House Long Robe for Women Everyday",1731782345735311576,$27.99,All Purpose Scented Cleaner,1730369516036526190,$20.90,,,
amandaburbank131,Beauty & Personal Care,$569.43,Sports & Outdoor,$326.92,"Tideway Prowaver 6-in-1 Ionic Hot Air Styler - Oval Blow Dryer Brush with Auto Wrap Curlers, Dual Voltage Travel Beauty Tool Upgrade for Blowout Hair, Curl Routine, 6 in 1 Multi-Purpose Curlers & Straighteners, Women's Gift",1731711806746563453,$233.41,Wrangler Crossbody Bags for Women Sling Bag Cross Body Fanny Pack Chest Bag,1730791181555831316,$167.91,"ADDWIN 2026 New Fascia Ring R10 Mini Muscle Recovery Fascia Device upgraded adjustable strap fits Up to 55in waist, Cordless Rechargeable, Designed for Waist & Back Muscle Recovery portable massager parents gift summervibes",1731284232420626805,$160.45,"Neon Buffalo Cutout Specialty Decorative Light - Home Decoration Lamp, Indoor Decor Lamps, Man Cave Decor Items, Buffalo Wall Art, Fun Choice for Birthdays and Parties",1731711141082140815,$112.18,Advanced Food Intolerance Labs Food Sensitivity Vitamins & Gut Health Test 1000+ Items Tested for Sensitivities Nutrient Imbalances & Heavy Metals,1730664019526258810,$89.90
amy.e.schmidt,Womenswear & Underwear,"$4,496.53",Fashion Accessories,"$1,722.12","Songling Women Mid Rise Barrel Work Trousers Elastic Back Waist Tapered Baggy Lounge Pants With Side Pockets True To Size Solid Daily Travel Bottoms, back to school shopping,clothes for back to school,first day of school outfits,sohochic",1732216018534372167,"$3,267.73","Women's Printed Oblique Angle Satin Neck Scarf - Head Scarf, 59"" x 5.9"" Fashion Accessory for Bag or Hair",1730701444048523487,"$1,683.14",Flamingals Wash Multi Pocket Mid Rise Straight Leg Jeans Women's Fashion Casual Comfort,1731476274694230101,$239.96,Gap Women's Heavyweight Baggy Sweatpant Jeans,1731190897624322678,$206.50,"Katch Me Chic(US/CN)Women's Versatile High Waist Stretchy Denim Wide Leg Jeans, Flexible Multi-Pocket Trousers, Soft Wrinkle-Resistant Pants, Non-Shrinking Durable Streetwear, Figure Flattering Daily Outfits #TikTokMadeMeBuyIt #DenimJeans #WideLegPants",1730053628148093916,$135.55
anastasiya_ray,Sports & Outdoor,"$114,806.49",Womenswear & Underwear,"$63,300.04",Halara DayStretch High Waisted Barrel Leg Casual Pants with Pockets,1732535906609173342,"$29,460.52",【Creator’s Pick】Halara Flex High Waisted Sculpted Lift Design Straight Leg Casual Jeans with Pockets,1732529297671492446,"$26,267.22",Halara UltraSculpt™ Leopard Print High Waisted Tummy Control Yoga Leggings with Pockets,1731476661501595940,"$23,507.65",Halara One Shoulder Long Sleeve Thumb Hole Curved Hem High Low Quick Dry Yoga Sports Top-Built-in Bra,1731918375289458980,"$20,362.16",Halara UltraSculpt™ V-Shaped High Waisted Contrast Lace Yoga Flare Leggings with Pockets,1732311109215294302,"$15,055.21"
andrea_costanzo,Womenswear & Underwear,"$1,283.72",Sports & Outdoor,$339.35,Imily Bela Women's Summer Mini Dress Casual Workout Tennis Dress with Shorts Sleeveless Althletic Dresses,1729428284144587566,$550.58,CHICME Built-in Bra Tank Top Ribbed Racerback Tops Women Going Out Tops Everyday Basic Tanks Padded Tops,1729484235456352758,$455.14,Ninja Flip Toaster Oven & Air Fryer - SP151,1731966262506917973,$282.98,"Women's Plants Print V Neck Swimdress & Tankini Set, Casual Sleeveless Swim Dress & Swim Top Two-piece Swimsuit for Beach Holiday Vacation, Ladies Swimwear, Swimwear Sets",1730840513403195504,$123.83,CHICME 2026 Women's Oversized Fall Long Sleeve Pullover Sweatshirt Zipper Slit Casual Dress Drop Shoulder Outfits,1729546584318644726,$106.03
andthatsthelipton,Womenswear & Underwear,"$55,203.93",Home Supplies,"$4,577.95",Scene Stealer Faux Fur Crop Denim Jacket,1731843430611456713,"$5,658.26",Women’s V Neck Poncho Tops Batwing Sleeve Solid Color Loose Fit T-Shirts Blouses,1731080116594839788,"$5,214.79","Women's Plain Fitted V Neck Basic Tee, Casual Short Sleeve T-shirt for Summer, Ladies Clothes for Daily Wear, Top, Casual Fashion Top, Womenswear",1731073172645974879,"$4,634.32",Cider Cotton Plaid Collar Short Sleeve Blouse & Mid Rise Lace Trim Bowknot Mini Skirt Set,1731911890868146263,"$4,504.75",SCUSTY Women's Two Piece Outfit Cotton Matching Set  A-Line Sleeveless Tank Tops and High-Waist Shorts with Pockets,1730815762275668211,"$3,998.26"
angela.456789,Phones & Electronics,$36.82,Household Appliances,$17.15,Back To School！KUKIHO Wireless Lavalier Microphone for iPhone iPad Android With Charging Case Audio Smartphone Audio Smartphone,1729588735736517619,$36.82,"sohochic 2-in-1 Handheld Steam Iron & Clothes Steamer - 150ml Water Tank, Large Soleplate, Handheld Control, Easy Grip, Smooths Wrinkles Fast, Lightweight for Home, Travel",1731368483960623870,$17.15,,,,,,,,,
angelacallisto123,Womenswear & Underwear,"$292,979.39",Phones & Electronics,"$20,383.94",Freya ONESO Women Mid Rise High Stretchy BBL Jeans Butt Lifting Wide Leg Raw Hem Denim Pants Tummy Control Spring Basic Minimalist Woman Denim Bottom Comfortable Denim Jeans OSW8019 Plus Size Regular Size Fashion Daily Outfits DIY Inseams #SummerVibes,1731273402271240469,"$56,074.62","【Restocked】CUPSHE Women's Longline Basic Long Sleeve Kimono Duster Cardigan, 78% Viscose Loose-Fit Plain Open-Front Nylon Dolman Sleeve Lightweight Knit Layering Cute Top, Stylish Casual Fall Travel Womenswear",1731598991692763864,"$24,486.94",Tanming Womens Contrast Stitching Pants High Waisted Drawstring Baggy Barrel Cargo Wide Leg Trousers with Pockets Casual Spring Summer Fall Winter Work School Vacation Loungewear Outfits Clothing,1731229445891395731,"$23,028.65",Back To School！KUKIHO Wireless Lavalier Microphone for iPhone iPad Android With Charging Case Audio Smartphone Audio Smartphone,1729588735736517619,"$19,680.74",JASGOOD Women Wide Chunky Belt for Dresses Fashion Thick Suede Belt with Gold Buckle,1732071333641097693,"$17,453.52"
annaslivka2,Fashion Accessories,"$6,312.15",Womenswear & Underwear,$77.15,YoungSee Micro Loop Hair Extensions Human Hair micro ring pre bonded Soft and Silky Hair Extensions for Women Micro Ring Extension Human Hair 100% Real Human Hair Summer braids half wig summer hair style glueless wig#summerwins #DealsForYouDays,1731915004731495134,"$4,213.85",YoungSee 14-28 inches Micro Loop Hair Extensions Human Hair Soft and Silky Hair Extensions for Women Micro Ring Extension Human Hair 100% Real Human Hair #summerwins #DealsForYouDays Raw Hair Bundles Natural Wavy Hair,1730893574771741406,$869.02,Youngsee 16-28 inches butterfly weft hair extensions ovo weft genius pu weft  hole butterfly  hair extensions human hair XO weft human hair extensions straight hair real human glueless wig #summerwins #DealsForYouDays,1731548152031122142,$468.28,YoungSee 12-28 inches Tape in Hair Extensions Human Hair Soft and Lightweight Hair Extensions for Women Tapeins  100% Real Human Hair Hair extensions Summer braids half wig summer hair style  #summerwins #DealsForYouDays,1731914992833106654,$293.65,"GOO GOO Micro Link EasyFit Remy Human Hair Extensions 14-24Inch 30-100g, Cold Fusion, Glueless Micro Loop Micro Ring Invisible Hair Extensions Natural Straight Micro Bead Hair Extensions #sohochic #tiktokshopstockup#TikTokShopFallDealsForYou",1731165349082927539,$168.60
aricandchristy,Home Improvement,"$1,800.96",Kitchenware,$826.15,"12.5"" Starry Night Stacked Pumpkins by Valerie",1732518597707076551,"$1,736.17","TOPDON TC004 Mini Thermal Camera, 15-Hour Battery, 240×240 TISR, 128×128 IR, -4°F~842°F, High/Low Temp Alerts, Handheld Infrared Imaging",1731757562240799282,$824.83,10 Strawberry Street Platter Merry Morsels Platter,1732099737067295687,$354.62,HomeWorx by Slatkin + Co. Set of 3 18oz Colors of Fall Candles,1732598290780885959,$256.18,LocknLock S/4 Bowls w/ Handle Lids & Holiday Bags,1732598205346714567,$221.56
arsy_vartanian,Beauty & Personal Care,"$13,503.78",Luggage & Bags,$981.12,"PUFF Tape Ultra-Moisturizing Sleep Strips – Designed for Beauty Sleep – Collagen, Hyaluronic Acid & Vitamin E for Overnight Lip Hydration, Plumper Lips & Refined Facial Appearance (30 Count)",1732149210223644960,"$6,773.46",NuDerma Clinical High Frequency Wand with Fusion Neon-Argon Applicators Anti-Aging Anti-Acne by Pure Daily Care  Facial Beauty Instrument Facial Beauty Machine Facial Care Tool,1729401883679232365,"$2,805.13","1 × Reviv R3 Firm Food-Grade Silicone Night Mouthguard - Unscented, Latex-Free, BPA-Free Teeth Grinding & Clenching Mouthpiece, Durable, Supportive Fit, Shape-Retaining, No Molding Required, XL/Large Size, Everyday & Overnight Use",1732279335109759499,"$1,385.17","The Beast Mini Blender Plus | Mini Countertop Kitchen Blender | Blend Smoothies, Shakes, Sauces, Dips | Extra Vessels, Straw Cap and Straws Included",1729485974103167761,$698.03,"HUSH HOUR Unscented Mouth Tape - Gentle, Soothing Organic Green Tea Skincare Tool for Restorative Sleep, Sensitive Skin, Dry Lip & Jawline Contour Care",1732086435376042859,$560.46
ashleyinfl,Womenswear & Underwear,"$1,846.04",Shoes,$725.51,"BERNESS Carmia Women's Cow Print Stilettos - Classy Pointed Toe Slingback High Heels Pumps with Buckle Ankle Strap, 3.5-in Glossy Heel, Memory Foam, Elegant Evening Footwear, Women's Shoes",1732139301336486436,$595.52,"Mid-Century Modern Upholstered Dining Chairs Set - Linen Fabric Kitchen & Dining Room Chairs with Nailhead Trim, Curved Wingback, Gentle Backrest Support, High-Resilience Sponge Keeps Shape, Rubberwood Legs, Stable Solid Wood Frame, Sturdy, Easy Assembly",1731329318280335949,$419.45,"Dokotoo Women's Western Denim Mini Dress, High Waist 3/4 Sleeve Zip Up Casual Dresses, Loose Fit Cowboy Style Streetwear Outfit for Fall & Daily Wear Long Sleeve Collared",1732435311745405941,$208.64,COOL GIRL EMBELLISHED TEE SHIRT DRESS IN WHITE,1732317187850146051,$184.79,High Neck Loose Pocket Tassel Long Sleeve Suede Dress,1732538805274513877,$137.40
ashleyorganic,Luggage & Bags,"$32,259.84",Shoes,"$15,799.61","SHA CERLIN Storage Bed Frame Modern Linen Upholstered Headboard Lift Up Storage Platform Bed Frame, Two Style Headboard, Heavy Duty Gas Lift Support, No Box Spring Needed,Wood Slats Support, Full Queen King Size, sohochic",1729537141726810464,"$9,719.95",Tanming Womens Vintage Washed Straight Leg Pants Drawstring High Waisted Sweatpants with Pockets Spring Summer Fall Winter Outdoor Travel Streetwear Casual Daily Lounge Wear,1731922724730409107,"$8,033.25",NEWBELLA Marella M Collapsible PU Leather Tote Bag with Magnetic Closure and Luggage Sleeve for Work and Travel #sohoch,1729477606392238202,"$7,993.09","Qure LED Light Therapy Mask for Face - FDA Cleared for Wrinkles & Acne Treatment with 3 Modes, 5 Facial Areas &  5 Lights: Red, Deep-Red, Blue, Amber & Infrared, 3-Min Daily, Eye-Protection, Smart App",1730401910219313767,"$7,325.09","DREAM PAIRS Women's Square Toe Platform High Chunky Block Heel Y2K Ankle Flared Leather Boots Girl Inner Side Zipper for Easy Wear Fall Autumn Winter Classic Comfortable Walking Shoes,back to school,back to school haul",1729466557548696460,"$6,070.51"
ashleyorganicedits,Beauty & Personal Care,"$28,662.91",Household Appliances,"$1,529.27","[medicube] Hypochlorous Acid Rice Peel Shot Duo For Face & Body | Gentle Exfoliating Serum for Dead Skin Cells & Pore Care, Blackheads & Excess Sebum Control | Rice Extract, Hypochlorous, Panthenol for Hydrating & Smoothing Care",1731738460512030955,"$9,395.61",30 Years of Bestsellers Set,1732537844925633005,"$4,954.90","[medicube] Kojic Acid Turmeric Peel Shot Duo For Face & Body | Brightening Reset Gentle Exfoliating Serum with BHA, LHA & PHA for Dead Skin Cells, Blackheads & Excess Sebum | For Dull, Rough & Troubled Skin",1732182201234002155,"$4,358.06",L'Occitane Shea Butter Hand Cream 5.10 fl oz,1732220245063537577,"$1,907.51","【2026 Newly Upgraded】Trucozie T350 Rechargeable Cordless Vacuums, 8-in-1 Lightweight Upright Floor Cleaning Vacuums with 2 Bonus HEPA Filters, 2-in-1 Brush, Hands-Free Design, 45-Min Runtime, 33 kPa Suction, Housewarming Gift for Hardwood Floors, Pet Hair",1729406319708377732,"$1,309.53"
avas.fav.finds,Beauty & Personal Care,"$4,312.14",Womenswear & Underwear,$56.29,"LYS Beauty No Limits Cream Bronzer Stick, Makeup Contour, Buildable Face Color with Natural Radiant Finish",1729385764072624843,"$3,383.15","LYS Beauty Higher Standard Cream Glow Blush Stick, Makeup Blush Stick for Natural Radiant Finish",1729442305345688267,$397.24,The Blush Stack Dew Blush + SuperSuede Blush,1731606733682217843,$247.95,"sacheu Contour STAY-N - All-Day Liquid Contour - Long-lasting, buildable, ultra-blendable contour Effortless Smooth Bronzer makeup products",1731001036376085279,$102.31,Oh Baby Baby Costume,1729401429054427994,$56.29
ayeitsanju,Luggage & Bags,$351.50,Health,$148.59,"Women's Solid Color Shoulder Bag, Back To School, Fashionable Large Capacity Crossbody Bag for Daily Used, Casual Trendy Versatile High-quality Daily Commuting Bag",1729496373355844345,$351.50,"Bloom Nutrition Greens & Superfoods Powder (30 Servings) - Digestion, Gut Health, Bloating Relief, Spirulina & Chlorella with Probiotics & Antioxidants",1729399601858974651,$108.95,"Women's Solid Color, Casual Outdoor Sun Protection Cap for Women & Girls, Fashion Accessories for Daily Wear, Breathable Head Cover, Summer Outdoor Hat",1730691917901959683,$104.22,"Two-piece Set Women's Solid Backless Cami Top & High Waist Shorts Set, Solid Sports Sets, Sleeveless Spaghetti Strap Crop Top & Skinny Shorts, Ladies Sportswear for Indoor Outdoor Wear, Gym Wear, Backless Gym Clothes, Yoga Active Wear",1729478901425279827,$40.03,Bloom Nutrition Greens & Superfoods Powder 30 Servings 2 Pack Digestion Gut Health Bloating Relief Spirulina Chlorella Probiotics Antioxidants Organic Dietary Edible Vitamin Essential Minerals Supplement,1729485344610358203,$39.64
backnjennaup,Beauty & Personal Care,"$3,845.55",Furniture,"$1,652.63","Palladio Under Eye Brightening Cream Concealer - Caffeine Peptides, Vitamin E, Biotin, Gluten Free, Blendable Radiant Coverage, Color Corrector & Primer, Smooth Setting for Adults, Evens Dull Tired Skin, Reduces Dark Circles",1729881829798023357,"$1,447.17","75.2"" Tall Pantry Cabinet, Kitchen Pantry Storage Cabinets with 2 Door and 5 Adjustable Shelves, White Metal Pantry Storage Cabinet, Cupboard for Kitchen, Dining Room, Living Room and Bathroom Organizer",1731459666424271005,"$1,371.09","Westmore Beauty Shadow Edit - Instantly Conceals Dark Circles, Shadows & Age Spots - Concealer Foundation Flawless Makeup",1729453082652283063,"$1,086.78","LANE LINEN Turkish Beach Towel - Oversized XL (39""x71"") Flat-Weave Cotton Blend Lightweight Soft Towel, Quick-Dry, Sand-Free, Pre-Washed, Packable, Stripe & 30+ Designs, Multi-Pack Options for Beach Supplies, Pool, Gifting",1732304296434963436,$568.04,Portland Leather Koala Sling Bag - Soft Leather Crossbody Purse & Travel Chest Bag for Women,1732046851932983468,$470.31
baileyyoliverr,Womenswear & Underwear,"$49,209.36",Sports & Outdoor,"$17,909.12",Project Cloud Women's | Oxford Shoes for Women | Genuine Leather | Memory Foam | Lightweight | Non-Slip - Wally,1731581887912710712,"$10,394.56",Sporty Chic Lace V-Neck 24 Graphic Jersey Top,1731121088253104841,"$7,356.77","Dream Pairs Women's Genuine Suede Mini Fuzzy Platform Winter Ankle Boots - Premium Suede Feels Luxe, Faux Fur Lined, Memory Foam, Water-Resist EVA Sole, Casual Chestnut Shoes for Women, Outdoor Daily Wear",1729496854625162124,"$6,807.50","UANEO Women's Velvet Lace Hem Pants, Cropped Wide Leg Trousers with Elastic Drawstring Waist and Pockets, Soft Casual Chic Pants",1732529747642388789,"$5,590.27","[medicube] Ultra Light PDRN Pink Peptide Serum | Lightweight Hydrating Serum with Salmon PDRN & Hyaluronic Acid | Fast-Absorbing Glow Care for Skin Clarity | K-Beauty, Korean Skincare (30ml / 1.01 fl. oz.) (110ml / 3.72 oz)",1732311456669012203,"$4,040.97"
beautybestiefaves,Home Supplies,$223.73,Kitchenware,$61.98,"ANIMAT3D FrostByte 12” Animated Talking Snowman, Light Up Projector Face, Christmas Songs, Jokes & Funny Expressions",1730849900943741396,$183.25,FreeSip® Sway,1731227666608394872,$61.98,Icing + Sprinkles Glitter Setting Duo | On ’Til Dawn Glitter Setting Spray + Ultimate Blurring Setting Powder with Free Powder Puff Wand,1732696835165492023,$53.00,"2 Pcs Easy-to-Decorate Artificial Autumn Morning Glory Hanging Baskets - 2 Hanging Pots,24 Flowers - House Decor,Entryway Decor to Enhance Your Outdoor Space",1732412425105806116,$40.48,"Christmas Squishy Advent Calendar Bundle | Halloween & Holiday Fidget Toy Countdown Calendars, 24 Surprise Squishies Each",1732578250744828099,$35.43
becsreview,Beauty & Personal Care,"$1,508.35",Furniture,$171.64,"JUDYDOLL Ultra-Fine Liquid Eyeliner, Waterproof Liquid Eye Liner, Hooded Eyes, Sharp Winged Lines, Long-Lasting, Beginner Friendly, Lasting Satin Finish, Smudge-Proof, Transfer-Resistant, Suitable For Sensitive Eyes, Halloween Makeup",1730235179727360529,$366.93,"JUDYDOLL 2 in 1 Highlight & Contour Palette - Face Shaping, Long-Lasting, Multi-Use Makeup Palette, Face Bronzer, Cool Toned, Natural Matte Highlighter, Blendable, Buildable Contour, Back to School",1731159981009310225,$277.59,"【Deal】SweetFurniture 3-Drawer Mobile Lateral Filing Cabinet with Castor Wheels - Home Office Organization, Printer Stand with Open Shelves, Large Folder-Fit, Room Decor Cupboard, Modern Home Decor, Furniture for Bedroom",1729385490165371016,$171.64,"[2.0]CARSLAN Black Magnet Soft Focus Powder, 24H Longlasting Translucent Pressed Setting Powder, Oil Control, Waterproof, Sweatproof, Poreless Powder",1730080489125417058,$120.31,"CARSLAN 3.0 Update Version Black Magnet Soft Focus Powder, Replaceable Powder Container, 24H Longlasting Translucent Pressed Setting Powder, Oil Control, Waterproof, Sweatproof, Blurring Pore Face Powder, Matte Flawless Finsh, Travel-Friendly Touch Up",1732348246540587106,$96.63
bestiebriitt,Household Appliances,"$124,110.46",Beauty & Personal Care,"$54,541.46","【2026 Newly Upgraded】Trucozie T350 Rechargeable Cordless Vacuums, 8-in-1 Lightweight Upright Floor Cleaning Vacuums with 2 Bonus HEPA Filters, 2-in-1 Brush, Hands-Free Design, 45-Min Runtime, 33 kPa Suction, Housewarming Gift for Hardwood Floors, Pet Hair",1729406319708377732,"$68,013.90",Ninja NeverQuit 3-Piece Fry Pan Ceramic Cookware Set - CQ13000,1729536009518879829,"$41,654.28",Merach Vibration Plate Exercise Machine with Lymphatic Drainage Feature Compact Design for Full Body Workout Max User Weight 400LBS Home Gym Equipment BackToSchool,1729438841571218111,"$21,570.57",Sole Serenity Foot Pads – Overnight Self-Care Foot Patches with Zeolite & Botanical Ingredients | Relaxation & Night Routine,1729487875379467209,"$16,470.50","【2026 New Arrivals】Trucozie T550 Cordless Vacuum Cleaner, 40kPa Powerful Suction Smart Stick Vacuum with 50 Mins Runtime, 8-in-1 Lightweight Handheld/Upright Vacuum for Hardwood Floor, Carpet, Pet Hair & Car, Cordless Handheld Vacuum, Home Cleaning Tool",1731578192195392132,"$12,010.54"
bkewwwl1507,Beauty & Personal Care,"$81,525.65",Fashion Accessories,"$35,870.68",Micro-Infusion 2 Month Rejuvenating & Brightening Bundle,1730973352148243047,"$31,354.03",NuDerma Clinical High Frequency Wand with Fusion Neon-Argon Applicators Anti-Aging Anti-Acne by Pure Daily Care  Facial Beauty Instrument Facial Beauty Machine Facial Care Tool,1729401883679232365,"$19,102.01",GOO GOO Hair Extensions Seamless Clip in Human Hair Extensions Natural Straight Hair #sohochic #tiktokshopstockup#TikTokShopFallDealsForYou,1729397696606998963,"$15,131.16","sacheu DoubleDown Lip Definer - 2-in-1 Lip Liner & Balm, Long-Lasting K-Beauty Lipstick with Satin Finish, Avocado Oil & Vitamin E",1732391432586367775,"$8,193.33",GOO GOO Hair Extensions Clip in Human Hair Natural Straight Remy Hair Easy To Style Soft Clip ins for Women #sohochic #tiktokshopstockup#TikTokShopFallDealsForYou,1729388698832703923,"$7,420.49"
brandie1234,Womenswear & Underwear,"$29,607.95",Fashion Accessories,"$16,588.45","Women's Plain Basic Button-Front Drop-Shoulder Fitted Denim Jacket Coats, Casual Fashionable Outerwear Long-Sleeve Collared Pocket Outerwear for Daily Wear, Aesthetic Womenswear",1729589173787988987,"$8,789.60",QUAY AUSTRALIA OPEN TAB Gold Modern Aviator Sunglasses with Adjustable Silicone Nose Pads & Tapered Arms,1731049400097738779,"$5,416.93",Vans Unisex Authentic Hi 2.0 Checkerboard Shoe,1732425232307359784,"$3,920.00",PrettyGarden Women's Oversized Cardigan Sweater Fall Long Lantern Sleeve Knit Open Front Lightweight Sweater Knitwear Tops,1731208195967717743,"$3,453.33",QUAY-DAY ONE  Aviator Sunglasses Stylish Shades Casual Shades Fashionable Frames Sunglasses Circle Round Sunnies Fashion Outdoor Shades Beach Eyewear,1732484767753932827,"$3,371.44"
brandienicole27,Beauty & Personal Care,"$88,513.76",Womenswear & Underwear,"$48,716.66",tarte timeless hydrating foundation & serum foundation brush - full coverage serum foundation + FREE brush,1732289079425471420,"$26,640.47",Kelce Brown Football Clear Bag,1731463315645960563,"$19,706.48",Jouer Precision Soft Focus Brightening Makeup Set with Brush | Under Eye Brightening & Setting Powder,1729504703639819641,"$18,698.83","AUTOMET Women's 3-Pack Long Sleeve Crop Tops - Slim Fit, Y2K 2000s Cute Clothes, Minimalist Korean Style, Casual Fit Chic, Basic Layering T Shirts Women, Haze Blue/White/Black, Everyday Tops, Cute Clothes for Summer Womenswear",1731253520473559511,"$17,716.43","Palladio Under Eye Brightening Cream Concealer - Caffeine Peptides, Vitamin E, Biotin, Gluten Free, Blendable Radiant Coverage, Color Corrector & Primer, Smooth Setting for Adults, Evens Dull Tired Skin, Reduces Dark Circles",1729881829798023357,"$10,170.11"
brando23454,Pet Supplies,"$7,150.69",Home Improvement,"$5,095.93","VEVOR Portable Dog Blow Dryer, 2000W/2.7HP Pet Grooming Dryer with Metal Housing, Safe Heating, Quick Drying, Adjustable Speed, Temperature Control, 4 Nozzles, Extendable Hose, Auto Shut-Off, Black (Father's Day Gift Option), Easy To Connect, Safe And Com",1729433235356618926,"$4,843.81","WARSUN T7 EDC Flashlight, Pocket LED Work Light with Magnetic Base & Clip, USB-C Rechargeable, Compact Everyday Carry Tool for Camping, Car Repair and Outdoor Use",1729541227726476256,"$3,822.81",TOPDON JS3000 12V 3000A Battery Booster Automotive Jump Starter Pack for Up to 9L Gas/7L Diesel Engines Car Tool Kit Automotive Tool Kit with 24000mAh Battery Capacity Vehicle,1729431923202626098,"$1,527.22","【TikTokShopFallDealsForYou】Cozila Elevated Dog Bed for Large Dogs Up to 120lb - Teslin Steel Mesh Cooling Mats, Snap-On Removable Plush Mat, Waterproof Durable Frame, All Seasons Indoor-Outdoor Use, Replacement Cover Options",1729536878182371542,"$1,380.73","Ridge Tracker Card 2.0 - Smart Tracking, Rechargeable, Wireless Credit Card-Size Wallet Tracker, Apple + Android FindMy Compatible, AirTag Alternative, Slim EDC Accessory, Top Tech Gift",1729496156303627882,"$1,309.65"
brehyah,Phones & Electronics,"$15,732.98",Fashion Accessories,"$2,506.70","JLab JBuds Lux ANC Wireless Bluetooth Noise Cancelling Headphones with Mics, Adjustable Over-Ear Design, Custom EQ, Be Aware Safety Mode, Foldable, Wired Charging Cable, Compatible with iPhone/Android Devices (Tools and Gadgets, Mens Gifts)",1729430076387136161,"$7,150.82","【Global Brand Ambassador V】Nothing Headphone (a) Environmental Adaptive ANC Headphones, Personalized Spatial Audio,  LDAC + Hi-Res certification，USB-C Lossless Audio Supported，Up to 135 Hours Playtime, Bluetooth Headset White",1729504111171377120,"$5,541.60",Sol Mate Kit,1732634166421066326,"$1,938.66","Made4pets Large Freestanding Cat Scratching Post with Condo Design, Cotton-Sisal Rope, Dual Rope Options, Beige Vertical Scratcher - Pet Safe and Engaging Space for Play & Rest, Fits Any Home Decor",1731379862791819537,"$1,556.76","JLab Epic Lux Lab Edition ANC Over-Ear Headphones, 32mm Drivers, Adaptive Noise Cancellation, Hi-Res Audio, Bluetooth & Wired Connection, Cable Included, Chargeable, Wireless Charging Dock, Headphone Case, Manufacturer Warranty",1730308689466987169,"$1,397.74"
bretthayes24,Shoes,$62.78,,,"Unisex Mules New Fashion Minimalist Plain PU Leather Shoes, Comfortable Breathable Slip-On Sandals, Casual All-Season Footwear",1731762605438046446,$62.78,,,,,,,,,,,,
brittany.fnp,"Books, Magazines & Audio","$2,512.98",Toys & Hobbies,"$2,181.40",Michael Coloring Book,1732387379775443062,"$2,512.98","Kids Michael Jackson Thriller Graphic T-Shirt, King of Pop Cartoon Portrait Youth Cotton Short Sleeve Tee, Boys Girls Casual Everyday Aesthetic Shirt, Retro Music Fan Children Gift Tee",1732532375781151307,"$1,230.26","Children's Miniature Cooking Set - Safe Mix & Stir Pretend Play Kitchen Toys with Play Kitchen Accessories, Motor Skill Boost Development Toy, US Standard Adapter, All Seasons Kids Gift Ideas",1732216102089102092,"$1,058.52",Children's jackets Halloween Jackson Cosplay Costume Stylish Leather Jackets for Boys and Girls Minimalist red leather jacket,1732669227518955592,$752.52,Children's Halloween Costumes Boy Jackson cosplay costume Red leather jacket Long-sleeved top fashionable leather jacket,1732516969035109265,$676.51
brittanydejardo,Sports & Outdoor,$345.78,Womenswear & Underwear,$174.93,Halara Ribbed Knit Off Shoulder Long Sleeve 2-in-1 Casual Top,1731687284814549284,$205.33,SKIMS SMOOTH LAYERS ONE SHOULDER TOP,1732480874650440549,$48.00,"[Clearance] baleaf Women's Pleated Tennis Skorts, High Waisted Flowy Athletic with Pockets for Golf, Gym & Casual Wear, Tennis Attire",1729387636236456189,$41.48,Halara SoftlyZero™ Airy U Neck 2-in-1 Pocket Mini InstantCool Dance Active Dress-Easy Peezy,1731260121463558436,$38.76,Stefenie Denim Skort Mid Wash,1729699764257854053,$32.50
brittnymarch,Beauty & Personal Care,"$1,265.83",Womenswear & Underwear,"$1,185.41",DELIMIRA Women's Inbarely Plus Full Coverage Bra No Padded Plus Size Underwire Unlined Seamless Bras,1731378392447357219,"$1,060.36",Scentual Luxury Perfume Oil Ultra-Concentrated Handcrafted in USA 10ml Roller with Vanilla Gourmand Floral Fruity Notes,1731248492514480638,$853.31,Free Roller Trio Bundle: Ultra Concentrated Mist + Body & Hair Oil + Roller,1729492375344485886,$178.21,Trio Bundle: Ultra Concentrated Mist + Body & Hair Oil + Free Roller,1732111730285253118,$118.79,OEAK Womens Seamless Jelly Bra No Underwire Comfort Push Up Bras Buttery Soft Wireless Full Coverage Sport Everyday Bra,1729721094667014451,$54.94
bryttani_mingo,Beauty & Personal Care,$583.71,Toys & Hobbies,$179.71,"TYMO ROVY COMPACT 1-Inch Deep Wave Hair Crimper & Curling Iron - Negative-Ionic Ceramic Hair Tool, Dual Voltage 100-240v, Lightweight Anti-Frizz Wavy Styling Tool for Hollywood Waves, Travel-Friendly Dorm Essential",1729442199827812830,$358.16,"Car Adventure Toy Race Track Playset for Toddlers 3-5, Interactive City Rescue Puzzle with 6 Buttons 8 Challenges & Mini Cars, STEM Motor Skills Educational Gift for Boys Girls",1729392834399671197,$179.71,"Schenley 18-in-1 Steam Mop with Detachable Handheld Steamer for Walls, Floors, Tiles, Tackles Grease & Sticky Messes, Includes Multiple Accessories Cleaning Tools Cleaning Set",1729403466481308478,$152.98,"TYMO RING Series - TYMO RING or TYMO RING PLUS or TYMO FLIPRO 2-in-1 Straightener Comb for Frizz-Free Styling, Ionic Titanium Brush, 9 Temp & LED, Multifunctional Brush, Fast Heat, Each Sold Separately; Summervibes Plancha de Cabello gift Hair Flat Iron,,",1729385521380102622,$77.18,Best Interest Deep Repair Air Dry Styler,1730307483047858671,$65.04
btbeautyx,Beauty & Personal Care,"$4,202.05",Furniture,$743.92,"Brightup 5-in-1 Multi-Styling Air Styler Hair Tool - Automatic Curling Iron, Thermal Brush Blowout, Blow-Dry, Straightening Wrap, Detachable Brush Head, Negative Ions, Ergonomic Rose Gold for Adults, Dorm Essential techvibes",1729478886449255048,"$3,135.28","MyDepot Modern Sturdy Mesh Material Reclining Office Chair - High Back, 360-Degree Swivel Rolling Base, Adjustable Headrest, Pneumatic Height Adjustment, Seat Lock, Smooth Casters (Tile/Wood), 275lbs Weight Limit (Footrest Optional)",1729550655709549029,$743.92,"GuruNanda Retainer & Denture Cleaning Pod with UV for Dentures, Retainers, Mouthguards with One Touch Timer Lightweight Daily",1730721120930205959,$360.52,"Chouyatou Women's Lightweight Solid Cotton Fabric Dress - V-Neck, Short Sleeve, Adjustable Drawstring, Elegant Bohemian Style, Loose Casual Beach Dress with Pockets, Casual Wear, Shortsleeve, Breathable, Lady, Fashion Apparel, Sun Dress, Beach Outfits",1732173592754295177,$317.26,"Desk Fan, Portable USB Rechargeable Personal Fan, 180° Tilt Folding Design, 5 Adjustable Speeds, Table Fan for Desktop, Home & Travel",1729465510140482043,$213.53
by.bren2,Textiles & Soft Furnishings,$721.54,Womenswear & Underwear,$624.49,"Petra Rectangle High-Low Edge Wool-Blend Decorative Rug - Handmade Craft Geometric Graphic Block-Style Flatweave, Mid-Century Design, for Living Room, Bedroom Living Room Decorations",1731425343785112271,$721.54,Hanes Ecosmart Boys' Tank 5-pack Underwear Multi Pack Comfortable Fit Soft Stretch Fabric Breathable Brlta5,1731045157806380004,$623.41,"Women's Color-Block Patent Leather Pointed Toe Slingback Heels with Bow Detail, Vintage Sweet Chic Multi-Occasion Footwear for Daily Wear, Parties, Dates & Weddings, Shoe",1732017005707694666,$276.56,Cider Napoleonic Core Peter Pan Collar Houndstooth Button Short Sleeve Blouse Napoleon,1731569923994456151,$231.49,FAIABLE Men´s Hoodies Unisex Oversized Zip-Up Hoodie for Women Plain Acid Wash Long Sleeve Pullover Basic Minimalist Tops Heavyweight Fleeced Cotton Zipper Hoodie Vintage Casual Menswear Sweatshirts,1729773126172578149,$210.38
calebrichhh,Beauty & Personal Care,"$4,645.36",Menswear & Underwear,$62.25,"Lumiellé Glass Skin Liquid Exfoliant with Salicylic Acid (BHA) – Gentle Exfoliating Soft Exfoliating Face Treatment, Retexturizing Peel for Pore Minimizing, Skin Resurfacing, Brightening & Facial Exfoliation Results",1729399294440607900,"$2,303.42","Instant Angel Lipid-Rich Nourishing Moisturizer - Fragrance-Free, Deeply Hydrating, Firming Cream",1729397664481972561,$613.07,Self-Tanning - Milky Essence,1732314195951063680,$496.48,"304 Stainless Steel Gua Sha Facial Tools. Comfort Guasha Tool for Face or Body Massage. Relieve Tensions and Reduce Redness Skin Care Tool for Body Treatment, Metal Beauty Essentials mothersdaygift,beachoutfits",1730204030341845076,$302.48,"[Beauty of Joseon Official] Glow Serum : Propolis + Niacinamide 50mL | Moisturizing Facial Serum, Nourishing Propolis, Brightening, Gentle, Soothing for Irritated Uneven Skin Tone, Korean Skincare",1729566268670382513,$243.03
candidly.betsy,Sports & Outdoor,"$53,545.27",Home Supplies,"$13,265.33","2026 Dumpling Squishy Advent Calendar - Indoor Recreation Stress Relief Toy, 24 Surprise Kawaii Mini Food Squishy Figures, Cute Christmas Countdown Holiday Gift",1732609143065383676,"$48,688.45","Christmas Squishies Advent Calendar 2026, 24-Day Dumpling Squishy Countdown Box, Mini Squeeze Toys with Multiple Style Options for Stocking Stuffers, Party Favors (Festive Dumpling Collection)",1732594000117600643,"$6,218.31","Unisex Halloween Squishy Box Set, 24-Piece Advent Calendar Countdown Set with Cute Ghost & Pumpkin Designs, Indoor Recreation Party Favors & Classroom Prizes",1732612161263997692,"$3,329.01","Halloween Dumpling Stress Relief Toys, 1pcs/3pcs/6pcs/8pcs/12pcs with Steamer Storage Boxes,Slow‑rebound maltose squishy toys, ideal for Halloween party gifts, featuring grimace pumpkin and little devil designs，12pcs Mini Dumpling(5cm）",1732534855764971527,"$3,167.52","JOYIN Christmas Dumpling Stress Relief Toys Set, Cute Malt Sugar Christmas-Themed Squeeze Dumpling Stress Balls, Slow Rising Squishy Fidget Sensory Toy, Soft Squeeze Decompression Dough Gift for Adults and Girls Boys, Birthday Gifts",1729524296050054151,"$1,922.37"
carlosesparza,Menswear & Underwear,"$1,416.48",Womenswear & Underwear,$587.71,"AELFRIC EDEN Men's Gothic Streetwear Baggy Sweatpants - Barrel Leg Athleisure Joggers with Blade Graphic Print, Drawstring Waist, Vintage Men's Clothing for Gothic Street Look (Blade Graphic Adds Edge)",1732253469021737570,$474.54,"AIRHAS Men's Barefoot Shoes Zero Drop Wide Toe Box Minimalist Slip-on Gym Shoes for Men Deadlift Cross Training Sneakers #Outdoorfun #TikTokShopBlackFriday #SummerVibes#TikTokShopDealsforYouDays,shoes for back to school,back to school shoes",1729572383560732677,$291.93,BOOMBA Magic Padded Sticky Bra - Patented Sticky Fashion Bra Inserts,1729459877607019435,$286.12,Pacsun Men's Blake Extreme Baggy Jeans Black,1730593370136941210,$219.66,"Akunbem Bikini Trimmer for Women, Electric Shaver and Razor Rechargeable 2-in-1 Body and Facial Epilator, Dual Heads for Painless Trimming of Pubic Hair, Face, Underarms and Legs, IPX7 Waterproof. Christmas Gift New Year Gift Shaving Grooming tiktokshopba",1729496049825452336,$214.35
carlymanninggg,Beauty & Personal Care,$522.64,Menswear & Underwear,$20.22,tarte Big Stick Energy duo – shape tape concealer stick & brush,1730956811325510588,$376.33,tarte colored clay CC undereye corrector,1729734769623929788,$129.84,"Comfort Colors Dean Di Laurentis Briar U Vintage Shirt, Briar University Shirt, Off-Campus Hockey t-shirt, Hockey Romance graphic tee",1732406682214503268,$20.22,DR.DENT Purple Mouthwash - Sachets 20 Pack - Peroxide-Free - Alcohol Free - Vegan Mint,1732294339991933438,$16.47,,,
caro_manning,Phones & Electronics,"$18,870.51",Beauty & Personal Care,"$8,809.13",SHOKZ OpenRun Bone Conduction Open-Ear Bluetooth Sport Headphones Open ear comfort; Lightweight & Secure fit; IP67 water resistance; 8H battery; Running/Cycling,1729658080504484442,"$9,321.85",SHOKZ OpenRun Pro 2 Bone Conduction Bluetooth Sport Headphones；DualPitch premium sound；Open ear awareness; Smart Mic; IP55; 12H battery; Running/Cycling/Hiking,1729658353063203418,"$7,148.99","tarte BB blur tinted moisturizer SPF 30 - instantly brightens, hydrates & smooths your skin",1729584174847071164,"$3,064.64",tarte colored clay CC undereye corrector,1729734769623929788,"$2,596.86",JLab GO Sport+ True Wireless Earbuds with Integrated Charging Case 35+ Hour Playtime 3 EQ Sound Settings IPX4 Bluetooth 5.3 Cable Rechargeable Headphones Audio - Electronic,1729397398907556513,"$1,412.37"
carringtonchronicles,Beauty & Personal Care,$138.19,,,"KimChi Chic Beauty Giant Puff Puff Pass Set & Bake Powder - 80g Loose Setting Powder, Oil Absorbing, Rice Powder, Vitamin E",1729397392476771174,$40.42,"KimChi Chic Beauty Puff Puff Pass Set & Bake Powder - 20g Loose Setting Powder, Oil Absorbing, Rice Powder, Vitamin E",1729384266159788902,$33.91,Official NuDerma Professional Glass Attachments Replacement Wands for High Frequency Machine by Pure Daily Care,1729455169668682093,$18.95,Diamond Glow Highlighter- Expensive,1729402506461090217,$15.17,Official NuDerma Standard Glass Attachments Replacement Wands for High Frequency Machine by Pure Daily Care,1729455168479072621,$14.95
cassycass00,Beauty & Personal Care,"$49,009.48",Sports & Outdoor,"$4,053.06",tarte easy skin duo - CC tinted serum + creaseless SPF 30 on-the-go powder,1732422500087993276,"$22,473.36","Gywwn Electric Ear Cleaning Kit for Adults - Rechargeable Earwax Removal Tool with 2-in-1 Built-in Waste Tank, 4 Pressure Settings, IP67 Waterproof Rating, 3 Nozzles, Back to School Beauty & Personal Care Item, Non-Medical",1731065506959561622,"$19,676.61",【Creator’s Pick】Halara UltraSculpt High Waisted Tummy Control Pocket Shaping Yoga Bootcut Leggings,1730470200737173796,"$2,680.65","[ELROEL Official Store] ELROEL Blanc Cover Cream Stick V White - Korean Color-Changing Foundation Stick with Volufiline - Medium to Full Coverage Dewy Finish Base Makeup - Dual-Ended with Detachable Brush (13g, 0.04 oz)",1732244344172417451,"$2,131.07","L'ANGE HAIR Glam Me Up Blush Styling Kit - Ceramic Coated GlamWave Thermal Ionic Brush, Adjustable Rival Heat Shield, Lightweight Marula Oil Hydration Spray, 4oz Salt + Sea Texturizing Spray for Flawless, Frizz-Free Straightening My Hair",1731776245891633648,"$1,520.95"
cassymedwards_,Beauty & Personal Care,"$34,536.14",Fashion Accessories,$165.05,tarte shape tape dab & go hair concealer,1732404473502667708,"$9,068.59",tarte double take clay pot shadow eyeliner + FREE brush - hybrid shadow liner + double-ended brush,1732349004843029436,"$4,701.13","COVERGIRL TruBlend Skin Enhancer Baked Luminous Finishing Powder - 0.28oz Longwearing Soft Cosmetic Powder with Hyaluronic Acid, Blurring, All-Day Wear Glow Setting Product",1732356199721439998,"$4,643.44",tarte sculpt tape & blush tape duo - blush and bronzer,1729417067781002172,"$4,575.91",tarte smolderEYES shadow liner duo,1731479846982685628,"$1,660.16"
cheerockafellaa,Fashion Accessories,"$1,248.35",Womenswear & Underwear,$213.14,【Hot Sale】VIPbeauty Half Wig Human Hair 200 Density Burmese Curly Half Wig Spiral Curly Ends 3 In 1 Seamless Flip Over Glueless Wigs Human Hair with Drawstring Beginner Friendly Curly Wig Headband Wig for Women Daily Wear#SohoChic,1730723192437445202,$547.67,Tahikie 99J Burgundy Colored 200% Density Deep Wave 13x6 Full Frontal HD Lace Front Curly Wave FB30 Highlight /Natural Black Human Hair Wigs For Women TikTokShopBlackFriday#SummerWins#TikTokShopBackToSchool#SohoChic #tiktokshopstockup,1729438956644831236,$291.65,[Exclusive Deal] OQ HAIR 13x6 Lace Front Wigs Human Hair Deep Wave Lace Front Human Hair Wig Pre Plucked 180 Density Natural Black for Women,1731498915559477806,$203.60,"Bikini Pain-Free Hair Removal Cream for Sensitive Skin, Hypoallergenic Formula-Gentle & Fast-Acting Depilatory with Citrus Scent, Aloe & Hyaluronic Acid for Soothing Care, Suitable for Men & Women,backtoschool",1731625997827871273,$159.14,34 Inch Straight Wigs Human Hair 13x6 HD Lace Front Wigs Human Hai HD Transparent Lace Frontal Wigs Human Hair Pre Plucked,1731565010075292117,$121.53
chelsleebmoney,Phones & Electronics,"$20,973.17",Beauty & Personal Care,"$9,424.61",SHOKZ OpenRun Pro 2 Bone Conduction Bluetooth Sport Headphones；DualPitch premium sound；Open ear awareness; Smart Mic; IP55; 12H battery; Running/Cycling/Hiking,1729658353063203418,"$7,559.90","JLab JBuds Lux ANC Wireless Bluetooth Noise Cancelling Headphones with Mics, Adjustable Over-Ear Design, Custom EQ, Be Aware Safety Mode, Foldable, Wired Charging Cable, Compatible with iPhone/Android Devices (Tools and Gadgets, Mens Gifts)",1729430076387136161,"$7,275.53",Woojer High-Fidelity Haptic Wellness MAT,1732381679628554847,"$5,327.20","Disney Sunny Side Up Marvel Spidey Friends Graphic Throw Blanket - Cozy, Warm Extra Layer Childrens Blanket for Boys' Bedding, Room Decor, Kids' Gifts",1731636411001573839,"$2,964.51","FUJIFILM X-T5 Handheld Hybrid Mirrorless Camera with XF 16-50mm f/2.8-4.8 R LM WR Lens (Silver) - Interchangeable Lens, Retro Compact, Durable, Smart Autofocus, WiFi, Bluetooth, USB-C, 9.45"" Close Focus, Ideal for Enthusiasts",1732377034489697268,"$2,389.00"
christinaliddo,Womenswear & Underwear,"$1,324.66",Fashion Accessories,$272.22,"Midnight Margaritas Comfort Colors Shirt, Witchy Cocktail Graphic Tee, Retro Halloween T-Shirt, Spooky Season Fall Apparel, Magical Autumn Gift",1732521742042108653,"$1,160.82",SOJOS Polarized Narrow Square Cateye Sunglasses for Women Retro Trendy Driving Glasses,1729457314765902168,$228.42,"Magnetic for iPhone 16 ProMax Gingham Phone Collage Case for iPhone 17-11 Pro Max & 17 AIR - Cute Espresso Brown Fall Design, Smartphone Cellphone Handheld Devices Accessoriesfor iPhone16e",1732415443203952777,$132.80,【Creator’s Pick】Halara UltraSculpt High Waisted Scrunch Butt Lifting Tummy Control Pocket Shaping Yoga Bootcut Leggings,1730598888052330788,$132.80,NEW BALANCE 530 Womens Shoes,1730843455865524661,$109.99
christylong40,Beauty & Personal Care,"$14,248.39",Home Supplies,"$5,257.99",philosophy grace & love enchanted parcel 3pc layering trio,1732484633137681351,"$3,524.29","tarte XOXO blush & glow macaron trio - 3 mini limited edition cream & powder blushes, 1 free",1732532973640324028,"$2,703.11","MoFiz Women's Lightweight Insulated Fleece-Lined Thermal Hybrid Waterproof Breathable Full-Zip Long Sleeve Multi-Fabric Fall Winter Jacket - High Elasticity Athletic Outerwear for Hiking, Running, Biking High Elasticity Jacket Athletic Jackets",1729619646980002397,"$2,688.59",Home Reflections 60x80 Reversible Rib Harvest Printed Throw,1732549204203377607,"$1,975.38",Lenox 6-Piece Sparkle & Scroll Ornament Set,1731869840880079815,"$1,811.66"
colleen_fusco,Beauty & Personal Care,"$9,523.19",Womenswear & Underwear,$809.57,"[NEW] Fluff & Snatch Brow Powder Pen, 24H Wear, Cream To Powder Eyebrow, Transfer-Resistant Formula, NYX Professional Makeup",1732313729432392008,"$1,439.43",sacheu Lip Liner STAY-N - Peel-Off Lip Liner Stain - All Day & Night Lip Liner with Hyaluronic Acid & Vitamin E - Long Lasting Formula - 0.12 fl oz / 3.5 ml,1729385088934777631,$874.25,tarte colored clay CC undereye corrector,1729734769623929788,$835.84,tarte Big Stick Energy duo – shape tape concealer stick & brush,1730956811325510588,$770.33,Skin Perfecting Cream Blush,1732606948685549844,$720.66
creatorsalley,Furniture,$791.03,Household Appliances,$274.99,"PUKAMI 70in Fluted Modern Wood TV Stand - 23in Electric Fireplace, 60in-Compatible Entertainment Unit for TVs Up to 80in, Curved Edge, Sliding Doors, Modern Living Room Furniture, Entertainment Tv Stand, Built In Tv Stands & Multimedia Centres",1732170968879895101,$292.52,"COWSAR Espresso Machine,58mm Commercial Brewing Head,15 Bar Professional Espresso Maker with Barista Coffee Grinder/Milk Frother,Coffee Machine for Espresso/Cappuccino/Latte,Forther integrated design,Ideal for Home/Office",1730156570519835277,$274.99,"Raybee Furniture 57""H 16 Drawer White Dresser with Wooden Top, Modern Tall Dresser for Bedroom & Chests of Drawers, Large Capacity Storage Cabinets for Bedrooms, Living Room, Entryways",1729436108344758810,$265.72,"PUKAMI Fireplace TV Stand Entertainment Center with 36"" Fireplace, 70"" Wooden TV Stand for TVs Up to 80"",Media TV Console with High Gloss Storage Cabinet and 16 Colors LED Lights",1729630299070894653,$232.79,"30 Inch Long Claw in Ponytail Extension, Natural Fluffy Loose Wavy Wave Synthetic Extensions, Synthetic Hairpiece for Daily & Party Use, Wavy Ponytailwig Hairstyle, Hair Weave Wig, Loose Wave Bundles",1730889499626148144,$134.47
dakotamichaelwest,Womenswear & Underwear,$36.92,,,Aero Ribbed Open Back Jumpsuit,1729451859875106978,$36.92,,,,,,,,,,,,
deniece0110,Womenswear & Underwear,"$172,755.65",Luggage & Bags,"$51,670.77","Women's Striped/rhombus/leaf/dot Cloud Handbag, Clip Closure Crossbody Bag, Lightweight Foldable for Daily Use, Gifts for Friends and Valentine's Day",1732227985172828427,"$48,154.69",YeeZaa Women's Gingham Plaid Jacket Cropped Zip Up Stand Collar Oversized Jackets with Batwing Sleeves Loose Casual Lightweight Coats 2026 Fall Outfit with Pockets Back to School First Day Outfit,1732532186273648684,"$25,637.29","Chicovar Women's Quarter Zip Sweater, Pastel Multicolor Striped, Oversized Knit Pullover with Stand Collar, Drop Shoulder Long Sleeve Cozy Sweater for Fall Winter, Casual Wear, Coffee Runs, Weekend Outfits",1732575516858618341,"$11,261.96",Cushionaire Maki Tabi Flats for Women | Classic Split‑Toe Ballet Flat Design with Breathable Upper and Soft Flexible Sole | Cushioned Footbed for All‑Day Comfort,1732484781402592124,"$11,116.04",YeeZaa Cropped Denim Jacket for Women Fitted Military Jean Jackets Band Collar and Metal Hook Closure Outwear Double Breasted Jean Coat 2026 Spring Fall Trendy Coats,1732550384011087916,"$9,527.00"
diaryofamaterialgurl,Beauty & Personal Care,$450.84,Womenswear & Underwear,$84.75,AOA Dewy Blend Foundation,1729484640410439825,$165.32,"MANSCAPED® The Dome Shaver™ PRO Head Shaver for Bald Men – Five Rotary Blade Design with SkinSafe® & FlexAdjust Technology for Smooth Shave, Waterproof, USB-C & Wireless Charging Compatible with Travel Lock",1729566362829033702,$119.99,Studs Marquise Dangle Connector Chain,1732396824986555056,$63.01,"Women's Fisoew Quarter-Zip Pullover - Moisture-Wicking, Lightweight, Oversized Sun Protection Jacket with Casual Sports Style for Gym, Fitness Running, Everyday Activewear (Athletic Tops, Workout Tops Included)",1732097229565562930,$49.77,"Pink Blush Shams Al Emarat Khususi Alcohol-Based EDP Perfume Spray - 100ML (3.4 OZ) Unisex Long Lasting Floral Jasmine Scented Fragrance, Floral Woody Notes, Everyday Wear, Love Gift",1730954972422902666,$37.69
digitaljinxy,Beauty & Personal Care,"$277,997.31",Home Supplies,"$7,268.03","Bella Vita Luxury's Honey Oud | Eau de Parfum 100ml (3.4 fl oz) | Patchouli, Vanilla, Bergamot | Floral & Spicy | Made with Clean & Vegan Essentials Oils | Cruelty Free Fragrance Perfume",1729413742968869814,"$126,472.77",SEPHORA COLLECTION Advent Calendar,1732675476143248315,"$82,326.95","BellaVita Luxury's CEO Man Eau De Parfum 100ml (3.38 Fl.oz) | Lemon, Lavender, Tonka & Agarwood | Long Lasting Perfume for Men | Vegan Perfume | Perfect Gift for Men",1729413705690223542,"$20,156.23","BellaVita Luxury's Honey Oud - (0.68 fl. oz./20 ml) | Eau de Parfum | Patchouli, Vanilla, Bergamot | Floral & Spicy | Long Lasting | Mini Perfume",1730302033260876726,"$12,673.38",Voyage Nova | Rosey Fruity Floral | Extrait De Parfum 50ml/100ml | Long Lasting Luxury Fragrance | Daily women's perfume Alluring Summervibes,1732263142232921043,"$10,489.24"
dinakxoxo,Sports & Outdoor,"$52,932.91",Womenswear & Underwear,"$12,191.96",Halara One Shoulder Long Sleeve Thumb Hole Curved Hem High Low Quick Dry Yoga Sports Top-Built-in Bra,1731918375289458980,"$30,459.19",Halara DayStretch High Waisted Barrel Leg Casual Pants with Pockets,1732535906609173342,"$15,370.89","AISIZE A5602 Women's Mesh Cowl Neck Ruched Asymmetrical Cocktail Dress with Draped Convertible Neckline for Party Evening ,Summeroutfits, Vacationoutfits, Beachoutfits",1732475374525256626,"$5,200.45",Halara One Shoulder Long Sleeve Thumb Hole Ruched Yoga Sports Top,1731821865584398628,"$3,788.11",〖Summer Vibes〗3/6 PCS Retro Oval Sunglasses for Women Chic Cat Eye 90s Sunnies Lightweight Narrow Shades Trendy UV Protection Sunglasses Vintage Rich Girl Sunglasses Women Sunglasseswomen,1731169892210610297,"$1,439.87"
ellencherry_,Womenswear & Underwear,"$29,404.28",Luggage & Bags,$925.93,Cicy Bell Womens Summer Oversized Button Down Shirts Half Sleeve V Neck Business Casual High Low Tops Loose Fit Blouses,1732357818255184239,"$11,066.21",utcoco Women's Vintage Retro Printed Crop Barrel Jeans - 2026 Y2k Casual Cute Soft Lightweight Ruffle Patchwork Baggy Boyfriend Denim Pants with Pocket,1732429401698701793,"$8,075.76","Women's Drop Shoulder V-neck Knit Sweater, Casual Long-Sleeve Jumper for Spring & Fall, Soft Loose Knitwear for Daily Wear, Womenswear",1729745890091438362,"$1,063.09","2025 Women's Tote Bag - INS Blogger-Inspired Parody Creative Platinum Remake, Lightweight PP Woven Plastic Waterproof Laminated Bag for Everyday, Shopping Trips, Fitness & Leisure, Beach Use",1731559003617268062,$844.68,"Flamingals Seaming Detail Mid Waist Straight Leg Crop Jeans Stretchy 25.6"" Inseam Casual Fit",1732323785463730261,$693.51
emileys.drafts,Beauty & Personal Care,"$1,578.26",Womenswear & Underwear,$45.70,"Soft by Al-Rehab EDP Spray, 35ml",1729409282815661014,$541.10,"Lattafa Yara Women's Perfume, 3.4oz(100ml) Oriental Mix Fragrance, Fresh Long-Lasting Perfumes for Women with Tropical, Fruity & Vanilla Bean Notes, Fragrances",1729392338954654602,$262.46,NuDerma Professional High Frequency Wand by Pure Daily Care with Argon & Neon Applicators Anti-Aging and Anti-Acne Beauty Instrument Facial Tools,1729401883758137709,$200.10,[,1732485417170998230,$197.23,"Curvlife 20ml Nail Glue Remover – Gentle Non-Acetone Formula for Press-On Nails, Soft Gel, Nail Tips | Precise Pinpoint Dropper | Quick Dissolve, No Damage, Easy Removal at Home or Salon Healthy Marker Pen Stains Efficient Polish Manicure",1731187557237101108,$93.44
erika.marie.reyna,Kitchenware,$44.99,Beauty & Personal Care,$35.00,HydroJug Traveler | Leak-Proof Insulated Tumbler with Flip Straw & Cup Holder Fit Flasks Lid Drinkware Leakproof Tumbler,1729553368065741562,$44.99,tarte glow wardrobe eye & cheek palette - eyeshadow and highlighter makeup,1729570012796261308,$35.00,"JOMST 3-in-1 Kitchen Sink Drain Strainer, Stainless Steel Sink Plug, Deodorizing Anti-Clog Basket Strainer for US Standard 3-1/2 Inch Drains",1729922285386305758,$12.88,,,,,,
errrcat,Womenswear & Underwear,"$107,722.97",Shoes,"$1,367.13",Lacsper Daisy Floral Lace Minimizer Bra Unlined Unpadded Full Coverage Plus Size Underwire Breathable Mesh Cup Comfort Support for Women,1731589895165612280,"$13,998.19",HSIA Mermaid Scales Sexy Lace Plus Size Unlined Underwire Bra for Women Full Coverage Minimizer Bra Lifting Daily Large Bust Bras Lightweight Breathable Mesh Comfort Back Smoothing Bra,1729413206647607494,"$10,526.57",Lacsper Gradient Blossom Tonal Color Floral Lace Bra Plus Size Side Smoothing Underwire Lifting Support Curvy Comfort Minimizer Non-Padded,1732481591125119224,"$8,804.95","Vertvie｜GRACE Classic T-Shirt Bra, Jelly Bras, Wireless Full Coverage for All Day Comfort Breathable Womenswear",1731578445279630251,"$8,369.48",Lacsper Bound Blossom Corset Lace Minimizer Bra Plus Size Underwire Comfort Floral Lace Supportive Non-Padded Unlined,1732481580426957048,"$7,193.76"
everydayaudur,Textiles & Soft Furnishings,$444.69,Computers & Office Equipment,$404.23,Zulay Kitchen Cozy Throw Blanket for Lounging with Gift Box,1729408004716859453,$444.69,"TIMETOME Reusable Grooved Handwriting Workbook for Kids, Learning Materials, 6 Books–Early Elementary, Covers Math, Words, Drawing –Gift for Children Preschool Alphabet Tool Classroom Supplies，summer learning workbook",1731199102360326543,$404.23,"SNOWY Sticky Inserts - Instant Lift & Boost, Washable & Reusable, Outfit Enhancer",1729420460993712801,$144.00,"Musky Musk, Dossier, Women, 50ml-100ml, Eau De Parfum, Musk",1729436417962316512,$122.09,"Woody Sandalwood, Dossier, Unisex Perfume, Eau de Parfum, 50ml, Sandalwood, Violet Leaves, Cardamom, Orris, Ambrox, Cedarwood, Musk, Amber",1729436419438056160,$63.20
foodfashionfun12,Food & Beverages,$789.69,Health,$466.80,Keurig 24 Cups Variety Pack - Keurig Single Serve Pods - Countdown - 2026 Advent Calendar - Flavored Coffee,1731672315963937275,$348.03,Guild Themed Mystery Box - Makeup - Lipglosses - Lip Stain - Bodyshimmers - Makeup brushes - Blushes,1732266138963055523,$130.00,Rush Energy Caffeinated Powder Loaded Waters,1731880692975964393,$104.54,Liquid I.V. Sugar-Free Hydration Multiplier - Green Grape - Hydration Powder Packets | Electrolyte Powder Drink Mix | Convenient Single-Serving Sticks | 8 Vitamins & Nutrients | 1 Pack (14 Servings),1729407832403448023,$101.02,Liquid I.V. Limited Edition Spider-Man Hydration Multiplier Sugar-Free -  Raspberry Lemonade - Hydration Powder Packets | Electrolyte Powder Drink Mix | Convenient Single-Serving Sticks | 8 Vitamins & Nutrients | 1 Pack (14 Servings),1732403144794411223,$81.90
freekbass,Toys & Hobbies,$36.99,,,"LEKATO MW-20 2.4G PRO & Pogolab BKW-X1 2.4G Rechargeable Plug-N-Play Wireless Mic Transmitter Receiver Set with XLR Adapters, 48V, 2-Hour Quick Charge, 20Hz-20kHz, 4 Channels, Dynamic Mics, DSLR Cameras, Podcast Setup, Live Streaming Equipment",1729436223692444275,$36.99,,,,,,,,,,,,
gabbrieluh,Textiles & Soft Furnishings,"$3,401.48",Womenswear & Underwear,"$1,541.50","Amoami Floral Vintage Pattern Flower Element Area Rug - Soft, Lightweight, Non-Slip TPR Backing, Fully Washable, Fold & Store Indoor Home Decor Items for Bedroom, Living Room, Floral Rug Decor",1732390933638385994,"$3,328.33",Ommig Women's Parachute Wideleg Pants Baggy Y2K Elastic Waist Wide Leg Track Pants Trousers Casual,1729585507777548858,$729.33,"Sweet Dreams. Lady's Oversized Knitting Batwing SleeveCardigan, V-Neck Button-Front Basic Women's Tops,Casual Bohemian Summer Outfits Knitwear",1732476607271440900,$381.95,"Clear Acrylic Stackable Storage Box – 13 Drawers or 26 Drawers Bundle – Dustproof for Bathroom, Vanity, Pantry, Office, Laundry",1732415277732761833,$370.40,"Derma Roller for Face, Beard, and Hair, Titanium Needles - Ideal for Personal Skincare and Hair Care, Suitable for Men and Women Comfort Dermaroller",1729581040733622489,$223.75
grayson.finks,Womenswear & Underwear,"$50,141.43",Luggage & Bags,"$27,310.69","Women's Striped/rhombus/leaf/dot Cloud Handbag, Clip Closure Crossbody Bag, Lightweight Foldable for Daily Use, Gifts for Friends and Valentine's Day",1732227985172828427,"$26,893.08",AE Campus Low-Rise Wide-Leg Sweatpant,1732506630271308021,"$14,108.06",Cider Vintage Sheer Lace Boat Neck Cutout Sleeveless Top for Elegant Outfits,1732323567170130007,"$2,448.16",LikeMyChoice Boho Short-Sleeve Shirt & Wide-Leg Pants Luxury Resort Wear 2-Piece Outfit Satin Fabric Women's Lounge Set for Vacation Vibe Clothes Suits,1732364275747950749,"$2,233.73","Women Vintage Camo Print Drawstring Waist Capri Cargo Bermuda Shorts, Multi Flap Side Pocket Loose Baggy Calf Length Utility Cropped Pants, Adjustable Ankle Tie Cuff Wide Leg Camouflage",1732455339904897293,"$1,924.46"
hanaisfinechina,Womenswear & Underwear,"$58,532.34",Beauty & Personal Care,"$2,182.10",LUCKMEEY Womens Strapless Front Closure Bra Push Up Lift Bra Padded Add Cup Non Slip  Anti-Slip Grip & Removable Straps Fit Outfits Wireless Supportive  Seamless Comfortable,1732282937141662165,"$42,268.79",BOOMBA Magic Padded Sticky Bra - Patented Sticky Fashion Bra Inserts,1729459877607019435,"$3,134.35",HSIA Starry Night 4mm Lightly Padded Demi Bra Lifting Support Natural Push Up Balconette Bra with Wider Padded Straps for Women Plus Size Shimmer Underwire Bra Back Smoothing Daily Large Bust Bras,1729596177708650694,"$3,045.83",LUCKMEEY Womens Strapless Front Closure Bra Push Up Lift Bra Padded Add Cup Non Slip Anti-Slip Grip Wireless Supportive  Seamless Comfortable Tube Jelly Bra,1732453577414382037,"$2,213.49",tarte colored clay CC undereye corrector,1729734769623929788,"$1,768.42"
happyhealthyabbie,Home Supplies,$637.47,Womenswear & Underwear,$109.45,"Sima Japanese Hexagon Weave Silver Ions Antibacterial Back Loofah - 47in Bamboo Charcoal Fiber Shower Towel, 2-Level Exfoliate Cleansing Body Scrubber for Deep Clean, Smooth Skin (All Skin Types)",1729444042329723095,$557.03,【Runs Small】Popilush Corset Bodysuit Sleeveless Faux Leather Lace Shapewear for Women Tummy Control SohoChic Going Out Outfit for Country Concert,1729945706492957508,$86.06,She’s Thirsty Adrenal Cocktail Powder - Legendairy Milk - Coconut Water Electrolytes Mix - No Sugar Added - Drink,1729654802591092980,$72.37,"Sima Japanese Bamboo Charcoal Fiber Bath Exfoliating Towel Pack - 3 Shower Cloths, 1 Face Cloth, Antibacterial Silver, Gentle Exfoliation, Collagen Boost, Fine Line & Sun Damage Reduction, Exfoliating Mitt Alternative, Body Scrubber, Hexagon Woven, Japane",1732065536836866263,$67.48,Halara UltraSculpt High Waisted Tummy Control Pocket Shaping Training Leggings,1730612255255072895,$36.80
hayleyyrichardson,Womenswear & Underwear,$390.42,Furniture,$206.74,Fast N' Curious Costume,1729450355894621018,$291.42,"Modern Criss Cross Armless Ergonomic Chair - Wide Swivel Seat, Adjustable Height, No Wheels, Cross Legged Design, Home Office Desk Use, Ideal Christmas Gift",1731192577614058154,$206.74,ADIDAS Originals Samba Jane Womens Shoes,1732440105827144117,$99.99,Virtual Princess Costume,1729587845756195674,$99.00,"Elfriede Farmhouse Jute-Cotton Flatweave Area Rug - Natural Fiber, Cozy Decorative Kitchen Accessory, Rugs for Bedroom, Home Room Decor",1730928863276536527,$84.54
hkapproved,Womenswear & Underwear,"$26,087.44",Beauty & Personal Care,"$14,817.13",Comfrt | Cloud Zip Hoodie - Mega | Soft Mega Oversized Zip Up Hoodie For Men & Women,1729417808759264131,"$17,678.08",Hanes Originals 2 Piece Lounge Set Comfywear Supersoft Boxy T-shirt & Sleep Shorts Loungewear Women's Comfortable Fit Soft Stretch Fabric Breathable Hla202,1731550007173878756,"$3,671.27","[Beauty of Joseon Official] Daily Tinted Fluid Sunscreen 50mL | OTC Certified, SPF, Broad Spectrum Protection, Mineral based Sunscreen, Makeup",1730890891608691121,"$3,226.62","Sweet Furniture S-7 Drawers Dresser for Bedroom and TV Stand, Fabric Storage Tower for Clothes, Baby Stuff",1729411991650538195,"$2,094.62","Nello Superbalance Hormonal Support Drink Mix, 20 Travel Packets, SRI-81 Shatavari, Myo-Inositol, Rhodiola Rosea, Vitamin C, Magnesium, Theobromine, Vitamin B6/C",1729499864890250680,"$1,982.42"
honestamandafinds,Furniture,"$35,470.45",Jewelry Accessories & Derivatives,"$17,873.93","【Back to school】Dowinx Big and Tall Office Chair with Pocket Spring Cushion,High Back Computer Gaming Chairs with Linkage Armrests,Executive Desk Chairs with Footrest,PU Leather",1732199719185846685,"$22,703.28",fuckit ring - Dainty Engraved Daily Reminder and Inspirational Jewelry for Empowerment,1731725600949310225,"$11,311.00","Costzon Toddler Slide Rocking Toy with Basketball Hoop, Rocking Horse,  Foldable Climber Rocking slide playset for Both Indoors Outdoor Use, mothersdaygift",1729442692279013891,"$9,348.67","【Back to school】Dowinx Big and Tall Ergonomic Office Chair, High Back Reclining Gaming Desk Chair, Teddy Fleece Criss Cross Computer Chair with Thick Cushion, Wide Seat & Armrests, Foot Rest, Gray",1732379066796511645,"$6,207.02",Ettika All the Chains Layered Necklace | Gold Layered Chain Necklace Stack with Crystal Pendant | Trendy Statement Jewelry for Women,1729454831588053819,"$5,877.28"
honeyquiche,Womenswear & Underwear,"$979,422.04",Beauty & Personal Care,$25.92,OEAK Womens Jelly Bras Wireless Comfortable Soft Push Up Bralettes Seamless Tshirts Bras Deep V Everyday Bras,1729714461980332262,"$185,424.05",DOBREVA Women's Unlined Balconette Bra No Padded Underwire Supportive Plus Size Smooth Scoop Neck,1731395246467027235,"$148,573.39",Eleplus 3 Pieces Lightly Lined Wireless Bras for Women Comfy Plunge T Shirt Bra Pack Style Womenswear for Everyday & Bridal Events #SummerVibes,1731831726131155211,"$130,576.42",INLYRIC Women's Inbarely Triangle Bralette Plunge Unlined Seamless Bra No Underwire Sexy Comfortable Everyday Seamless Fit Bra Summer Bra,1731711189670924528,"$86,589.02",Unlined Plunge Scoop Bra Lace Trim Balconette Sexy Underwire Demi Bras Deep V,1731992992760893731,"$64,651.81"
iamashleyyancy,Shoes,$218.79,Womenswear & Underwear,$41.00,AZALEA WANG HALINA BURGUNDY CROC STILETTO BOOT,1731586436893479171,$114.89,AZALEA WANG HALINA BLACK SNAKE THIGH HIGH BOOT,1731586314527412483,$103.90,Comfrt | Basic Quarter Zip Mock Neck | Soft Relaxed Everyday Quarter Zip Sweatshirt,1729477854498822019,$41.00,"RELLCIGA Women's Sexy Thong Monokini Swimsuit - Plunging V-Neck, Low-Cut Back, High-Cut Legs, Tummy Control Bodycon, Removable Pads, 2026 Shapewear Swimsuit, Swimwear Bathing Suit (Back To School)",1729718141508489219,$15.68,,,
itschlospamm,Womenswear & Underwear,"$1,304.90",Health,$119.20,Revenge Assassin Costume,1731684420159378266,$641.19,Nailed It Costume,1729586163487904602,$178.00,"Xero Picks Candies Sweet-Flavored Toothpicks - Sugar-Free Health & Wellness Substitute for Sweet Tooth Cravings (Chocolate, Cookies, Cotton Candy, Peanut, Red Velvet Flavors) Candy Flavors Zero Sugar Candy",1729746521242374199,$119.20,Magic School Club Costume - Green,1731684594553033562,$119.00,Magic School Club Costume - Red,1731685035036808026,$119.00
itsgenise,Beauty & Personal Care,"$10,645.01",Phones & Electronics,"$9,611.14","[SohoChic] CTOLITY AP400 500w 345WH Solar Generator Powerbank Power Supply Lifepo4 Battery Portable Power Station Phone Charge - Solar Generator fit Solar Panel Charge For Home Travel Rvs Emergency Prep, [Power Outage Survival], TiktokShopStockup",1730906531658830796,"$6,375.49","PlayStation eGift Card | PS5 & PS4 Games, PS Plus, DLC & PSN Wallet Funds",1732347574006223439,"$6,023.61","Bellanomi Kiddies African Net Sponge soft texture for gentle daily cleansing, quick drying, mini size",1732223023251951793,"$2,449.15","Disney Princess Belle BPA-Free Leakproof Reusable Silicone Water Bottle (22oz) - Tumbler with Straw, Dishwasher Safe, Silicone Base, Portable Lid, Work Bag-Compatible, Adult Gifts, Daily Use",1731473837202117538,"$2,425.76","[SohoChic] CTOLITY AP400 Soft Pink 500W 346Wh Portable Power Station Solar Generator-Fast-Charging Backup Battery for Home Emergencies, Camping, Phone Power Needs, solar powered generators, back to school haul, [Power Outage Survival], TiktokShopStockup",1732413284426552268,"$2,291.17"
itsjesslaw,Furniture,$499.98,,,"【Ships in 2 Boxes】AMERLIFE Murphy Bed with Storage & Charging Station, Farmhouse Murphy Cabinet with Foldable Panel, Noisy Free, for Guest Bedroom, Living Room, Office #tiktokshopstockup",1729891448764404480,$499.98,,,,,,,,,,,,
itsmakenzietaylor,Sports & Outdoor,"$8,135.81",Womenswear & Underwear,"$1,644.67",【Creator’s Pick】Halara Flex High Waisted Pocket Wide Leg Waffle Work Pants,1729408758258766116,"$5,021.52",【Creator’s Pick】Halara Flex DayStretch High Waisted Pocket Straight Leg Work Pants,1729418999352693028,"$2,426.81",UANEO Womens Cropped Trench Coat Classic Collar Oversized Casual Jackets with Checkered Lining SummerVibes,1731900687663665461,$276.90,Halara Flex DayStretch High Waisted Pocket Straight Leg Work Pants,1729535261465612580,$207.32,Halara Flex High Waisted Pockets Rolled Hem Wide Leg Washed Casual Jeans,1729541335060091172,$205.32
itsmekaycee77,Womenswear & Underwear,"$56,352.04",Shoes,"$37,564.98",Vince Camuto Adjustable Slingback Pumps - Thanya,1732491617205392327,"$25,371.76",UANEO Women's Oversized Quilted Puffer Jacket Hooded Long Sleeve Lightweight Warm Coat With Pockets,1731840664031170869,"$13,451.41","Chouyatou Lady's Winter Double-Breasted Long Wool Fabric Coat - Black, Casual Notched Lapel, Thermal, Sweater-Inspired Sleeves, Basic Womenswear for Daily & Office Wear, Minimalist,back to school,back to school shopping, Solid",1731590104358097289,"$11,887.41",BABZ-BLUE LIQUID LUXE MOTO JACKET,1731749524357616227,"$5,809.27",Aelfric Eden Napoleon Zip Up Jacket Napoleon Military Style Double-Breasted Metal Buttons Stand Collar Cropped Silhouette Structured Knit Fabric Y2K Women Edgy Outerwear,1732507731912594018,"$3,785.30"
jacobien233,Beauty & Personal Care,"$8,068.62",Fashion Accessories,"$4,654.00","CEELIKE Oral Spray, 20 mL, Freshens Breath, Available in Five Flavors",1730278943412293794,"$5,726.19","2 pair Earring 18K Gold Plated Set for Men and Women. Features VVS - cut round and square gemstone earrings. These delicate, elegant and stylish accessories are for pierced ears.TikTokShopBlackFriday",1731134599855640824,"$4,255.30","Night Light, 0.5W Night Lights Plug into Wall 6-Pack, Plug in Night Light, Dusk to Dawn Nightlight Led Night Lights for Bedroom, Bathroom, Hallway Warm White Home Lighting,baby shower gift,unique christmas gift",1731513459800576890,$951.62,"Be Bodywise Advanced Hair Density Roll-On Serum 25 ml | 5% Saw Palmetto, 3% Rosemary, 1% Caffeine Herbasome & 3% Fenugreek | Scalp Serum for Reduced Hair Fall | Men & Women",1730986220018765913,$748.21,"TONOR Acoustic Wood Slat Wall Panels - Decorative Home Improvement Wall Trim for Bedroom Decor, Living Room Decor, Commercial Spaces, Accent Wall",1732355660130652268,$732.93
jaimehillathome,Textiles & Soft Furnishings,"$19,465.47",Pet Supplies,"$16,218.61",Comfrt | Dream Cloud Pet Sofa Bed,1731648058898027395,"$14,542.41",Comfrt Paws | Camo Hoodie | Soft Matching Camo Pet Hoodie,1730274052968649603,"$8,116.60",Comfrt | Tranquil Paw Hoodie | Soft Hooded Pet Clothing Outfits,1729931816682492803,"$7,060.53","7-Ft/8-Ft Artificial Olive Tree Plant, 16-in Round White Moss-Top Pot, Natural Wood Trunk & Lifelike Fruit, All-Seasons Fake Olive Tree for Living Room, Entryway Decor, No Maintenance Home & Office Accent, Ideal for Birthday & Christmas Gifting",1732093430867399421,"$3,037.89","SONGMICS 2-Section Laundry Basket with Lid, Handles, Removable Inner Bags - Polyester Fiberglass Modern, Dustproof, Water-Resistant, Easy-Install Laundry Organizer for Home Use, Household Items, Apartment Accessories, Home Goods",1731615390955115066,"$2,686.06"
jalisasahm,Phones & Electronics,"$26,266.56",Fashion Accessories,"$15,679.80","Xtra Muse Vlogging Camera Recorder - 1'' CMOS 4K/120fps Digital Camera, 3-Axis Handheld Stabilizer, Fast Focusing, Face/Object Tracking, Micro SD Compatible, Pocket Video Camcorder for Content Creators, Pocket Camera",1731831763391320673,"$17,457.51",PASCAL Timeless Classic Diamond Watch for Women & Men 31mm & 36mm with White Lab-Grown Diamonds Swiss Ronda 763 Quartz Movement Stainless Steel Bracelet Everyday Luxury Gift,1732063642461639260,"$14,353.22","Ommig Women's Elegant Solid Long Sleeve Double-Breasted Wool Hooded Pea Coat - Chic Vintage Jacket, Polyester Blend, Above-Knee, 2-Pocket Carry, Button Closure Outerwear for Autumn Winter",1732036445048443450,"$11,367.18","[TikTok Exclusive Offers] HANYWIL New Upgrade Sparkly Body Glitter Spray Cosmetic, Multi-Use for Hair, Body, Clothes, Long-Lasting Shimmer, Suitable for Halloween, Bars, Adults, 2.11 Fl Oz Haircare Styling Product, Makeup",1729611338809577595,"$7,068.00","Noledome 2026 Cruise Essentials Kit for Parents & Adults - Recycled Travel Organizer with Non-Surge Protector Power Strip, Comfy Ship Card Lanyard with ID Holder, Magnetic Hooks, Luggage Tag Set, Towel Bands, Waterproof Phone Holder for Power Charging",1731440518098620786,"$6,621.88"
jaslovesreviews,Sports & Outdoor,"$1,093.58",Shoes,$539.59,"Women's New Barefoot 5-Finger Durable Sock Shoes - Lightweight, Breathable, Dance-Ready Grip Water Footwear for Casual Fitness & Home Use (Sports & Outdoor Dance Shoes)",1732381998630605152,$414.11,"Jessica Simpson Women's Divra High-Heel Platform Sandal, Cherry Mahogany Footwear with Barely-There Straps",1732436536178151947,$353.63,Highly Motivated Stretch Bootcut Jeans - Tan,1731835467496788840,$315.63,"Women's 5-Finger Barefoot Water Shoes - Lace-Free Wear, Velcro Closure, PVC Upper, Ideal for Home Workouts, Fitness Activity",1732482851200013174,$210.64,"Women's 5-Toe Training & Gym Shoes - Synthetic Mesh Toe-Separating Sneakers, Non-Slip Lightweight Barefoot Footwear for Yoga, Pilates, Five-Finger Barefoot Women's Training & Gym Shoes",1732362231659401583,$186.48
jasmineashley22,Beauty & Personal Care,"$47,372.10",Womenswear & Underwear,$956.73,"INIA CURVIFY EMS Booty Lift Fitness Shorts - Female Sports Fitness Shapewear for Women, Multi-Mode EMS Microcurrent, Glutes Sculpting, Pelvic Floor Support, Visible Results in 2-4 Wks",1729479457563251986,"$42,570.24",[medicube] PDRN Pink Collagen Gel Mask 4 Sheets Salmon DNA Color Changing Pink Glow Collagen Facial Mask Korean Skincare,1729573439193649387,"$2,095.73","INIA TURBO All-in-One Wearable Body Sculpting Belt, 3-Engine Synergy: 1000+ RPM Vibration, Bipolar EMS, Red/NIR Light & Heat for Core Toning & Waistline Sculpting, Smart Wellness Gift for Women,back to school,back to school haul",1732374097092907282,$857.64,Blackhead Remover Pore Vacuum USB Rechargeable Blackhead extractor Boyfriend Gifts Men gifts Best Gift Ideas Skin Facial Cleaning Silicone Face Cleaning   Electric Acne Removal Tool,1730289864096518527,$688.21,"Sweetcrispy HD Shatterproof Aluminium Frame Wall Mirror - Industrial Window Pane Design, Easy Installation, Wall Decor, Bathroom Accessories, Entryway Decor, Living Room Decorations, Home Accessory",1732270485524680891,$398.05
jasminebrownie1,Sports & Outdoor,"$13,695.12",Womenswear & Underwear,"$8,289.39",Highly Motivated Stretch Bootcut Jeans - Tan,1731835467496788840,"$6,378.37","Women's 5-Finger Sports Shoes, Non-Slip, Breathable, Lightweight, Adjustable, Flexible, for Yoga, Pilates, Indoor Fitness Training & Casual Wear",1732539956324110764,"$3,908.11","Women's 5-Finger Sports Shoes - Non-Slip, Breathable Mesh, Lightweight, Synthetic Sole for Yoga, Pilates, Indoor Workouts",1732539952632074568,"$3,111.67","Women's Leopard Print Baggy Cargo Pants with Pockets, Casual Outdoor Pants, Casual Fashion Loose Trousers for Daily Wear, Ladies Bottoms for Summer",1730878075141263579,$926.91,"Nekteck  Eye Massager with Heat & Bluetooth Music, Comfort Eye Mask for Relaxation, 5 Massage Modes, 15 mins Auto-Off, Ideal Gift for Men & Women,Christmas 's Day Present",1729648953736466861,$804.67
jaxandbrynco,Beauty & Personal Care,"$132,325.56",Womenswear & Underwear,$325.99,[Clinique] Black Honey Hi Gel Tech + High-Fi Mascara Duo | Makeup Set | Volumizing Mascara | Black Honey,1732438508669079905,"$24,582.69",Matte & Shimmer Eyeshadow Set,1732607705245717140,"$10,343.17","Hydrating Lip Gloss - High Shine & Tinted, Infused with Hyaluronic Acid, Jojoba Oil & Shea Butter",1731896769144001226,"$8,978.73",HAUS LABS PhD Hybrid Lip Glaze | Plumping Hydrating Sheer Lip Gloss,1729469028834644892,"$8,328.31","LYS Beauty No Limits Cream Bronzer Stick - Glowing Makeup Cheek Sculpting, Blendable Glowy Skin Color, Buildable Face Tone for Bronze Glow with Natural Radiant Finish",1729385764072624843,"$7,904.58"
jdubshopfaves,Shoes,"$22,036.15",Sports & Outdoor,"$10,719.38",HEYDUDE Austin Edge - Comfortable Slip on Platform Mules for Women,1731976739616559664,"$6,426.72",NEW BALANCE 530 Womens Shoes,1730843455865524661,"$5,207.86","Women's Unisex Rain Boots - Lightweight, Wear-Resistant, Anti-Slip Sole Shoes for Women, Ideal for Car Washing, Gardening, Footwear",1732262319559053703,"$4,678.00",NIKE V5 RNR Womens Shoes,1731375385380360629,"$3,125.18",Dr. Scholl's Women's Joplin Fashion Boot,1731896531264573800,"$1,518.05"
jeca050709,Home Supplies,$34.19,Womenswear & Underwear,$26.27,Artificial Olive Tree 7Ft/6Ft/5Ft Tall Faux Silk Plant for Home Office Decor Indoor Fake Potted Tree with Natural Wood Trunk and Lifelike Fruits Decorative Ornaments Wooden,1729439025608823801,$34.19,"Women's Vintage Velvet Floral Print Ruffled Casual Cute Essential Long Mermaid Flared Skirt, Fall Winter Fashion, Floral Printed Skirt, All Seasons Wearable",1731901302458061097,$15.02,"Women's 2-Piece New Floral Print Short-Sleeved Fitted Pajama Set with Pockets, Elegant and Casual Loungewear, Fashionable and Comfortable Shirt and Pants for All-Season",1731429587015340904,$11.25,,,,,,
jenlashay,Kitchenware,"$2,468.72",Furniture,$968.08,"[tiktokshopstockup] WARMOUNTS 9QT Gold Round Maifanite-Coated Stainless Steel Chafing Dishes Bakeware Set - Glass Lid Holder, Rolled-Edge Design, Stackable Storage for Catering Events, Maifanite Coat",1732532000375673633,"$1,061.47","Leopard Print 23"" Stadium Seat with Armrests",1729466611841012572,$968.08,"[FallDealsForYou] WARMOUNTS Bakeware 4-Piece 1QT Round Stainless Steel Small Baking Dish Set - See-Through Glass Lids, Food-Grade Dinnerware, Smooth Rolled Rims, Dishwasher Safe, Romantic Serving for Date Night, Keeps Dip/Dessert/Hot Pot Warm",1730228944348091169,$424.24,"[FallDealsForYou] WARMOUNTS 2 Pack/4 Pack 9QT Gold Round Chafing Dish Bakeware - Heat-Resistant Bakeware with Glass/Stainless Steel Lid, Mirror-Polish Rust-Resist Steel, Rolled Rim, Stackable Lid Holder for Buffet Table, Thanksgiving",1732144729496064801,$422.54,"[FallDealsForYou] WARMOUNTS 6.5QT Gold Round Chafing Dishes - Kitchen Supplies, Mirror-Polish Stainless Steel Buffet Warmers with Glass Lid, Rolled Rim, Stackable Storage, Lid Holder, Dishwasher Safe (2/4/6 Packs) for Family Gatherings, Bakeware",1732145542987027233,$379.98
jenn_lyles,Womenswear & Underwear,"$148,244.05",Sports & Outdoor,"$22,803.89",OYS Women's Elegant Sleeveless Off Shoulder Bodycon Long Formal Party Evening Dress Fabric Polyester,1729580359847875173,"$28,806.62","KatchMe Women's Trendy Denim High Waist Multi-Pocket Wide Leg Jeans, Versatile Denim Trousers for Women, Street Stretch Womenswear, Baggy Jeans Outfit",1730569768113705606,"$22,186.65",PAVOI 14K Gold Plated Station Necklace for Women - Dainty Choker Simulated Diamond Necklace - Lightweight Womens CZ Chain Necklace,1729555020284072456,"$14,059.53",SKIMS SOFT LOUNGE LONG ROBE,1732434961058665317,"$10,769.54",FeelinGirl Butt Lifter Panties Shapewear for Women Shapewear Shorts Compression Comfortable Lace Panties Womenswear Lady Underwear Basic #newarrivals#SohoChic,1729386053340402337,"$9,019.27"
jennababiolakis,Textiles & Soft Furnishings,$700.21,Furniture,$300.20,"Monbix FallPickDeals 5/7-Pieces Microfiber Comforter Bed Sheet Set - Modern Farmhouse Coastal Floral Bedding, Home Decor, Bedroom Inspo Cute Room Stuff with Double-Sided Storage Pockets, Single-Stitch Comforter, Pillowcases, Shams, Flat & Fitted Sheets",1732363725205312119,$700.21,"King Size Canopy Bed with Headboard and Slat Support,Wooden King Platform Bed Frame with Slat Support, King Size Bed Frame, No Box Spring Needed",1730762964335694593,$300.20,"Naoki Matcha Superior Ceremonial Blend – Authentic Japanese First Harvest Ceremonial Grade Matcha Green Tea Powder from Uji, Kyoto",1729497816305145116,$38.79,"Women's Yoga Sports Vest Set, Quick-Dry High-Elastic Dry Fit Stretch Running Top, Athletic Fitness Top, Bare-Skin Feel, Plain Design, All-Season Sportswear, Fitness Apparel",1729495177907572779,$20.91,,,
julie_trimble,Womenswear & Underwear,"$75,651.98",Sports & Outdoor,"$11,358.52",OFEEFAN  Womens Long Sleeve Shirts Ruched Hem Fall Tops Lightweight Sweaters,1732488487878693347,"$23,058.59",YSENTO Women's Camo Cargo Pants Lightweight Hiking Pants Outdoor Quick Dry Casual Travel Sweatpants Joggers Elastic Waist Button Pockets  #Monther's DAY #summervibes #outdoorfun,1732356316412219820,"$10,936.62",OFEEFAN Womens Sweaters Fall Fashion 2026 Long Sleeve Button Cuff Soft Knit Pullover Trendy Tops Dressy Casual Blouses,1732311736936010211,"$5,952.49",Yimoon Rugby Polo Sweater for Women Striped Collared Sweaters Shirt Long Sleeve Knit Y2K Casual Pullover Top Womenswear Soft,1732358579737891835,"$4,936.81",Wiholl Fashion Tunic Sweaters for Women Long Sleeve Shirts Crew Neck Tops with Buttons Fall Fashion Outfits Winter Clothing,1732386671555154294,"$3,521.28"
justjess111,Beauty & Personal Care,$373.60,Sports & Outdoor,$298.80,Sugar Baby Pheromone-Infused Perfume for Women - 50ml (1.7 oz) - Cupids Fragrances,1729729905038955425,$231.77,Halara UltraSculpt High Waisted Tummy Control Pocket Shaping Yoga Bootcut Leggings,1731681337693081892,$80.75,Halara Ribbed Knit Off Shoulder Long Sleeve 2-in-1 Casual Top,1731687284814549284,$73.10,Halara High Waisted Drawstring Striped Yoga Leggings with Pockets,1732631518228877604,$59.90,【Creator’s Pick】Halara High Waisted Tummy Control Ruched Curved Hem 2-in-1 Fleece PU Mini Bodycon Skirt,1732067350521418020,$59.90
justjessyxo,Womenswear & Underwear,"$225,938.36",Menswear & Underwear,"$4,091.16",Chouyatou Women's Y2K Wide-Leg Cargo Denim Pants Mid-Rise Casual Camouflage Print Jeans Slightly Flared Distressed Camouflage Jeans with Multiple Pockets,1732415080783188361,"$21,047.07","UTCOCO 2026 New Women's Fluffy Basic Rainbow Striped Long-Sleeve Crew Neck Button-Down Nylon Knit Cardigan, Casual Loose Soft Outerwear for Beach, Pairable with Leggings",1732517558282916321,"$8,341.15",Women’s Lace Hem Layered Sweatshirt – Long Sleeve Crewneck Oversized Casual Pullover Top,1732521952343397166,"$7,797.43","CHOUYATOU Women's Retro Floral Denim Wide-Leg Pants, Boho Clothes for Women with Zip Fly and Pockets for Party, Daily Leisure, Button, Check",1732467789029478793,"$7,643.27","UMIPUBO Lady's Long Sleeve Fitted Casual Long Maxi Down Coat, Winter Puffer Jacket, Warm Padded Outerwear, Tops with Removable Faux Fur Hood, Full-Zip Parka",1731717795709882511,"$6,749.11"
justjonxx,Menswear & Underwear,"$5,764.19",Sports & Outdoor,$485.77,"MAGCOMSEN Men's Fitted Sherpa-Lined Soft Cotton Fleece Windproof Trucker Cargo Jacket - Button-Front, Long-Sleeve, Warm Multi-Pocket Collared Coat for Hiking, Casual Outdoor Menswear Tops (Khaki Beige)",1729410057349075371,$557.27,4-Pack Men's Joggers with Zipper Pockets Lightweight Cuffed Stretch Sweatpants Athleisure Outfit Big Guy Pants Athletic Workout Running Gym Fit for Spring & Summer Fashion,1730805819608699219,$456.43,MAELREG Men's Golf  Pants Stretch Business Casual 4 Pockets Ankle Zip Lightweight Breathable Quick Dry Jogger Sweatpants,1732120559752613969,$401.00,"MAGCOMSEN Men's Soft Breathable Cotton Cargo Jacket - Long Sleeve Stand Collar Windbreaker, Body-Fit Cut, Rib-Knit Zip-Up, Classic Fabric, Washed Vintage Look, Multi-Pockets, Outdoor Male Clothing Lightweight Jacket",1729411309624857003,$392.58,"STREVATE Mens 3 Pack Long Sleeve Muscle Longline T Shirts,Menswear Casual Tshirt Tops",1731727779541258639,$323.82
kaseyas0920,Toys & Hobbies,"$1,859.91",Textiles & Soft Furnishings,"$1,097.22","Boxer Gifts Overstimulated Button – Funny Mom Gifts, Gag for Coworkers or Friends, Silly Novelty for Women, Joke Present for the Easily Overwhelmed Survival Relatable",1731937449440940593,"$1,608.10","Funny Cow Print Flannel Throw Blanket - Soft Texture, Travel-Ready Throw for Office & Camping, Cozy Bedding, Rustic Living Room Decorations, Room Accessories, Ideal Gift for Women",1732120273123381450,$819.54,Mystery Machine Weekender Bag,1729413004347282266,$689.87,"Laura Geller Shadow Skills 4PC Eye Brush Set + FREE Eyeshadow Stack – Base, Blending, Crease & Smudger Brushes for Effortless Eye Makeup",1732443726455214579,$335.38,"Twisted Tea Beer Can Neon Sign - Half & Half Yellow LED Wall Light, USB-Powered Neon Light Decoration, Aesthetic Room Decor, Bar Lights, Man Cave Gift for Him, House Decor",1731616119506572171,$231.74
kaseys0920,Sports & Outdoor,"$3,179.64",Luggage & Bags,"$1,168.17",College Logos Women's Sports Bra - Viral Cute Super Vibrant Team Prints For Fans Soft Breathable Casual Sporty Fabric,1732586787692253418,"$1,954.51",College Logos Women's Boy Shorts - Viral Cute Super Vibrant Team Prints For Fans Soft Breathable Casual Sporty Fabric,1732589917378547946,"$1,192.45","Warner Bros Unisex Harry Potter 3-Piece Magic Theme Black Backpack Set - Large Capacity, Hogwarts Print, Lightweight, Zip Fastener, Casual Style, Lunch Bag, Pencil Case, Back to School Kids Functional Bag",1732502295411331596,$766.28,"Jay Franco Official Harry Potter Honeydukes Chocolate Frog Fluffy Stuffed Cushion - 16in Microfibre Soft Polyester Fiber Blue Throw Pillow, Fun Size, Unique Funky Home Decor, Pillows for Decor, Cozy Bed Accent for Harry Potter Fans",1732276299006448079,$399.05,Western Cowboy Boots For Women Embroidered Over The Knee Tall Boot Pointed Toe Block Heel Side Zipper Lace Up Cowgirl Boots Country Fashion Wedding Party Fall Fashion Girl Trendy Boots,1732205631166648845,$301.16
kategrauss,Beauty & Personal Care,"$15,604.61",Health,"$4,518.28","[medicube] PDRN Pink Collagen Volume Multi Balm | All In One Volufiline, PDRN, NAD Stick for Youthful-Looking, Helping Look of Fine Lines, Firming Care, Anti-Aging Care | For Under-Eyes, Neck, Forehead, Smile Lines, Lip Care | Korean Skincare",1729508370969629931,"$11,029.40","Arrae MB-1 | Natural Energy, Cholesterol, & Overall Health Support 20-Day Supply| Organic Nutrition Dietary Supplement Healthcare Vitamins Probiotic Blend Edible Fitness",1729560041868333693,"$2,155.31","[NEW] [medicube] NAD+ EGF Firming Gel Mask (4 sheets) | Color Changing Red Jelly Mask | NAD+, EGF, Anti-aging, Plumping, Radiance Boosting |  Hydrogel Mask for Skin Elasticity & Volume |  Overnight Face Mask for Youthful-Looking Skin | Korean Skincare",1732472696408609003,"$1,512.34","Post-Summer Viral Glowing Face & Body Set - 6 Must-Have Products For Healthy, Glowing Skin ($133 Value)",1732077521357148638,$819.48,"PHLUR Father Figure Eau de Parfum Duet - Full + Travel Size Perfume Set with Fresh Fig, Iris & Sandalwood (50mL + 9.5mL)",1729405114851430657,$426.27
kategrs,Shoes,$293.51,,,Project Cloud Women's Genuine Leather Sandals | Casual Summer Walking Shoes Footwear | Plush Soft Insole Lightweight Non-Slip – Mayvy,1731581876303794744,$293.51,,,,,,,,,,,,
kathryn_scoco,Household Appliances,"$26,265.62",Home Supplies,"$22,410.03","【2026 Newly Upgraded】Trucozie T350 Rechargeable Cordless Vacuums, 8-in-1 Lightweight Upright Floor Cleaning Vacuums with 2 Bonus HEPA Filters, 2-in-1 Brush, Hands-Free Design, 45-Min Runtime, 33 kPa Suction, Housewarming Gift for Hardwood Floors, Pet Hair",1729406319708377732,"$10,653.53","12pcs Rechargeable USB-C LED Flameless Tealight Candle with Remote Control, Charging Station, Timer for Halloween, Christmas Indoor Home Table Glass Jars or Candle Holders, Candles",1731889181560639922,"$9,702.56",VASAIKO 6-in-1 Portable Indoor Environment Monitor with Temperature & Humidity Monitoring Plug-and-Play Design High-Definition Display Accurate Alerts Ideal for Kitchen Garage RVs Apartments sohochic,1732022410216050952,"$8,485.93","Ultrean Single Unit Stainless Steel Countertop Freestanding Paper Towel Holder with Spray Bottle, Adjustable-Gentle Tension Arm for 1-Hand Tear, Stable Weighted Non-Slip Base for Kitchen Bathroom Home Supplies",1729497629440709757,"$7,157.00","SUSTEAS Manual Cheese Shredder - Hand Crank Rotary Grater with 5 18/10 Steel Blades, Stable Suction Cup Base, Multi-Functional Tool for Thick or Thin Slices, Works with Cheese & Veggies, Kitchen Utensil Accessory",1729386633884898245,"$5,067.41"
katrinagmoore,Womenswear & Underwear,"$329,802.10",Shoes,"$27,525.26",CHICME Women's Rhinestone Decor Ribbed Tank Top - Slim Fit Sleeveless O-Neck Summer Top 2026,1732352420152381942,"$18,734.12",SHOWITTY Women's High Waisted Tummy Control 1/3 Pack Leggings with Pockets – Non See-through Stretchy Yoga Pants for Workout #tiktokshopsummersale,1729403106419642622,"$17,276.53",【Everyday Minimal】SHOWITTY Womens 3 Pack 3/4 Sleeve Tops Crew Neck Basic T Shirts Soft Stretch Casual Everyday Shirts,1732445474281328894,"$15,787.22",Halara Flex™ Asymmetric Low Rise Zipper Pockets Baggy Wide Leg Washed Casual Jeans,1730134502498406692,"$13,004.81","Fisoew Women's Minimalist Casual Knit Sweatshirt - Air-Layer Fabric, Long Sleeve, Round Neck, Oversized Tunic, Wavy Scallop Hem & Cuff, Loose Fit, Light Vintage Heather, Fall Layering Pullover Lady Tops for Women's Clothes",1729516626384294962,"$11,882.37"
kay_caputo,Beauty & Personal Care,"$7,016.79",Womenswear & Underwear,"$3,110.25","Unisex Geometric Fashion Hoodies - Crewneck Sweatshirt, Oversized Fit, All-Seasons Sports Outerwear, Cold Wash Safe, Matching BF and GF Couple Clothes, Cute Gifts for BF, Couple Gifts for Adults",1732021682431955257,"$1,845.70",Bitten Juice Lip Stain by B&Rudi,1732295366827938354,"$1,569.40","nuorganic Eyelash Growth Serum (8ML) - Developed by Anti-Aging Scientists, Clean, Prostaglandin-Free Formula for Thicker, Longer Lashes, Daily, Repair, Hydrating, Soothing, Suitable for All Skin Types, Eye Treatment Skincare",1729385520686076431,"$1,359.57",LikeMyChoice 2-Piece Boho Lace Set Sexy Halter Crop Top with Bell Sleeves & High-Waisted Wide-Leg Pants Trendy Eyelash Lace Outfit for Summer Festival & Beach Vacation,1732309511639175325,"$1,277.36",Hanes Ecosmart Boys' Tank 5-pack Underwear Multi Pack Comfortable Fit Soft Stretch Fabric Breathable Brlta5,1731045157806380004,"$1,040.77"
kcs0920,Beauty & Personal Care,$31.20,,,"Laneige Minty Lip Duo, Candy Cane Lip Glowy Balm, Peppermint Lip Sleeping Mask, Hydrating Gift Set Coconut Kit",1731705501709341005,$31.20,,,,,,,,,,,,
kelliecrowther,Beauty & Personal Care,"$45,785.30",Food & Beverages,$365.88,tarte easy skin duo - CC tinted serum + creaseless SPF 30 on-the-go powder,1732422500087993276,"$17,190.08",tarte colored clay CC undereye corrector,1729734769623929788,"$7,551.35","tarte BB blur tinted moisturizer SPF 30 - instantly brightens, hydrates & smooths your skin",1729584174847071164,"$5,095.23",tarte Big Stick Energy duo – shape tape concealer stick & brush,1730956811325510588,"$2,439.35",Shark FlexStyle Air Styling & Drying System Blush - HD431PK2,1732604991716496288,"$1,596.31"
kelliesfaves,Beauty & Personal Care,$57.63,,,"[Dr.Melaxin Official] Dark Spot Cover & Care Duo, 2-Piece | Calcium Dark Spot Cover Tinted Eye Cream + TX Cream | Under Eye Brightener for Dark Circles & Tranexamic Acid Dark Spot Cream | Korean Skincare",1732348460447862811,$32.13,"tarte don't kiss & tell maracuja juicy lip trio - lip balm, plump & vinyl with limited-edition rhinestone caps",1732532953312105404,$25.50,,,,,,,,,
kelsi.campbell,Beauty & Personal Care,"$14,198.64",Household Appliances,"$2,736.01",[Dr.Melaxin Official] Radiant Blowout Routine Set | Dark Spot & Peeling Care for a Radiant Korean Glow in a week,1731997189863477275,"$4,310.97","[LILYEVE] GROWTURN & SCALPTURN Hair Growth & Scalp Serum Duo with Built-In Brushes | Regrowth Formula Scalp Wellness Bundle, Thicker Stronger Hair Care Products",1732446354349986589,"$4,306.95","EUHOMY Countertop Ice Cube Maker (Icemachine) – 35Lbs/24H Soft Chew Ice Fast Supply Kitchen Appliance, Self-Cleaning Saves Scrubbing Time, Includes Scoop & Basket for Home Drinks (Black, Gray, Silver)",1729533815583904255,"$2,736.01","[VT COSMETICS] #1 viral PDRN Reedle Shot Hair Brush Serum with Original Liquid Microneedling & PDRN | Large-Capacity Full Scalp Care, Hair Thickening, Fuller-Looking Hair & Daily Root Care | Hairline, Roots, Baby Hair & Dry Scalp | Korean Haircare",1732329137764667781,"$1,699.36",Easydew DW-EGF Melatoning Ampoule - Official Product 99% Pure EGF Peptide Hydrating Serum with Niacinamide & Glutathione for Uneven Skin - Dark Spot Remover - Fast Absorbing Day & Night - Korean Skin Care Olive Young,1732271302482563299,$598.09
keyajames,Beauty & Personal Care,"$15,812.15",Womenswear & Underwear,"$7,688.59",Bur Bur Mermaid Brush - Essential Brush with Ethically Sourced Bristles & Natural Rubber Cushion for Medium to Thick Hair,1729964731527696782,"$6,946.12",TELFAR Small Duffle Bag | Compact Unisex Crossbody-Shoulder Strap Bag,1732589788940046604,"$6,734.00","Women's Knitted Round Neck Drop Shoulder Sleeve T-Shirt, Knitwear, Fashion Casual Minimalist Asymmetrical Criss Cross Back Tie Top, Spring & Fall Wear, Knit Fabric Top",1731474823556141530,"$1,888.98",THE MERMAID MINI BRUSH - ESSENTIAL BOAR BRISTLE BRUSH,1731722104077783438,"$1,824.22","EUHOMY Countertop Icemaker Machine (ABS Plastic) - Icemakers Countertop for Home Users, Dorms, 33lbs/day Nugget Ice, 500g Capacity, Fast Small Footprint Design, 2-Button Operation, Fits Home Bars & Kitchens",1729389548737040895,"$1,694.35"
kindafitky,Pet Supplies,$726.86,Sports & Outdoor,$69.06,"【Geoorood】 Geoorood Dog Grooming All-in-One Kit with Vacuum Brush 2.5L Large Pog, Stainless Steel Blades Lightweight Design 13KPa Suction Force Portable Cleaning Set#backtoschool",1729409406800270078,$726.86,"MFVIM Women's 2 Piece Sporty Tracksuit Set Long Sleeve Top & Shorts, Comfortable Athletic Athleisure Wear Sets, Women's Clothes Outfits for Daily Spring & Fall Use,travel essentials,camping essentials,back to school,back to school haul",1731913834405924887,$69.06,,,,,,,,,
kristinadunnn,Sports & Outdoor,"$70,737.78",Womenswear & Underwear,"$65,396.82",【Creator’s Pick】Halara UltraSculpt High Waisted Tummy Control Pocket Shaping Yoga Bootcut Leggings,1730470200737173796,"$21,558.46",【Creator’s Pick】Halara High Waisted Tummy Control Ruched Curved Hem 2-in-1 Fleece PU Mini Bodycon Skirt,1732067350521418020,"$20,903.01",AnotherChill Women's Low Waist Micro Mini Skorts Skirt with Built-in Shorts Sexy Stretch Black Skirts Basic Outfits Elastic Waist #sohochic,1730745796940960224,"$6,101.67",Old Navy Women's High-Waisted Pixie Super Wide-Leg Pants,1731977493946143399,"$6,041.73",Halara DayStretch High Waisted Barrel Leg Casual Pants with Pockets,1732535906609173342,"$5,387.17"
kristinanicoletall,Womenswear & Underwear,"$108,392.36",Sports & Outdoor,"$51,905.13",【Creator’s Pick】Halara Flex High Waisted Pocket Wide Leg Waffle Work Pants,1729408758258766116,"$23,489.55","PUFF Sticky Bra – VIRAL No.1 Push-up Sticky Bra, Waterproof & Sweat-proof Invisible Bra, Reusable Silicone Adhesive Bra for Women, Includes Storage Board & Replaceable Pads",1731492372893241632,"$23,236.12","Women's Simple Solid Backless Halter Sleeveless One-Piece Jumpsuit, Elegant Chic Ruffle Design, Perfect for Casual Wear, All Seasons Fashion, Outfit",1732187881328251637,"$11,513.60",[VERISH] Cool Fit Bra Signature - SIZE UP RECOMMENDED - Seamless Wireless Everyday Bra for Women - 2.3cm Padded Breathable Cooling,1729492812150707675,"$10,093.53","BomKinta Lady's Cozy Knit Thigh-High Boot Socks for Women, Soft Fabric, High-Stretch Elastic Fit, Size 5-10, Warm Durable Striped Leg Warmers for Fall & Halloween Womenswear",1729740875620126846,"$9,868.16"
kristiscustomcreations,Sports & Outdoor,"$9,498.60",Furniture,"$6,276.01","VEVOR 4x5.5 ft Baseball & Softball Rebounder Net, Portable Single-User Training Equipment with Curved Shape, 5-Angle Pitch Reps, Functional Q195 Steel Wear-Resistant Pitching Target, UV-Resistant PE Holds Up Outdoors, Enhances Reaction Speed",1729623234803962030,"$4,217.64","LANBENA Upgraded Bamboo Charcoal Blackhead Remover Mask, 60 Sheet Nose Strips, Peel off Face Mask Pore Whiteheads Cleanser Strawberry Nose Purifying, Deep Cleansing for All Skin Types Skincare",1729987171787379413,"$3,816.01","45W Right Angle Cable Charger USB-C to USB-C PD Adapter Cable, Durable Braided Gaming Cord with Super Fast Charging, No Hand Blocking for iPhone 15/16/17 Pro Max, iPad, MacBook Series, Cellphone Phone Accessories",1732158531831566394,"$2,805.70",Two Rivers Coffee Flavored Coffee Pods Variety Pack,1729406642666508723,"$2,476.50","Nicpro Iridescent Metallic Art Kit, 8.45oz/250ml Bulk Pack - Color-Shifting Nontoxic Optical Pigment, Paint Knife, Color Wheel - Nontoxic DIY Arts and Crafts Supplies for Adults (Multi-Shade Drawing & Painting Supplies for Canvas, Fabric)",1729543101527069005,"$2,404.68"
kseniasenn,Beauty & Personal Care,"$5,484.55",Food & Beverages,$446.39,sacheu Lip Liner STAY-N - Peel-Off Lip Liner Stain - All Day & Night Lip Liner with Hyaluronic Acid & Vitamin E - Long Lasting Formula - 0.12 fl oz / 3.5 ml,1729385088934777631,"$1,197.11","Color Wow Money Mist Leave-In Conditioner Spray | Lightweight Hair Mist to Moisturize Dry Hair | Leave In Hair Conditioner for Frizz, Hydration & Shine | Formulated With Hyaluronic Acid & Marine Algae",1729441093035987589,$893.21,"[New Shade Launch] TIMEPHORIA Eternal Lip Matte -  Matte Finish Liquid Lipstick, Long Lasting Lip Stain, Waterproof and Transfer-proof Lip Tint, Longwear Mask-friendly, Lightweight, High Coverage, 4ML Compact Size, Lip Makeup & Cosmetic Product, Matte Lip",1731364881518727819,$356.65,"sacheu Eyeshadow STAY-N, buildable and long-lasting eye makeup, crease-proof smooth liquid eyeshadow, Tan eyeshadow palette",1731173975669838623,$285.93,"sacheu Liquid Glow STAY-N bronzer makeup - All-Day Illuminator to Glaze & Hydrate, Lightweight Radiance",1731168026404360991,$270.97
kylikamiller44,Womenswear & Underwear,"$54,540.36",Sports & Outdoor,"$10,235.41",LikeMyChoice Women 2 Piece Quiet Luxury Matching Set Ribbed Knit Sweater Satin Slip Midi Skirt Vacation Outfit,1732507638063927453,"$18,173.31",Tall Bree Camo Stretch Cargo Jean - Olive/combo,1731049476085945192,"$9,294.86",Called Out Low Stretch Barrel Leg Jeans - Medium Wash,1731501429841761128,"$6,895.44","MFVIM women’s two-piece yoga set, small crew neck slim-fit short-sleeve top and high-waisted butt-lifting 7/8 yoga leggings, soft second-skin fitness activewear set",1732388023895625751,"$5,030.06",【Creator’s Pick】Halara Flex Low Rise Zipper Pockets Washed Baggy Wide Leg Casual Jeans,1729571062218723620,"$4,696.45"
kynleebeau,Beauty & Personal Care,$104.37,Toys & Hobbies,$33.31,R+Co BADLANDS Dry Shampoo Paste Texture Enhancer for Volume & Blow-Out Extender,1729533649409249735,$75.10,"Swyii Handmade Red Agate, Moonstone Agate Necklace, Boho Layered Crystal Choker for Women, Colorful Spring Jewelry, Holiday Gift for Her, Party Jewelry, Springrefresh, Mother’s Day Gift for Mom",1729538991997162115,$28.68,The Ordinary Serum Foundation,1730729590682521609,$19.77,"A5 Girlhood Retro Aesthetic Sticker Book (30 Sheets, Single/Bundle) - 550-630+ Pre-cut Glossy Vinyl Decals, Cute Stickers, Teenage Girls Gifts, Scrapbooking Paper Decor, Coquette Accents",1732298325764117157,$19.59,"Girlhood Sticker Book (1260+ Aesthetic Retro-Style Illustrations) – Scrapbook Supplies, Decal Sticker Notebooks Decor, DIY Creative Gifts for Friends and Family",1732316148519244776,$14.99
laurenluto,Home Supplies,"$3,139.64",Womenswear & Underwear,"$1,696.85","7-Tier Rotating Shoe Rack, 360-Degree Lazy Susan Carousel Organizer Tower for 28-32 Pairs, Round Storage Cabinet for Shoes & Handbags, Home Organizer for Closet, Bedroom (Pink)",1732444806760731636,"$3,139.64",All The Attention Draped Mesh Mini Dress,1732382531701805769,$721.08,"NEWBELLA Mila Baguette Underarm Bag,Y2K Retro Lock Denim Spliced PU Leather Shoulder Purse, Aesthetic Vintage Handbag",1732520080212070522,$562.55,Tied Up In Elegance Halter Midi Dress,1731686315698197193,$368.70,Cider Lace Floral Sweetheart Neck Ruffle Trim Cami Mini Dress,1729496429644190807,$165.10
laurenmichellebell,Womenswear & Underwear,"$8,617.90",Shoes,"$1,697.88","MEROKEETY Women's Fleece 2-Piece Casual Matching Set, 2025 Fall Winter Fuzzy Sweater Pajama Loungewear for Women",1731972365184635167,"$4,413.39","HDE Women’s Pull-On Capri Pants with Pockets - Minimalist Elegant Stylish Women's Wear, Stretch Hip-Flattering Colored Straight Pants, Dressy Casual Bottoms",1729434948814672224,"$2,671.24","EllivviBebe Baby Bamboo Pajamas, Ultra-Soft Bamboo Viscose 2-Way Zipper Romper, Breathable & Stretchy One-Piece Sleepwear with Fun Prints for Newborns, Infants & Toddlers, Christmas Gift for Babies",1731892031821681548,$968.63,Songling Womens Casual Two Piece Outfits 3/4 Batwing Sleeve Crew Neck Top Wide Leg Pants Raw Edge Design Loungewear Set US Standard Size,1729583092687278919,$787.19,HEYDUDE Wendy Boo Crew - Women's Comfortable Slip on Shoes,1732539920117502512,$554.99
leahmstapleton,Food & Beverages,"$4,913.01",Beauty & Personal Care,$393.39,BonBon's TikTok Exclusive Swedish Candy Mix (Gluten-Free),1729710059368125259,"$2,407.82",Nara's Roasted Garlic Oil,1732000890786713675,$952.47,BonBon's Sour S-Patch Mix,1732061996472046411,$600.81,Sour Mix,1732521037010670411,$312.40,Sweet Mix,1732166396639023947,$221.65
lesettey,Shoes,"$75,739.08",Beauty & Personal Care,"$29,724.61",Dr. Scholl's Women's Joplin Fashion Boot,1731896531264573800,"$63,909.61","JUDYDOLL Ultra-Fine Liquid Eyeliner, Waterproof Liquid Eye Liner, Hooded Eyes, Sharp Winged Lines, Long-Lasting, Beginner Friendly, Lasting Satin Finish, Smudge-Proof, Transfer-Resistant, Suitable For Sensitive Eyes, Halloween Makeup",1730235179727360529,"$12,234.12",SCUSTY Women Fall Winter Wool Blend Camel Mid-Long Coat Notch Double-Breasted Lapel Jacket Outwear SohoChic,1729610943386980595,"$9,369.09",MAC Nude Icons Lip Duo - Lip Pencil + M·A·Cximal Sleek Satin Lipstick,1731601510632886937,"$4,867.15",Versed Sheer Stay Liquid Eyeshadow – Creamy Buildable Eyeshadow with Soft Shimmer & Blendable Formula – Lightweight Liquid Eye Color for Natural or Layered Looks,1730730042854707718,"$3,405.72"
lifewithangiemae,Womenswear & Underwear,"$26,994.52",Beauty & Personal Care,$711.51,Gap Women's VintageSoft Baggy Wide-Leg Sweatpants,1732332278148141686,"$3,864.37",ZESICA Women's 2025 Boho Sexy Off Shoulder Long Sleeve Smocked High Waist Side Split Flowy A Line Tiered Long Maxi Dress,1731972238990741746,"$3,381.52",Lace Sculpting Bodysuit,1732576959021551710,"$1,948.54","Chicovar Summer Lace Mini Slip Skirt! Must-Have for Trendsetters, Music Festival Outfit, Lace Skirt, GrungeStyle, Westernfashion,Summervibes",1731165010175168997,"$1,839.18","Chicovar Women's Oversized Vintage Denim Mini Dress ,Sleeveless V-Neck Tie Front Ruffle Layered A-Line Tunic with Pockets & Front Pleats, Casual Outfit,Fashion, Summervibes",1732164026488885733,"$1,837.42"
lil.bbykay,Beauty & Personal Care,"$6,177.74",Shoes,$90.53,"nuorganic Eyelash Growth Serum (8ML) - Developed by Anti-Aging Scientists, Clean, Prostaglandin-Free Formula for Thicker, Longer Lashes, Daily, Repair, Hydrating, Soothing, Suitable for All Skin Types, Eye Treatment Skincare",1729385520686076431,"$5,700.04","nuorganic Eyelash & Eyebrow Duo: Growth Serum for Longer, Thicker, Lashes and Brows, Organic Ingredients, Skincare, Cosmic Bundle",1729401966695518735,$172.64,"nuorganic Cosmic Brow Eyebrow Serum for Longer, Stronger, and Darker Brows, nuorganic Skincare, Brow Growth Results Darken",1729385785403281935,$91.36,"Unisex Mules New Fashion Minimalist Plain PU Leather Shoes, Comfortable Breathable Slip-On Sandals, Casual All-Season Footwear",1731762605438046446,$90.53,CLEAN SHEETS,1731381938023141806,$78.14
lil.mishr00m,Womenswear & Underwear,$833.61,Shoes,$608.04,"Women's 2026 Colorblock Patchwork Bootlace Worm Lace Up Low Top Sneakers, Casual Comfortable Sports Shoes, Designer Casual Sneakers for Women for Daily Walking Fall.",1730860897989989202,$608.04,Eyelet Ruffle Babydoll Mini Dress,1729501095264425122,$216.20,Overbust Corset Top Floral Renaissance Womens Lace Up Boned Overbust Corset Bustier Halloween Costumes Halloween Gothic Party Outfit 819-D1 Overbust Mesh Corset Underwire Corset Top live2,1731304725234226050,$211.40,"Women's Fashion Soft Lace-Up Bustier Corset Bodysuit Shapewear - Push-Up Lace, Elastane Fabric, Adjustable Fit, Hook and Eye, for Party, Easter, Waist Training",1731540642852279085,$156.49,Think Smarter Products 8oz HOCl hypochlorous spray | multi-use spray with Himalayan minerals | fragrance-free daily spray,1729385662156346324,$145.42
lillian_harriss,Womenswear & Underwear,"$9,045.88",Beauty & Personal Care,"$2,480.49",Yeokou Women's Cropped Sherpa Lined Fleece Jacket 2026 Fall Warm Button Down Fuzzy Coats Shacket Outerwear with Pockets,1729562156521984498,"$2,643.09",MINDBODYSKIN® 2 Supplement (No 5-HTP),1729614704826684183,"$2,480.49",911 Firefighter Costume,1731684756568249178,"$2,181.22",JASGOOD Women Leather Belt for Jeans Pants Fashion Ladies Skinny Faux Leather Belt with Gold Buckle,1730352411482231261,"$1,147.74","Fun Couple Hoodies Set - Grey Matching Unisex Oversized Loose-Fitting Long Sleeve U Neck Crewneck Sports Outerwear, Casual Sweatshirts for Shared Hood Hugs, Ideal Valentine's Day Gift",1732107876072395254,$851.35
lindsayreisert,Home Supplies,"$8,717.43",Womenswear & Underwear,"$8,608.46","Women’s Soft PU Leather 2-Piece Classic Checkered Makeup Bag Set - Durable Reinforced Stitch Makeup Pouch, Lipstick Organizer, Bathroom Countertop Storage, Christmas Gift for Travel Use",1729474518842119875,"$8,717.43",SCUSTY Womens Long Sleeve Knitting Sweater Tops Half Button Sweaters Henley Neckline Casual Lightweight Solid Pullover Knitting Comfortable Soft Womenswear SohoChic,1731366698146369779,"$7,920.60",Yimoon Rugby Polo Sweater for Women Striped Collared Sweaters Shirt Long Sleeve Knit Y2K Casual Pullover Top Womenswear Soft,1732358579737891835,$422.59,"C202 Women’s Merino Wool Blend Crew Neck Long Sleeve Top, Lightweight Soft Slim Fit Basic Shirt, Minimalist Fall Essential for Work and Casual Outings",1732029819856261826,$84.07,Dokotoo Women's 2026 Striped Print Crewneck Casual Oversized Long Sleeve Knit Comfortable T-Shirt  Tops,1732414398684828661,$41.65
linzbuzzard,Furniture,"$18,593.26",Fashion Accessories,"$2,072.12","Dowinx Cross egged Office Chair with Pivoting Armrests,Criss Cross Chair with Pocket Spring Seat & Back,Reclining Computer Gaming Chair with Footrest and Metal Base",1731998808395649437,"$5,663.78","Dowinx High Office Chair, with Pocket Spring Pad and waist Rest, High Back Computer Game Chair, Adjustable Armrests, Footrested",1729864514876444926,"$4,942.04","Dowinx Big and Tall office chair, with pocket spring pad and waist support, high back computer game chair, adjustable armrests, executive office chair, foot rest",1729960194504823038,"$4,290.51","【Deals For You】OVIOS Oversized Home Office Chair with Extra-Wide Seat, Big & Tall High Back Executive Chair, Mid-Century Modern Faux Leather Swivel Rolling Computer Desk Chair with Thick Cushions & Armrests",1729765354823521118,"$2,121.60","Stylish Aviator Sunglasses for Men and Women , Trendy Rectangle, Fashionable Design, Perfect for Outdoor Activities and Daily Wear",1732251463080579931,"$1,854.19"
little__j,Womenswear & Underwear,"$38,368.64",Beauty & Personal Care,"$2,818.27",Cider Satin Sculptural Square Neck Ruched Mermaid Maxi Dress Elegant Womenswear SohoChic,1732274984012517463,"$13,105.53",Sheer Bralette,1732457560710025807,"$7,764.56",CAKES Body Cleavage Bra™ - Seamless Sculpting Bra with Silicone Cups for Full Cleavage Reusable Matte Finish Ideal for Strapless & Backless Tops Womenswear Basic,1732022163491426879,"$7,018.11","Renewing Lash Serum, Babe Lash Eyelash Serum, Prostaglandin-Free, Peptide-Powered Lash Serum, Support Fuller, Longer-Looking Lashes, Gentle & Effective, Easy To Use",1730818714696127032,"$2,198.98",Lucy Bra,1732457558796177999,"$1,886.42"
livingwith.lindsay,Womenswear & Underwear,"$161,546.70",Luggage & Bags,"$16,306.73","CRZ YOGA SoftAura Wide Leg Sweatpants Women 29”/ 31""/32"" Modal Lightweight Travel Pants with Pockets Fitness Workout Pants Fashion Sweatpants",1731490813938733857,"$43,786.25","C202 Women’s Merino Wool Blend Crew Neck Long Sleeve Top, Lightweight Soft Slim Fit Basic Shirt, Minimalist Fall Essential for Work and Casual Outings",1732029819856261826,"$19,463.55",Dokotoo Women's 2026 Striped Print Crewneck Casual Oversized Long Sleeve Knit Comfortable T-Shirt  Tops,1732414398684828661,"$14,158.14","Women's Solid Zip Up Hooded Sweater Cardigan, Casual Drop Shoulder Long Sleeve Cardigan, Women Knitwear for Fall & Winter Daily Wear",1729799154496279275,"$14,124.98","Women’s Soft PU Leather 2-Piece Classic Checkered Makeup Bag Set - Durable Reinforced Stitch Makeup Pouch, Lipstick Organizer, Bathroom Countertop Storage, Christmas Gift for Travel Use",1729474518842119875,"$10,575.72"
lizshops,Sports & Outdoor,"$2,692.40",Womenswear & Underwear,"$2,564.65","Aleumdr Women's Plus Size Oversized Corduroy Polyester Sweatshirt - Casual Round Neck Long Sleeve Lightweight Baggy Basics Pullover (Sports & Outdoor Tops, Women's Clothes, Plus Size Clothing)",1731739774455353742,"$2,340.29",Project Cloud Women's Genuine Leather Platform Clogs | Walking Girl Shoes Footwear | ProjectPlush | Lightweight Non-Slip – Benton Chunky,1731581796563259960,"$1,750.35","Women's Plus Size High Waisted Wide Leg Linen Pants - Adjustable Drawstring, Comfortable Woven Fabric, Lightweight Loose Fit, Everyday Wear - Curvy Womenswear Bottoms, Drawstring Adjust",1732396292226192364,$438.45,"Plus Size V-Neck Tiered Dress, Long Sleeve Balloon-Sleeve Smock Dress with Ruffle Trim, Solid Color, for Vacation, Parties & Wedding Guest",1729539570366321037,$359.50,"Dreamlux High Waisted No Front Seam 25"" 7/8 Workout Legging",1731191319800877740,$359.41
lizzmi45,Womenswear & Underwear,"$255,325.84",Sports & Outdoor,"$134,185.73","THE OFFICIAL MAGIC LEGGINGS - Original Fleece Lined Tights - Plus Size Women's Clothing, Body Slimming Compression Band, 1-Seam Option, Closed Foot, XXS-3XL, 4 Shades, Light-Brown Fur Fleece, Cold Wash, Viralproducts",1729406693411230691,"$39,839.58","MFVIM women’s two-piece yoga set, halter V-neck cropped sports tank top and high-waisted butt-lifting wide-leg yoga pants, soft second-skin fitness activewear set",1732176528023851031,"$15,298.90",ANRABESS Women Long Sleeve Bodycon Mini Dress Sexy Crewneck 2026 Fall Ribbed Knit Slim Fit Party Cocktail Night Short Dresses,1731498033099739465,"$13,630.75",Cider Knit High Neck Sleeve A-line Maxi Dress With Belt,1732071569560670295,"$12,270.09",BTFBM 2-Piece Ribbed Knit Long Sleeve Crop Top Wide Leg Pants Matching Lounge Set Loungewear,1729537945661117437,"$11,545.29"
lizzv23,Womenswear & Underwear,"$2,584.10",Sports & Outdoor,$242.09,QINSEN Womens Zip Front Tennis Dress Polo Collar Racer Back Workout Golf Dresses Build in Shorts with Pockets,1729506923078784569,"$1,265.58","THE OFFICIAL MAGIC LEGGINGS - Original Fleece Lined Tights - Plus Size Women's Clothing, Body Slimming Compression Band, 1-Seam Option, Closed Foot, XXS-3XL, 4 Shades, Light-Brown Fur Fleece, Cold Wash, Viralproducts",1729406693411230691,$246.28,Old Navy Women's High-Waisted Pixie Super Wide-Leg Pants,1731977493946143399,$218.43,On The Go Fleece Pant Set - Chocolate,1731835471121585000,$155.92,Imily Bela Oversized Cardigans for Women Fall Trendy Open Front Batwing Sleeve Long Cardigan Sweaters,1730266721727714176,$137.67
london_bridges_the_gap,Home Improvement,"$9,337.93",Food & Beverages,"$5,718.60","DEBAOBULB Rechargeable Emergency LED Light Bulb - E26 Plug-in Fit, 120V, 9W (60W Equivalent), 6000K Daylight, 1200mAh Battery, Hook, Energy-Saving, Multiple Brightness, 1W 110lm Low Mode, for Home Power Outage, Safety Tools, Household Items, Home Goods",1730264570695685026,"$8,671.94",Iron Hammer Herbal Tea,1729412598545289712,"$5,554.05","YOUSIFY Women's Bolero Shrug Hoodie - Long Sleeve Cropped Sweatshirt, Thumb Hole, Open Front, Y2K Style, Basic Lady Clothes, Korean Casual Workout Crop Top",1731720029395587842,"$3,241.60","Merach Under Desk Elliptical Machine for Home,Ellipse Leg Exerciser for Seniors with 12 Adjustable Speed Quiet & Portable Seated Pedal Exerciser with Remote Control & Non-Slip Pad BackToSchool",1729532881259827903,"$1,159.17","Resonance Sound Healing Tuning Fork Set – 128Hz, 136.1Hz, 256Hz, 384Hz with Activator – Sound Therapy for Stress Relief, Deep Relaxation & Chakra Balancing",1730835799600697670,"$1,069.42"
lydiaaulozzi_,Beauty & Personal Care,"$29,234.82",Toys & Hobbies,"$4,582.77","[EPAIS Official Shop] Essential Eyelash Growth Serum, Jumbo Size 0.5fl.oz - Safe & Gentle Lashes Care, Fuller, Thicker in 2 Weeks, Non-Prostaglandin, Hormone-free",1729583305380172048,"$17,199.77","Hismile iD Stain Whitening Mouthwash for White Teeth, Freshens Breath with Essential Oils 237ml",1732164626458252048,"$9,478.22","#sohochicGROWNSY Nasal Aspirator for Baby, Electric Baby Nose Sucker with Larger Suction Chamber and More Powerful Suction, Automatic Nose Cleaner with Music and Light Soothing Function",1730881858699891343,"$1,965.20","Watt Bubble Interactive LED Stress-Relief Toy  Tapable and Squeezeable Night light- 6-Inch Glowing Rechargeable LED Ball, 3 Modes, 29-Color Ambient Light, Deal For You, Perfect Gift Push Pop Kids Toys Gifts Family Pop Game",1729569128903905933,"$1,269.52","Eu Natural Conception For Him – Fertility Supplements for Men, Male Fertility Booster & Prenatal – Optimal Sperm Count, Motility, Strength – CoQ10, Ashwagandha, Folate, Folic Acid, Magnesium & Zinc Healthy Dietary Fitness Testo Booster Capsules",1731480691647484489,"$1,090.65"
lyndatrann,Beauty & Personal Care,"$95,876.68",Household Appliances,$154.55,tarte snatch stick 2-in-1 contour stick with brush,1732491766232814524,"$31,699.53","Nooni Korean Apple Lip Oil + Lip Stain | Glossy Lip Stain, Tinting & Long Lasting, Moisturizing Lip Care (17 options) Hydrate Lipgloss Lipstick Makeup Glossy Hydrating Moisturizer Plump Transfer-proof",1729440860171702516,"$18,993.12",[TIRTIR Official] MOOD GLIDER LIP & BLUSH STICK - Dual Function Compact Makeup Stick for Lips and Cheeks,1732023290298864218,"$9,681.87",Cell Fusion C Skin Blemish Balm Intensive | Skin Tint for Recovery | 5 Ceramides & 6 Peptides | Buildable Tone-Up Coverage | Korean BB Cream,1731956039964659721,"$7,605.41","HERA Reflection Liquid Blush – Dewy Serum-Feel Liquid Blush, Hydrating Glow & Natural Flush, Buildable",1732378907013321248,"$5,485.03"
mahoganylox,Luggage & Bags,"$5,124.48",Beauty & Personal Care,$381.99,"Angel Kiss Women's Leather Crossbody Shoulder Bag 13.2""x4.5""x10.7"" Medium Size, Soft PU Leather, Adjustable Reinforced Strap, Chain, Double Handle, Multiple Pockets, Anti Theft Back Zipper, for Business & Casual Use",1730613073505849344,"$4,917.95","Lemme Sleep Gummies with 5mg Melatonin, Magnesium, L-Theanine, Elderberry, Chamomile & Lavender, Berry Flavor, 60 Count, 30-Day Supply",1729441955742782311,$173.32,"Angelic Kiss Retro Fashion Crossbody Bag (14""× 5"" × 8"") - PU material Hobo handbag crossbody bag, Y2K leopard print design, highly distinctive, suitable for various occasions such as dates, parties, work, and travel，Baddie Aesthetic",1729544313076486144,$169.54,tarte colored clay CC undereye corrector,1729734769623929788,$128.00,"Akunbem Bikini Trimmer for Women, Electric Shaver and Razor Rechargeable 2-in-1 Body and Facial Epilator, Dual Heads for Painless Trimming of Pubic Hair, Face, Underarms and Legs, IPX7 Waterproof. Christmas Gift New Year Gift Shaving Grooming tiktokshopba",1729496049825452336,$73.31
mama.of.boys7,Home Supplies,"$5,026.75",Sports & Outdoor,"$2,279.01","5oz Crystal Plastic Dessert Cups with Lids & Spoons - Disposable Square Parfait Cups for Mousse, Tiramisu, Pudding, Party & Catering eco-friendly Individual Dessert Cups Transparent Cups Plastic Cups Set Ice Cream Cups Disposable",1729492625946415307,"$3,552.83","Chilling Home J-Shaped Full Body Maternity Pillow - 58-63in Ergonomic Polyester-Corduroy Sleep Aid for Pregnant Women, Breastfeeding, Postpartum Support, Casual Sleeping, Mom Gift (All Seasons)",1729600385954910596,"$2,000.12","COOLOMG 1 Pair Ergonomic Design Elbow Brace Sports Sleeves - 13mm Thick EVA Foam, Contoured Fit, Shock Absorbent, Durable Breathable Polyester Blend, Secure Hold, Non-Slip Grip, Football Accessories, COOLOMG Care Plan, Adults",1729485057417384512,"$1,048.06","Heavy-Duty Disposable Microfiber Duster Refills (50 Pieces, Durable), with 1 Short & 1 Extendable ABS Handle, 360° Dust Reach, Strong Electrostatic Locks in Dust, Blinds-Compatible Home Office Cleaning Supplies",1731371593770242173,"$1,034.64","PHIVILLA Stadium Seat for Bleachers Portable Outdoor Floor Folding Stadium Chair with Armrest, Back Support, Cup Holder, Mesh Bag and Hide Hooks",1731540722075013526,"$1,017.79"
mariebriii,Health,$180.13,Beauty & Personal Care,$137.10,PREGGO Female & Male Support Bundle - 1 Month Supply,1730929068201317078,$139.48,"Tewiky Easter Gifts Upgraded Crown Cross Necklace for Women, Crown Cross Pendant Necklace, Non-Tarnish Faith Jewelry for Women, Christian Religious Gifts for Her Back To School",1729460580021605131,$123.11,"sacheu Cheek STAY-N blush - All-day Liquid Blush Tint Makeup - Long-lasting, buildable, ultra-blendable dewy blush - Comes in Rose Peach and others",1730436837733995295,$41.08,"[FOODOLOGY] Coleology Cutting Jelly |  Refreshing Pomegranate Flavor Jelly | Daily Fiber Collagen Jelly with Chia Seed | 10 Servings (1 Box), 250 g (8.8 oz)",1731208003481276452,$40.65,Biomimic Foundation 4 in 1 - Medium Spectrum by Forever Bloom Flawless Finish Even Skin Tone Skin Tint,1729394470682137528,$40.00
mariefloree,Beauty & Personal Care,"$6,564.03",Furniture,"$5,984.97","ERMNOIS Swivel Bar Stools - Adjustable Armless Counter Height Chairs with Back, 8"" Fit, Metal+Suede Wear-Resistant Anti-Scratch Waterproof Barstools, Modern Home Decor Kitchen Seating, Adjustable Home Bar Furniture, Swivel Feature Chair",1730899796842746143,"$5,786.38","Claire Monroe - Systematic Theology for Kids Softcover Book - 2026 Edition, English, Ages 6-9, Full Colour Illustrations, 88 Visual Concepts, NLT Bible Verses, Easy Explanations, Discussion Activities, Q&A Reflection Questions, Homeschool, Sunday School",1732273429270925737,"$4,559.61","CEELIKE Oral Spray, 20 mL, Freshens Breath, Available in Five Flavors",1730278943412293794,"$4,482.55","Night Light, 0.5W Night Lights Plug into Wall 6-Pack, Plug in Night Light, Dusk to Dawn Nightlight Led Night Lights for Bedroom, Bathroom, Hallway Warm White Home Lighting,baby shower gift,unique christmas gift",1731513459800576890,"$3,095.41","Tewiky Easter Gifts Upgraded Crown Cross Necklace for Women, Crown Cross Pendant Necklace, Non-Tarnish Faith Jewelry for Women, Christian Religious Gifts for Her Back To School",1729460580021605131,"$1,545.79"
marladaye,Womenswear & Underwear,"$2,730.42",Beauty & Personal Care,$753.48,"DAVID ARCHY Women's Classic Panties, 5-Pack Seamless High Waist Essential Underwear for Women, Full Coverage No Show, Lightweight Buttery Soft Breathable Womenswear for Everyday Wear  Fit Fabric",1732130989507121683,"$2,402.41","Akunbem 2 in 1 facial & eyebrow hair trimmer,Electric Eyebrow Trimmer, Lip Facial Body Hair Removal Tool, Facial Hair Care Tool, Electric Shaver Women, Eyebrow, Epilator Hair Remover",1731795598550143280,$723.49,Shapermint High-Waisted Shapewear Panty with Seamless Design & Anti-slip Silicone Strip Fabric Compression Smooth Womenswear Breathable,1729451838695968962,$126.43,Men's Wrangler Retro® Slim Fit Bootcut Jean - Layton Classic Denim,1729487013223568384,$113.48,"PSD Womens Halloween Thong, Packs & Singles - Barely-There Thong, Soft and Comfortable Breathable Fabric",1732662055297651519,$111.89
meganlouise2319,Computers & Office Equipment,"$1,845.30",Kids' Fashion,$811.70,Grabie Shrink to Sparkles Craft Kit - Spooky Night,1732563666073326247,"$1,831.51","DREAM PAIRS Women's Knit Fabric Mary Jane Ballet Flats - Wide Toe Box, Arch Support, Flexible, Breathable, Chic - Walking Shoes for Office Business, Casual Travel,sohochic",1732416583381717900,$707.24,"FireSwan Jeans for Women, High Rise Wide Leg Relaxed Fit, Pull-On Stretch Knit Denim Pants with Elastic Waist and Pockets, Streetwear Women's Clothes, High Rise Denim,clothes for back to school,first day of school outfits,sohochic",1731708434750280571,$408.96,Geoorood Dog Grooming Vacuum Kit with 13000Pa Suction Power & 2.2L Dust Collection for Furry Animal Cleaning summeressentials DealsforYouDays SummerWins,1729440137287733768,$234.28,"UPORPOR Girls' Red LED Glitter Cartoon Character Princess Costume Dress - Polyester, 3y-4-5y (3-4 Years Fit), Headband, Remote, Light-Up Skirt, 100+ Music-Sync LED Modes, for Parties, Pretend Play,sohochic",1731887990987592167,$166.64
michaelascott20,Beauty & Personal Care,"$37,773.53",Womenswear & Underwear,"$2,399.89","JOOCYEE Velvet Rouge Matte Lipstick - Non-Sticky 2-In-1 Lip & Cheek Cosmetic, Silky Blur Finish, Buildable Coverage, Long-Lasting Transfer-Resistant Lipstick Pen, Lightweight Non-Drying Formula, Waterproof, Daily Wear, Travel-Friendly, Fall Brown",1730932520433651999,"$6,293.47","Fit Colors Set 01 (No.3 Lip Liner+No.1 Lip Oil) - Matte Liner, Moisturizing Oil, Flawless Smooth Definition, Hydrate, Moisturizer, Natural Nude Glossy Finish, Holiday Gift Cosmetic",1732467750884708611,"$4,735.07",Queen Tape - Hydrating & Moisturizing Mouth Tape For Sleep - Royal Plump Edition - Lip Plumping - Mouth tape with Collagen Hyaluronic Acid & Vitamin E - Built in Lip Mask - Royal Lips - One Month Supply,1731633751615705442,"$3,457.50","[NEW] [medicube] PDRN Collagen Gua Sha Neck Wrinkle Cream | Built-In Gua Sha Massager with Volufiline 5% + PDRN | Firming, Contour Care for the Look of Fine Lines, Jawline, Neck, Décolleté,Underarms, Chest, Legs, Shoulder | Massage Cream | Korean Skincare",1732399179294806251,"$3,135.01",[medicube] Affordable Glass Glow Skincare Set | Includes 8 products for Gentle Skin Glow Routine,1729606769780232427,"$2,413.80"
michaelashops,Beauty & Personal Care,"$1,851.35",Womenswear & Underwear,$911.40,"JOOCYEE Velvet Rouge Matte Lipstick - Non-Sticky 2-In-1 Lip & Cheek Cosmetic, Silky Blur Finish, Buildable Coverage, Long-Lasting Transfer-Resistant Lipstick Pen, Lightweight Non-Drying Formula, Waterproof, Daily Wear, Travel-Friendly, Fall Brown",1730932520433651999,"$1,193.36","Katch Me Chic Women's Soft Lace Series Spaghetti Strap Lace Trim Wirefree Quick-Drying Bralette & Panties Set, Casual Lightweight Flattering Underwear Set, Breathable Womenswear",1731017593908728796,$772.24,"Fit Colors Matte Lipliner and Moisturizing Lip Oil Cosmetic Set - Precise Lipliner, Smooth Application, Moisturizer for Easy Lip Line Definition, Hydrating Natural Nude Glossy Finish, Ideal Holiday Gift",1732455375264125454,$498.13,"Women's Solid Color Cami Lounge Dress, Elegant Sleeveless Long Dress for Summer, Ladies Sleepwear for Indoor Wear",1732189362609557800,$139.16,Queen Tape - Hydrating & Moisturizing Mouth Tape For Sleep - Royal Plump Edition - Lip Plumping - Mouth tape with Collagen Hyaluronic Acid & Vitamin E - Built in Lip Mask - Royal Lips - One Month Supply,1731633751615705442,$130.16
michelledemoda,Beauty & Personal Care,"$104,160.32",Womenswear & Underwear,"$2,382.00",tarte easy skin duo - CC tinted serum + creaseless SPF 30 on-the-go powder,1732422500087993276,"$44,844.34","TYMO CURLPRO PLUS - Upgraded Automatic Rotating 1-Inch Ceramic Long-Barrel Curling Iron for Long Hair, Negative Ion Technology for Flawless Curls, Gift Box Ready Adjustable Temp, Swivel Cord Dual Heaters for Beachy Waves Summer Vibes,dorm essentials toolu",1730891536459010526,"$13,636.76",tarte maracuja juicy multi-stick with brush - cream blush & bronzer,1732418830638027708,"$7,666.86",tarte sculpt tape & blush tape duo - blush and bronzer,1729417067781002172,"$5,015.52",The Body Mist Edit,1732607560399425793,"$4,790.10"
mish1977,Fashion Accessories,$153.47,Beauty & Personal Care,$122.35,"Women's 100% Mulberry Silk Haircare Bonnet - Double-Layer, Reversible, Friction-Free, Anti-Frizz, Casual, Elastic Tie Band, Heatless Styling Nightcap, Gift for Females (Thanksgiving, Anniversary)",1729575267737440404,$153.47,tarte CC color-correcting tinted serum,1732403113516372924,$78.32,"[YCZ] Magnetic Nights Fragrance Duo | 2-Piece Men's Eau de Parfum Collection,2×1.7 fl oz, Long-Lasting for Dates, Parties & Everyday Wear, From Quiet Confidence to Nightlife Energy,summer outifit,back to school",1731176260817031589,$44.03,LikeMyChoice Boho Short-Sleeve Shirt & Wide-Leg Pants Luxury Resort Wear 2-Piece Outfit Satin Fabric Women's Lounge Set for Vacation Vibe Clothes Suits,1732364275747950749,$33.88,"Dual-Layer Hydrating Gel Socks (1 Pair, Blue/Pink) - Moisture-Locking Self Care Products for Dry Cracked Heels, Calluses - Spa & Pedicure Repair Socks, Christmas Gift",1731661923978547632,$7.19
mobilemerchant,Beauty & Personal Care,"$27,325.10",Computers & Office Equipment,$980.09,tarte CC color-correcting tinted serum,1732403113516372924,"$6,781.43",TATCHA The Rice Polish Foaming Enzyme Powder Duo,1731009967980123079,"$5,863.27","Foot Reset Ointment For Dry, Cracked Feet",1729441027719598558,"$5,000.60",The Original Dry Shampoo Duo | TikTok Exclusive,1732296356580004770,$896.39,"NEW Laneige Midnight Minis Hydrating Lip Sleeping Mask Treatment 5-Pc Gift Set - 2026 Holiday, Berry & Watermelon Flavors, Moisture-Boosting, Smooth-Finish, Gifts for Boyfriend",1732523139287060813,$795.86
mommarynn,Beauty & Personal Care,$39.94,Womenswear & Underwear,$28.99,"AGICEA 12-Pack Scented Shower Steamers Gift Set – Shea Butter Tablets for Relaxation, Stress Relief & Self-Care, Perfect Gift for Moms, Partners & Loved Ones | backtoschool",1731989610597880274,$39.94,My Cat Said You're A Bitch. ~ ~ Unisex Short Sleeve T-Shirt Gildan Softstyle Printed in the USA,1729430075619119831,$28.99,"22pcs Boho Style Hollow Out Flower Design Unique Cute Rings, Fashion Accessories for Women & Girls, Retro Jewelry for Party and Daily Wear Accessory, Trendy Versatile Exquisite Jewelry Gift for Birthday, Imitation Pearl Ring",1729458387589566542,$7.73,,,,,,
natachacarlile,Sports & Outdoor,"$140,510.59",Womenswear & Underwear,"$32,331.77",Halara Flex DayStretch High Waisted Pocket Straight Leg Work Pants,1729535261465612580,"$41,643.15","MFVIM women’s three-piece yoga set: zip-up cropped long-sleeve jacket, adjustable open-back sports bra, high-waisted butt-lifting yoga leggings; nude-feel soft fitness running activewear set",1731929843583062039,"$12,368.43",BRXL Pro 2.0 Butt Lifting Lycra No Front Seam Workout Leggings for Women Tummy Control High Waist Seamless Gym Running Leggings,1731106741955235937,"$10,683.06",【Creator’s Pick】Halara UltraSculpt High Waisted Scrunch Butt Lifting Tummy Control Pocket Shaping Training Leggings,1729568240189804836,"$10,153.01",【Creator’s Pick】Halara UltraSculpt High Waisted Tummy Control Pocket Shaping Training Leggings,1730356078947897636,"$10,129.44"
nataleezyy,Beauty & Personal Care,"$50,318.92",Phones & Electronics,"$13,845.01","R36S Retro Video Handheld Console with Linux System 3.5 in IPS Screen 3000mAh Battery 32G+64G TF Card for Christmas, Thanksgiving, Holiday Gift,back to school,back to school haul",1729545052539097575,"$13,189.56",Persona Cosmetics 24HR Waterproof Eyeliner Sharpen-able Eye Pencil - Cruelty-Free Vegan Makeup Cosmetic,1729405889651904902,"$8,073.38","MAC Cool-Toned Nude Lip Trio – Sculpt, Define & Plump Set",1732355647882826393,"$6,534.36","ColourPop Shadow Stix - Creamy Pigmented Long-Wearing Eyeshadow Stick with Built-in Sharpener - Matte, Metallic, and Chrome Finishes",1729555874369343537,"$3,494.90","Flamingo 200ml Body Hair Removal Cream, Designed for Sensitive Skin, Unisex Gentle Formula, Smooth Results Last Up to 7 days, Body hair remover for women, hispanic heritage month pick",1729479818174107764,"$3,113.67"
nataleezyyirl,Womenswear & Underwear,"$3,778.69",Beauty & Personal Care,"$1,228.55","Women's Solid Mid-Calf Polyester Socks - Casual, Soft, Comfy, Warm, Basic, Simple Fit for Fall & Winter Everyday Wear",1731752751104888912,"$2,904.72",The Lip Butter Balm Minis,1732656228199928566,"$1,228.55","Songling Women Mid Rise Barrel Work Trousers Elastic Back Waist Tapered Baggy Lounge Pants With Side Pockets True To Size Solid Daily Travel Bottoms, back to school shopping,clothes for back to school,first day of school outfits",1732216018534372167,$845.09,"Slim Metal Card Wallet, Secure Snap Closure, Retro Geometric Design Ultra Compact Card Case for Men & Women",1732429533691351719,$133.25,Women's Mini Dress Sleeveless Tank Dress Casual Sundress Print Beach Dress,1731104307399331845,$28.88
natalieporretta,Womenswear & Underwear,"$4,513.88",Beauty & Personal Care,$359.42,Comfrt | The Camo Sweatpants | Relaxed Fit Soft Camo Joggers,1729931882991096707,"$2,386.01","Comfrt | The Camo Hoodie - Mega | Camo Print Hooded Sweatshirt, Cotton Fleece Fabric, Slouchy Fit",1729931371633742723,"$1,394.40",PurelyWHITE | Purple Teeth Whitening Strips,1730901581502124133,$359.42,Comfrt | Luna Lounge PJ Set | Long Sleeve Soft Matching Pajamas,1731835362753483651,$222.70,Comfrt | Minimalist Hoodie - Mega | Super Soft Slightly Weighted Mega Hoodie,1729505773514822531,$181.38
natalietucc,Beauty & Personal Care,"$98,270.65",Food & Beverages,"$3,867.85",The Lip Butter Balm Minis,1732656228199928566,"$42,611.42",Rare Beauty Jumbo Brow Harmony Flexible Lifting Gel + Tinted Clutch Duo,1732690672063779369,"$7,223.44",Marshmallow Minis,1732574204186890998,"$6,701.92",Too Faced Daydreams Face Palette,1732605923148664834,"$5,377.05","Sol de Janeiro Cheirosa Perfume Mist Best Sellers Limited Edition Fragrance Ensemble Spritz Set - TikTok Shop Exclusive Beauty Product, 360ml Aerosol Unisex Scents (Warm 62, Fruity Floral 68, Rose 91, Woody 59) with Reusable Yellow Jelly Travel Bag",1732279458149536158,"$3,968.67"
official.ally.a.54,Kids' Fashion,$47.50,"Books, Magazines & Audio",$17.98,Comfrt Kids | Tranquil Sweatpants,1730163773577401219,$47.50,Meditations -- Marcus Aurelius - Paperback,1729409235850466072,$17.98,,,,,,,,,
ohheyitsabbie,Kitchenware,$95.93,Home Supplies,$72.45,"Pumpkin Spice 17oz Glass Mug with Handle, Bamboo Lid & Straw, Fall Gift for Her",1729621743570490065,$95.93,"SCENT SZN 2 oz Home Fragrance Diffuser Oil Refill - Paradise-Cream-Mint-Bean Scented Indoor Aroma with Birthday Cake, Sweater Weather, Cotton Candy, Pineapple Notes - Home Perfume Household Freshener Supply",1730588546972816269,$72.45,,,,,,,,,
ohkrista,Health,"$1,505.91",Shoes,$444.40,"Happy V Vaginal Prebiotic + Probiotic for Women – Clinically Proven pH Balance & BV Treatment, Natural Yeast Infection Support, 60 Vegan Capsules Dietary Gut Health Supplement",1729571589157524085,$641.12,Happy V Fresh Start Kit: Vaginal Prebiotic + Probiotic for Women + Happy V Liquid Chlorophyll Natural Dietary Supplement Boost Mint Healthcare Wellness Edible,1731898727935283829,$450.64,"Demonia Women's Black Synthetic Vegan Leather Camel-203 Chunky Block Heel, 5"" Platform, Lace-Up Ankle Boot with Metal Back Zip Closure - Casual Style, Laces, 5"" Chunky Heel Adds Height",1729435692458218392,$444.40,Delilah Distressed Romper - Black,1732482823970394984,$326.61,"Happy V Prebiotic & Probiotic 3-Pack Bundle TT - Capsules for Optimum Health & Edible Supplement, Vegan, Buy 2 Get 1 Free, Healthcare & Fitness",1731899077158474357,$100.37
ohsoitsjocelyn,Womenswear & Underwear,"$128,942.41",Sports & Outdoor,"$11,661.44","Women's Basic Solid Color U Neck Jumpsuit, Casual Slim-Fit Capri Jumpsuit for Daily Wear, Summer Fashion Womenswear",1729503287225062990,"$14,746.93","Arssm 3-Pack Unisex Long Sleeve T-Shirt – Vintage Acid Wash Baggy Cotton Tee for Streetwear, Casual Outfits & Layering",1731871894686831055,"$11,655.08","SHAPELLX Women‘s High-Waist Shaping Tights with Floral Lace, Light Control Tummy Support Pantyhose, Anti-Slip Waistband & Breathable Mesh for Daily Wear",1732505060309831747,"$9,389.53",ANRABESS Women Long Sleeve Bodycon Mini Dress Sexy Crewneck 2026 Fall Ribbed Knit Slim Fit Party Cocktail Night Short Dresses,1731498033099739465,"$8,745.81",Imily Bela Womens Long Ballon Sleeve Sweatshirts Tops Cropped Crew Neck Loose Fit Casual Workout Shirts,1729651434276688063,"$8,421.99"
oinetta,Fashion Accessories,$676.35,Home Supplies,$230.07,"Tewiky 14K Gold Plated Waterproof Women's Bracelet Sets - Trendy Thin Dainty Stackable Cuban Link Paperclip Chain, Jewelry Stack, Accessories for Women, Mom Birthday Gifts, All Seasons Minimalist Costume Jewelry",1730385229390975793,$676.35,Scentiment Car Diffuser -(Device Only) No Water or Heat Needed - Sleek Design - Perfect for Everyday Use,1731781934252462258,$185.51,"Scentiment Diffuser Tall Air 2 - Discovery Kit with Sampler Oils: Cold-Air Diffusion Technology with Wi-Fi & Touch Controls, Rechargeable Battery, Covers 1000 Sqft; Includes Top 3 Luxury Hotel-Inspired Fragrance Oils (20ml)",1730510381990252722,$179.06,Fall Scents Discovery Set - 20ml Each - Aromatic & Cozy Seasonal Delights,1729415693750145202,$51.01,Emeer - EDP 100ML (3.4 OZ) by Lattafa,1729440785019211933,$35.36
ollie999,Toys & Hobbies,$34.99,Home Improvement,$32.19,"Luna Bean Original Hand Casting Kit – Keepsake Mold for Couples, Family, Anniversary & Milestone, Wedding Gifts, My Favorite Person, Molding, Bridal Gift, Handicraft, DIY Gift Idea",1729436078970475149,$34.99,"Green Alien Flexible Neon Decorative LED Sign with Eco-Friendly Acrylic Backboard - Portable Novelty Lighting, Cool Room Decor, Men's Room Accessories, Commercial Displays Gift for Teens",1730250764186325135,$32.19,"Heavy Duty Rugged Protective Smartphone Case - Shockproof, Resists Daily Scuffs, Built-In Shield & Screen Protector, Grip That Holds - Fits iPhone 6, 6 Plus, 7, 7Plus, 8, 8 Plus, SE 2nd Gen 2020, SE 3rd Gen 2023 - Durable Mobile Phone Accessory",1729459712331518847,$9.99,,,,,,
petitewithjessy,Womenswear & Underwear,"$1,165.79",,,Tanming Womens Cotton Linen Pants Casual Button Up High Waisted Wide Leg Trousers with Pockets - Spring Summer Fall Daily Office Vacation,1732301686597849235,$684.88,"Chouyatou Women's Cute Sexy Thick Chic High-Waisted A-Line Cowboy Denim Skirt, Bohemian Style with Flowing Ruffle, Button Closure, and Tiered Design, Elegant, Women Fashion, Skirts For Women",1731894392498983305,$310.78,YeeZaa Lace Satin Pants Cropped Boho Beach Pant 2026 Summer Sale Fall Fashion Pants Drawstring High Waist Wide Leg Pants Summer Lightweight Lounge Trousers Casual Elastic Waisted Vacation Outfits with Pockets,1732408396421763116,$55.96,CHOUYATOU Women's Printed Wide-Leg Jeans Y2k Loose Mid-Rise Jeans in Soft Pink with Boho Floral Pattern Casual Denim Trousers,1731887610286870921,$37.99,"Ommig Women's Casual Chic Striped Wide Leg Above Ankle Pants - Elastic Waist, Ruffle Pockets, Scalloped Hem",1732495029250331194,$29.99
peytonxblack,Beauty & Personal Care,"$32,616.34",Womenswear & Underwear,$293.54,tarte colored clay CC undereye corrector,1729734769623929788,"$7,031.29","Palladio Under Eye Brightening Cream Concealer - Caffeine Peptides, Vitamin E, Biotin, Gluten Free, Blendable Radiant Coverage, Color Corrector & Primer, Smooth Setting for Adults, Evens Dull Tired Skin, Reduces Dark Circles",1729881829798023357,"$6,910.51","tarte BB blur tinted moisturizer SPF 30 - instantly brightens, hydrates & smooths your skin",1729584174847071164,"$6,470.57",tarte Big Stick Energy duo – shape tape concealer stick & brush,1730956811325510588,"$2,556.99",tarte tartelette tubing mascara duo,1731369586880451516,"$1,759.60"
peytonxshops,Beauty & Personal Care,$11.64,,,e.l.f. Sheer For It Cosmetic Blush Tint and Lip Stain,1731162610730111267,$6.00,Flawless Concealer Brush,1729384323622867235,$5.64,,,,,,,,,
pinspo.girl,Womenswear & Underwear,"$29,606.29",Beauty & Personal Care,"$11,003.68","THE OFFICIAL MAGIC LEGGINGS - Original Fleece Lined Tights - Plus Size Women's Clothing, Body Slimming Compression Band, 1-Seam Option, Closed Foot, XXS-3XL, 4 Shades, Light-Brown Fur Fleece, Cold Wash, Viralproducts",1729406693411230691,"$16,190.05",Comfrt | VIP Airplane Mode Travel Zip Hoodie - Mega | CloudTouch Fleece Zip-Up With Silk-Lined Hood & Eye Mask,1732607430962811779,"$9,276.87","Etekcity ESN00 AI Smart Food Nutritional Scale - Digital, Portable Measuring Kitchen Scale with Smart Control, 19 Nutrient Facts Auto Scan, Calorie Counter for Meal Prep & Fitness, Compact Stainless Steel Design, Summer Sale, Digital Kitchen Scale",1729408268190847371,"$6,746.04",Canon PowerShot G7 X Mark III 3637C001 Black (US Plug) by StockX,1732091895743746202,"$5,795.12",Fenty Skin Butta Drop Body Cream + Body Milk Body Care Hydrating Lotion Duo,1729716038966481710,"$2,164.70"
prettygirlglaze,Furniture,"$72,261.68",Womenswear & Underwear,"$22,694.47","Medium Firm Hybrid Memory Foam Mattress - 8/10/12/14 in Twin, Full, Queen, King Sizes, Lumbar Support, Ergonomic Design, for Home Rooms, Hotels, Boxed Furniture Gift, Memory Foam Mattresses, Queen Size Mattress,dorm essentials,home decor",1730092261582738160,"$69,222.51",【Runs Small】Popilush Leopard Print Corset Top Women Detachable Strap Lace Up Bustier Sculpting Shapewear Tank Top SohoChic Party Club Streetwear,1731223145403945796,"$4,611.46",Unshelled Sunflower Spicy Red Seeds 12oz,1732220469286507347,"$3,911.51",SHAPSHE Waist Shapewear Corset for Women Sport Workout Vest for Women Gym Zipper and Hooks,1732027199022469228,"$3,153.22",3pk - Carne Seca BITES - Sr. Michelado - Crunchy Beef Jerky - Azu Mecha Furia BOLD 1.5oz - 3pk,1732262461014315953,"$3,068.35"
ragdollmanor,Food & Beverages,"$36,754.68",Beauty & Personal Care,"$26,330.08","Bears with Benefits Biotin Gummies for Hair Growth, Skin & Nails –  5000 mcg Biotin + Vitamins C & E + Zinc - 30 Gummies - Vegan Wild Berry Flavor - 1 Month Supply",1730755223971074070,"$23,956.69","BUILT Bar Puff Protein Bar, Pumpkin Cookie Chunk, Protein Packed Snack, Collagen, 160 calories, Not Gluten Free, 12 Count Box",1731834460486013170,"$21,038.35",tarte colored clay CC undereye corrector,1729734769623929788,"$8,212.42",Evergreen Set of 3 Lighted Halloween WitchStakes,1731081757354464199,"$7,776.17",tarte shape tape dab & go hair concealer,1732404473502667708,"$4,815.54"
rebecca.becca.b,Beauty & Personal Care,$105.38,Sports & Outdoor,$24.99,[TIRTIR Official] Ultimate Glow Skin Set Hydrate Moisture Daily Skincare Moisturizing Toner Ampoule Cream,1729672758658044506,$54.88,"[medicube] Kojic Acid Turmeric Clarifying Toner Pad for Troubled Skin & Use After Spot Care | Soothing & Calming with Turmeric, Niacinamide, Glycolic Acid  | Korean Skin Care, 70 Pads",1731416487804506347,$50.50,"Women's Workout 2-Piece Sets, Summer Sports Leopard Bra & Biker Shorts Sets for Women with Contrasting Colors, Seamless Thin Straps, Gym Tracksuits Summervibes, Workout Sets Women",1732386932979437761,$24.99,,,,,,
riannapepe,Beauty & Personal Care,"$33,990.28",Womenswear & Underwear,$156.54,"MAC Lustreglass Nudes Trio | Sheer-Shine Lipstick Set | 3 Nude Shades, Buildable Colour, 3 pc",1732545309910012569,"$7,904.42","MAC Cool-Toned Nude Lip Trio – Sculpt, Define & Plump Set",1732355647882826393,"$2,968.56","LYS Beauty No Limits Cream Bronzer Stick - Glowing Makeup Cheek Sculpting, Blendable Glowy Skin Color, Buildable Face Tone for Bronze Glow with Natural Radiant Finish",1729385764072624843,"$2,175.23",Barbie x Glamlite Makeup Set,1732367766276117241,"$2,083.31",point of view. holiday vault Various,1732676892659848123,"$1,735.00"
risingwithcristina,Sports & Outdoor,$119.94,Health,$113.21,"5 or 2 High Capacity Emergency Survival Water Straws - Personal Filter for Camping, Hiking, Travel Biking, Survival Preparedness, Lightweight Reusable",1729419146074362732,$119.94,"I Am Joy: Ormus Gold Oil Monoatomic Helps to Decalcify Pineal Gland, Repair DNA, Increase Manifestation Speed - Rich with Minerals Platinum, Iridium Using Non Chemical Solvent Extraction 4oz",1729407118584156350,$113.21,,,,,,,,,
rondadaly,Womenswear & Underwear,"$9,256.45",Sports & Outdoor,"$2,254.10","PrettyGarden Women's 2-Piece Outfits Short Sleeve Pullover Tops Split Hem Wide Leg Pants Lounge Sets, Comfy Pjs, Soft Suits-Womenswear Loungewear Nightwear#SwimWeek#Summervibes#DealsForYouDays",1729444226407305583,"$2,652.12","Scacto Women's Classic Long Denim Trench Coat, Collared Button-Front Outerwear for Elegant Basic Outfits, Lady,back to school,back to school shopping, Long Sleeve,clothes for back to school,first day of school outfits",1732067582857941866,"$2,197.41","TIMEOFF Women's Short Sleeve Zip-Up Mock Neck Athletic Romper with Flared Skirt - Sporty Chic Dress, Workout Active Dress, Jumpsuits, Cool & Dry Wear, Women's Clothing for Summer Fitness Tennis",1731131763555144432,"$1,037.74",【Creator’s Pick】Halara Ribbed Knit Off Shoulder Long Sleeve 2-in-1 Casual Top,1732205256768394078,$735.67,"Wiholl Fashion Fall Dresses for Women 2026 Long Sleeve Sweater Dress Color Block | Side Pockets, Ribbed, Lightweight, Winter Clothing, Loose Fit",1732487559738462582,$645.52
sam_joness_,Sports & Outdoor,"$25,895.47",Beauty & Personal Care,"$10,587.47",NEW BALANCE 530 Womens Shoes,1730843455865524661,"$20,197.40","LOVEVOOK Colorblock Carry-On Travel Backpack with 3 Packing Cubes and Laptop Compartment - Personal Item,TSA-Friendly, Travel Essentials, Airline Approved Travel Bag for Hiking, Weekend, TikTokShopBackToSchool",1729417326447727282,"$6,972.76","SEESE Cordless Pressure Washer Gun, 1000 PSI Portable Electric Washer for Vehicle, Driveway & Deck - Ergonomic Handle Design with 30min Runtime & 6-in-1 Nozzle",1731236289885213002,"$6,774.94",Hotel Collection | Scent Diffuser Discovery Kit Covers up to 600 sq/ft with One Fragrance Oil 50mL (1.69 Fl Oz),1732266143641211591,"$5,531.23",ALLSWIFIT Women's Slip On Walking Shoes Hands-Free Cushion Running Tennis SwiftPlush Non-Slip Comfortable Workout Gym Athletic Fashion Sneakers Breathable Running Shoes Fashionable Running Shoes,1731228129405539200,"$3,758.95"
samanthasingsit,Beauty & Personal Care,$729.14,Fashion Accessories,$5.43,"USB Charging Hair Trimmer, Multi-Functional Electric Clipper, Portable Lightweight Split Ends Trimmer, Home Use, Auto Hair Cutter, Gift Idea",1729396681962852545,$240.09,"Ruby May Pre-Curated Assorted Bright Full Makeup Kit - Beauty Bundle with Eyeshadow, Mascara, 1 Brow Product, Lip Product, 3 Pair Lashes, Customizable Glam Box, Mica Powder, Boxed Makeup Sets for Live Stream Looks",1729692047308198193,$208.51,"Prosa Volumizing Thickening Mascara 3-Pack Bundles - Silicone, Waterproof, Avocado Oil-Infused Natural Cosmetic with Micro-Fibers for Max Eyelash Volume, Professional Classic Makeup Lash Enhancer for Natural Look",1729552289872581594,$108.39,"12 Colors Concealer Palette, Natural Facial Contouring Makeup Palette, Long Lasting Concealer Cream, Facial Detailing Makeup Tool, Summer Makeup Gift #GLOBAL PICKS",1729388300215292246,$89.68,Triclone™ Skin Tech Foundation,1729459054639420316,$45.00
samshops_beauty,Home Supplies,$907.12,Beauty & Personal Care,$158.26,"Sweetcrispy LED Vanity Mirror - Modern Illuminated Adjustable Brightness Desktop Makeup Mirror with 3-Mode Lighting, Touch Dimmable Control, Detachable Base, Desk Accessories, Room Decor for Bedroom",1731634628381414114,$907.12,"[Dr.Melaxin Official] S-ZINC ZERO-FIT Ultra Thin Blemish Spot Patch 72 Patches 0.013mm Invisible Pimple Stickers with Sulfur, Salicylic Acid, AHA & PHA, Acne Treatment Seamless Under Makeup Face Cover, 12mm x 72 Patches",1732621550482329627,$85.83,"[medicube] Mix & Match Toner Pads Setㅣ Pore, Use After Spot, Brightening Care for Clear & Glass Glow SkinㅣTikTok Viral Toner Pads",1731192157304754411,$36.90,Thrive Causemetics - Liquid Lash Extensions Tubing Mascara for Longer Lashes - Cosmetic Makeup,1729627599599342096,$31.95,Glamnetic Velvet & Glazed Press-On Nail Collection,1729944066490077870,$3.58
sarahhill920,Womenswear & Underwear,"$9,923.33",Beauty & Personal Care,"$4,679.25","BIO IONIC OFFICIAL: Long Barrel Curling Iron - Hair Curler Adjustable Heat Settings, Effortless Voluminous Curls & Waves, Auto Shut-off, Easy to Use Styling Tool, For All Hair Types Comfort",1731031588942615519,"$3,212.25","Women's Solid color Basic Button Front Knit Cardigan, Casual Long Sleeve Knitwear for Daily Wear, Ladies Clothes Womenswear for All Seasons Knitting, Knit Sweater Clothing",1730348428514332914,"$2,429.71","C202 Women’s Merino Wool Blend Crew Neck Long Sleeve Top, Lightweight Soft Slim Fit Basic Shirt, Minimalist Fall Essential for Work and Casual Outings",1732029819856261826,"$1,588.52","C202 Women’s Merino Wool Blend Boat Neck Long Sleeve Top, Soft Slim Fit Basic Shirt, Elegant Minimalist Fall Essential for Everyday Wear and Office",1732029891601011394,"$1,381.25","Women's Basic Solid Hollow Out Drop Shoulder Knitting Sweater, Boho Casual Long Sleeve Round Neck Jumper for Spring & Fall, Fashion Ladies' Knitwear for Daily Wear, Fit, Knit Casual Top",1729449619846501099,"$1,072.39"
sashamarielovesshopping,Womenswear & Underwear,"$7,066.59",Beauty & Personal Care,"$2,479.45","Women's BraSculpt Strapless Halter Snatched Shapewear Bodysuit Thong, Adjustable, Silicone Grip",1730963087669432340,"$1,625.36",NuDerma Standard High Frequency Wand for Anti-Aging and Anti-Acne Neon Argon Gas by Pure Daily Care high frequency wand hair,1729404718196625773,"$1,446.76",Cecilya Bandage Mini Dress,1732253619654856866,$941.14,Geena Semi Sheer Button Up Shirt,1731845471203004578,$618.25,Tezi Boat Neck Light Knit Top,1731845458810343586,$493.06
sashashopsalot,Beauty & Personal Care,"$27,573.82",Textiles & Soft Furnishings,"$15,903.91",Delzzad Pear Cut Stud Earrings Lab-Created Moissanite Stud Earring S925 Sterling Silver Moissanite Jewelry Perfect Birthday Mother’s Day Christmas Gift for Men Women Wedding Set,1729642239152459799,"$10,792.35","Comfrt | The Dreamer Blanket | Oversized, Cozy, Soft Warm Throw",1729931833196778371,"$9,302.30","Boll & Branch Signature Hemmed Luxury Bedding Sets - Complete 100% GOTS Certified Organic Cotton Sets, Fair Trade, Soft, Breathable Weave, Durable, Smooth Matte Finish, Tested Against 1,000+ Harmful Substances for Everyday Sleep",1732417405086962376,"$6,358.05","Lassi Lips Staining Lip Oil - Up to 8hr Wear, Transfer-proof, No Peeling or Wiping Off, Ultra-comfortable, No Flaking or Feathering with Vitamin E & Mango Seed Oil",1729607961691853620,"$5,977.53","Double Date - Staining Lip Liner & Oil Duo Your Way - Up to 8hr Wear, Transfer-proof, No Peeling or Wiping Off Needed, Ultra-comfortable with Vitamin E",1732311922565485364,"$2,893.65"
savaii.j,Sports & Outdoor,"$2,509.74",Womenswear & Underwear,"$1,892.82","Gymreapers Ankle Straps (Pair) For Cable Machine Kickbacks, Glute Workouts, Lower Body Exercises - Adjustable Leg Straps with Neoprene Padding",1729552156594049095,"$1,785.58","Cider Chiffon Mini Dress – Halter Neckline Ruffled Ruched Bowknot Sexy Elegant Women's Date Night Party Clubbing Gown, Y2K Retro Slim Fit Short Dress for",1732168408372645975,"$1,207.94","Gymreapers Quick Locking Weightlifting Belt for Bodybuilding, Powerlifting, Cross Training - 4 Inch Neoprene with Metal Buckle - Adjustable",1729576192146247751,$267.54,"Yeokou Women's 2-Piece Boho Back to School Outfits - Cotton Smocked Top, High Waisted Wide Leg Lounge Pants with Side Pockets, Soft Fabric Hugs Skin 2 Piece Sets,sohochic",1731501059629748722,$124.56,Cider Striped Boat Neck Bell Sleeve Slim Tee,1732504586598649943,$103.32
savi_trends,Phones & Electronics,$319.90,Kids' Fashion,$244.41,Smart ECG Health Monitoring Ring – ECG/Heart Rate /Sleep /Activity Tracker/Blood pressure/Blood glucose/Spo2/Temperature/Water Proof,1731170696570310865,$319.90,"balabala Girls' Casual Trainers, Retro Bow-Knot Low Top Sneakers with Hook-and-Loop Strap, Lightweight Nonslip Shoes for Back to School, Nonslip Trainers, Athletic Sneaker Footwear, Trendy Trainers,back to school",1732106026751726328,$205.22,"Maxine Stunning 925 Sterling Silver 3.5ct Oval Cut Engagement Ring Set,Bridal Ring Set,5A Cubic Zirconia Women's Ring Jewelry,Wedding Ring Set for Daily,Travel,Proposal,Birthday,Anniversary, Engagement Rings",1729554763459957196,$125.93,"Black Lip Balm, made with Korean technology and infused with Meadowfoam Oil. Hydrate, Moisturize, and Soothe with Korean Lip-Care Ingredients. Designed for men.",1731817957041279815,$75.00,"Inovaday | Heavy Duty Curtain Rods for Windows, Drapery Rods with Adjustable Curtain Rods, Outdoor Modern Curtain Rod with Simple End Caps Black Outdoorfun,Back To School dorm essentials,home decor,home essentials",1729437419224469700,$55.00
seasonaldiariess,Kitchenware,"$36,825.41",Food & Beverages,"$2,086.73",To-Go Buddy - Universal Cup Insulator for to-go cups - Keeps Drinks Hot Cold 12+ Hours - Vacuum Insulated Tumbler,1729430518270038922,"$11,023.12",Coca-Cola & Frost Buddy - Stainless steel - Dual Wall Vacuum Sealed - Drinkware,1732382098705650570,"$4,510.88",New Thicc Buddy 50oz Leak Proof Double Wall Vacuum Sealed Tumbler with Handle Fits Lip Balm & Keys Drinkware Flasks Lid Insulated Mug for 12+ Hours Cold & 8+ Hours Hot,1732139017504789386,"$4,079.01",Frost Buddy Halloween,1732471007461348234,"$3,978.26",Universal XL Can Cooler - Made to fit almost every 12-24oz can and bottle - Stainless Steel Vacuum Sealed,1729414525054063498,"$2,779.18"
shilohstemple,Beauty & Personal Care,"$67,473.29",Fashion Accessories,"$15,921.91","[TIRTIR Official] Glide & Hide Dual Concealer and Foundation 2-in-1 Stick l Lightweight Coverage, Flawless Makeup Cosmetic foundation stick",1731165559314747994,"$10,370.20",[HOT] SKINTIFIC Hydrating Brightening Lip Serum with Hyaluronic Acid & Peptide for Radiant Lips Gentle Glossy Korean Beauty Makeup Balm Shea Smooth Moisture with Cooling Metal Roller Applicator,1731832307922407544,"$9,784.90","TYMO FLIPRO Hair Care Set - FlipPro 2-In-1 Straightener Comb & Styling Tool with TYMO Heat Protectant Spray for Lightweight Frizz Control, Ceramic Coating, Fast Heat-Up, Summervibes gift Hair Flat Iron fathersdaygift,father'sdaygifts,dorm essentials toolu",1731735771965723102,"$6,932.80","e.l.f. Glow Reviver Melting Lip Balm, Hydrating Lip Balm High-Gloss Shine and Buildable Color 15.4mL",1730991053913559331,"$6,791.80",Nadula Black To Chestnut Brown Ombre Yaki Straight 7x5 Lace Wig With Drawstring Human Hair Natural Density Invisible Knots Glueless Put On And Go Beginner Friendly 18''-26'' Fit SoHoChic TikTokShopBackToSchool,1731704529776120573,"$4,432.39"
shopaholicallee,Womenswear & Underwear,"$66,483.10",Sports & Outdoor,"$27,783.26",I Need Space Comfort Colors Unisex T-shirt Gothic Alternative Fashion Casual Tees Round Neck Tshirt,1730884253731688758,"$13,515.62","Women's Solid Mid-calf Socks, Casual Soft Comfy Warm Socks for Fall & Winter, Women's Socks for Daily Wear",1731687611898499152,"$13,514.14",Tanming Womens Baggy Wide Leg Pants Relaxed Palazzo Harem Pants Elastic Waist with Pockets,1729491434710208659,"$12,119.14",Hanes Originals Women’s Supersoft Comfywear Sleep Slip Dress Women's Intimates Comfortable Fit Soft Stretch Fabric Breathable Hla219,1731467663274185700,"$6,768.35",Allswifit Women's Slip On Walking Shoes Hands-Free Cushion Running Tennis Shoes Non-Slip Comfortable Workout Gym Sports Athletic Fashion Sneakers,1732112293820797824,"$5,674.46"
shopaholicallee2,Womenswear & Underwear,"$23,436.20",Sports & Outdoor,"$20,415.02",Halara UltraSculpt™ High Waisted Tummy Control Contrast Lace Shaping Training Leggings with Pockets,1731361332119834916,"$12,047.47","Long Sleeve Basic Denim Jacket for Women,Drop Shoulder Curved Hem Denim, Classic Button Down Denim Jacket with Chest Pockets, Fashion Women's Clothing for Daily Wear, Vintage Western Trucker Jacket, Outerwear #GLOBAL PICKS",1729469572738027768,"$10,166.02","Norwell Women's Heated Jacket with Hood for Men with 7.4V 5000mAh Battery Pack, Dual Control 5Heat Zones Waterproof Comfort Basic Coat, Unisex Winter Outdoor Heating Jacket Hunting Skiing Plus Size - Black,Valentine's Day,Father's Day,Christmas Gift",1729641584691876363,"$3,113.86",NIKE V5 RNR Womens Shoes,1732319439864566197,"$2,546.75",Perpetual Kids Jokes Calendar - A Year of Daily Laughs with 365 Kid-Approved Jokes for Family Fun - Colorful Engaging Design - Eco-Friendly Gift Ready,1731426717157199934,"$2,089.81"
shopjulesm,Womenswear & Underwear,"$17,863.47",Menswear & Underwear,$337.24,SCUSTY Women's Autumn Sweater Cardigans Graphic Button Down Collar Knitwear Long Sleeves Y2K Oversized Print Coat SohoChic,1731465165517983987,"$2,801.17",Freya ONESO Women Mid Rise High Stretchy BBL Jeans Butt Lifting Wide Leg Raw Hem Denim Pants Tummy Control Spring Basic Minimalist Woman Denim Bottom Comfortable Denim Jeans OSW8019 Plus Size Regular Size Fashion Daily Outfits DIY Inseams #SummerVibes,1731273402271240469,"$1,618.09","Imily Bela Women Striped Sleeve Knit Cardigan Casual Crew Neck Button Down Cropped Sweater Jacket Y2K Fall Outfits, Knitwear, Button Cardigans",1732490286156452326,"$1,526.02","Songling Adult Sherpa Cape Wearable Blanket - Flowing Side Slits, 50"" Width, Machine Washable Home Warm Shawl Wrap for Office/TV Use - Gift Option (TikTokShopBlackFriday)",1731973839582237511,"$1,191.11",Imily Bela Women Striped 3/4 Sleeve Knit Cardigan Casual Crew Neck Button Down  Sweater Jacket Y2K Fall Outfits Striped Knitted Cardigan,1732489902525419533,$791.20
skylerclarkk,Toys & Hobbies,$24.51,Textiles & Soft Furnishings,$10.60,"Rocket Bubble Gun 69 Hole Rechargeable Battery LED Lights 32 oz Solution + 2 Solution Bottles, Bubble Machine Blaster, Rocket Bubble Bubbles",1731937914098455302,$24.51,Michael Jackson High Quality Flannel Blanket - Premium Flannel Material Super Soft Comfortable Throw for Travel Bedding Couch Hiking Bed Mother's Day Valentine's Day Birthday Christmas Gift,1732010612272108340,$10.60,,,,,,,,,
southern_wellness,Health,"$10,374.70",Beauty & Personal Care,$90.30,Akasha GLOW & GROW Gummy Bundle,1731652917122208761,"$1,551.56","Micro Ingredients Liposomal NAD+ Ultimate 1,000mg, 60 Veggie Capsules",1731481178363761325,"$1,488.66",Akasha Superfoods Jellyfish Collagen,1732313890708886521,"$1,133.13","Micro Ingredients Testosterone+ Advanced for Men & Women, 240 Softgels | 15-in-1 Complex with Tongkat Ali, Horny Goat Weed, Shilajit, Maca & Saw Palmetto | Non-GMO",1732277848170402477,$930.77,"Micro Ingredients Multi Collagen Peptides Powder - Hydrolyzed Protein Peptides (Type I,II,III,V,X) with Hyaluronic Acid, Biotin & Vitamin C Unflavored",1729385034780414637,$844.99
southernlakemom,Womenswear & Underwear,"$137,504.38",Shoes,"$14,352.00",SCUSTY Women's Casual Summervibes Two Piece Sets Color Block Crewneck Sleeveless Pullover Tops Matching Shorts With Pockets 4th of July Independence Day Outfit,1731188415101440243,"$10,190.61","UANEO Women's Leopard Print Corduroy Wide Leg Cropped Pants, Elastic Drawstring High Waist Loose Culottes, White Lace Trim Hem Vintage Casual Baggy Trousers Y2K Streetwear",1732519604108103989,"$6,573.74","Fisoew Women's Half-Zip Mock Neck Sweatshirt - 50% Polyester Mix, Multi-Size, Slim Pullover, Cozy Soft Fabric, Flattering Cut, Women's Fashion Activewear Workout Top for Layering Outfits",1732414822051451736,"$6,317.48",Dokotoo Long Sleeve Fall Tops Oversized 2026 Trendy Round Crew Neck Casual Color Block Womens Shirts Blouses,1729586695259001845,"$5,778.98",SCUSTY Women's Quilted Puffer Jacket Long Sleeve Zip Up Oversized Lightweight Padded Down Coat Outerwear TikTokShopBlackFriday,1729590709478134003,"$5,230.05"
soyabundanciaa,Womenswear & Underwear,"$218,127.16",Sports & Outdoor,"$6,755.76",LUCKMEEY Women High Waisted Seamless Shapewear Shorts Tummy Control Butt Lift Faja Body Shaper Breathable Slimming High Waist Shaping Shorts with Built-in Crotch Invisible Fit for Everyday Wear#sohochic,1730652584168165420,"$101,245.04",SHAPELLX Shapewear Sculpting Shorts for Women Seamless High Waisted Body Tummy Control Shaper Thigh Slimming Underwear Womenswear Seamless Compression Shaper,1731280168955253376,"$19,603.71",SHECURVE Easyslide Bathroom Friendly Shapewear Faja for Women Tummy Control Butt Lifter Bodysuit with Back Pull Down Bathroom Design Back Support & Cotton Gusset for New Moms Postpartum & Everyday Wear,1732131533229822183,"$16,455.26","Women's Plain Lace Patchwork Bow Decor Cami Top & Shorts PJ Set, Adjustable Spaghetti Strap Camisole & Elastic Waist Shorts, Ladies Sleepwear for All Seasons, Pajama",1731158045709341422,"$10,023.74",1/3 Pack Vintage Acid Wash Oversized T-Shirts Unisex 100% Cotton Long Sleeve Tees for Women Men Casual Loose Fit Baggy Pullover Comfy Basic Streetwear Fall Loungewear Essential Layering Tops,1732537313901580584,"$7,583.05"
spankifarris,Textiles & Soft Furnishings,"$12,030.95",Womenswear & Underwear,"$5,439.45","【Fall Deals For You】WeCharmer 1000GSM Thick Bedding Mattress Topper, Queen/Twin XL Bed Accessories, Extra Thick Bamboo Down-Alternative Overfill, Cooling Cloud-Like Pillow Top, 360° Elastic Hold, 8-21In Deep Pocket for Back Pain Relief",1729457680158658805,"$11,128.13",Cosnufy Mesh Sheer Long Sleeve Top Single Layer Crew Neck See Through,1731492708651471088,"$2,006.96",Freya ONESO Women Mid Rise High Stretchy BBL Jeans Butt Lifting Wide Leg Raw Hem Denim Pants Tummy Control Spring Basic Minimalist Woman Denim Bottom Comfortable Denim Jeans OSW8019 Plus Size Regular Size Fashion Daily Outfits DIY Inseams #SummerVibes,1731273402271240469,"$1,472.69",PrettyGarden Oversized Tshirts Shirts for Women Summer Tops Casual Short Sleeve V Neck Loose Basic Tees#Summervibes#SwimWeek#DealsForYouDays,1732190593624871279,"$1,404.42","ThermoMaven 1-Touch Max Fire Brass ABS Culinary Propane Blow Torch Gun (1.56 lb, Single Unit, Tank Not Included) with Safety Lock, 1800℃/3272°F Sear Power, Bakeware & Grillmaster Tool for BBQ Grill, Kitchen Use",1731065743854702822,$539.17
stephanie_stimson,Beauty & Personal Care,"$82,796.38",Shoes,"$23,100.10","Stylish Women's High Heeled Shoes, Slingback Stiletto Heels, Minimalist Slingback Pumps, European Style Patent Leather, Elegant Party Shoes Hollow Side Design, Classy Fashion Slimming Look, Exquisite Heels for Parties and Events, Elegant Footwear",1732180721823158836,"$12,865.88",KI Exosome Booster Ampoule Kit – Advanced Skin Care for Hydration & Glow | Made in Korea,1731494674229465785,"$8,440.15","Bellavita Luxury Senorita Eau De Parfum | Women's Perfume 100ml (3.38 FL.oz) | Playful, Sweet & Confident Notes | Long-Lasting | Vegan & Cruelty-Free",1729470893913576374,"$7,459.17","BIO IONIC OFFICIAL: Long Barrel Curling Iron - Hair Curler Adjustable Heat Settings, Effortless Voluminous Curls & Waves, Auto Shut-off, Easy to Use Styling Tool, For All Hair Types Comfort",1731031588942615519,"$6,301.06",OEAK Womens Jelly Bras Wireless Comfortable Soft Push Up Bralettes Seamless Tshirts Bras Deep V Everyday Bras,1729714461980332262,"$6,279.54"
stephsharesitall,Toys & Hobbies,"$29,623.87",Computers & Office Equipment,"$14,584.05","Skillmatics Peelies – Reusable Sticker Activity Book Mess-Free, 100+ Reusable Stickers, DIY Scrapbooking Kit for Toddlers & Preschoolers, Travel Toy, Gifts for Ages 3 to 7",1732148327640896289,"$18,281.17","Egofuntoy Erasable Reusable Watercolor Pen Doodle Set for 1-4 Year Old Toddlers - Colorful Marker Pen, Drawing Art Supplies, Painting Supplies Kit, 12 Markers, 14-Page Unicorn Book, Car Travel Kids Toys Cool Gifts, Cool Gifts For Kids",1729476492327489974,"$6,967.21","4-in-1 Set Adorable Dinosaur-Astronaut Animal Themed Multicolor Mini Pens, 20/30/50Pcs Bulk Office Stationery, Back to School Supplies for Kids Ages 8+, Birthday Presents & Adorable Party Favors",1731220844494426246,"$6,669.53","Magnetic Photo Frames 2""x2"" Clear Acrylic DIY Fridge Magnets with Adhesive Backing – Square Magnets for Crafts, Kitchen, Classroom, Party & Office Decoration Back to School College Dorm Essentials #HomeEssentials #TikTokShopBackToSchool",1732288674913947952,"$6,527.66","Lifelines FlowArt Guided Art Meditations – Activity Pads with Themed Markers – Dot-by-Letter, Hidden Patterns, Pogo-Dot, Mosaic Designs, UV Art, or Dot-Pop - Coloring Books for Teens, Adults & Seniors",1731442954403287874,"$4,020.01"
strawbxrrymilkx,Kitchenware,"$191,823.70",Home Supplies,$338.66,To-Go Buddy - Universal Cup Insulator for to-go cups - Keeps Drinks Hot Cold 12+ Hours - Vacuum Insulated Tumbler,1729430518270038922,"$50,611.99","Universal Buddy - Fits 12oz Cans, Slim Cans, 12oz Bottles, 16oz Cans | Coffee Cup - Double Wall Insulated Drinkware",1729430519776777098,"$35,536.86",Frostbuddy Fall Collection,1732414112211899274,"$20,842.15",Frost Buddy Halloween,1732471007461348234,"$14,624.58",Bottle Buddy - Collegiate Edition - Dual Function lid Water Bottle - Stainless Steel - Double Wall Insulated,1730941375209313162,"$11,851.90"
styledwithmorgs,Shoes,"$8,906.51",Womenswear & Underwear,$197.76,"FITORY Women's Chic Casual Chelsea Ankle Shoes - Slip-On Elastic Block Heel Chunky Booties with Platform, Rubber Insole, Multiple Styles, Comfortable Heels for Fall, Business & Party, Size 6-11",1729413009577185448,"$2,332.55","Women's Solid Color Waterproof Rain Boots, Women Shoes, 2024 New Style Fashionable Round Toe Boots for Outdoor Wear, Non-slip Rain Boots for Women & Girls",1729559330841661532,"$2,120.27","New Thick Sole Dad Shoes Casual Sporty Women's Athletic Trainers Sneaker Lightweight Breathable Height Increasing Sneakers, Fashion Sneaker, Round Toe Mesh PU Leather Low Top All Seasons Lace Up Sneaker",1730487360350032080,"$1,938.78","Women's Leopard Print Slip-On Sandals, Leopard Pattern Slides, Casual Fashion Anti-Slip Flat Shoes, Fall Winter Spring Summer Wearable Sneakers, Non Slip Slippers",1731812393800209146,$743.18,"Women's Cute Bowknot Leopard Print Wedge Sandals, Elevated Sandals, Casual Fashion Slip-On Wedges, Summer Trendy Shoes for Beach Daily Wear, Fashionable Footwear",1730926239855710932,$502.75
sylviavanhoeven,Womenswear & Underwear,"$5,451.99",Fashion Accessories,"$1,627.83","Women's Vintage Geometric Flora Print Eco Satin Loungewear Bathrobe - Bagheera, Ink Color",1729412462863815558,"$2,045.17","Rechargeable LED Selfie Fill Light with Clip - Adjustable for Cellphone, Laptop, Tablet - Makeup Light for Content Creator Vlogging Equipment, Business Video Conference (Black)",1729415647966630551,$509.53,"Women's Solid Turtleneck High Neck Tops & Wide Leg Pants Set, Loose Cozy Stretchy Long Sleeve Top & Trousers for Daily Casual Occasion Wear, Fall Clothes, 2 Piece Set, Knit Casual Set",1729418419066213099,$454.60,"innsol Women's Cat Eye Sunglasses - 90s Style, Alt Style, Modern Trendy, Trendy Styling, Lightweight Design Eyewear, UV400 Anti-UV Protection, Casual Glasses for Medium Faces Daily Wear, Stylish Accessories",1731480965419078468,$379.18,"EUNOIALENS Women's Rectangular Sunglasses - 2-Piece High Quality Light Plastic Frame UV400 Protection Narrow Full Rim Trendy Vintage 90s Street Style Casual Stylish Glasses, Easy-to-Carry Accessory, High Quality Sunglasses",1731071355901088757,$296.47
sylviavanhoevenbeauty,Beauty & Personal Care,"$74,769.53",Fashion Accessories,$662.73,"2-Color、3-Color Smooth Eyeshadow Stick Set, Long-Lasting Waterproof Makeup Products, Matte Highlighter & Glossy Eye Pencil, Easy Colored Eyeshadow for Beginners",1732305739916809186,"$26,224.28","ColourPop Shadow Stix - Creamy Pigmented Long-Wearing Eyeshadow Stick with Built-in Sharpener - Matte, Metallic, and Chrome Finishes",1729555874369343537,"$12,297.98","Lassi Lips Staining Lip Oil - Up to 8hr Wear, Transfer-proof, No Peeling or Wiping Off, Ultra-comfortable, No Flaking or Feathering with Vitamin E & Mango Seed Oil",1729607961691853620,"$10,323.28","sacheu Cheek STAY-N blush - All-day Liquid Blush Tint Makeup - Long-lasting, buildable, ultra-blendable dewy blush - Comes in Rose Peach and others",1730436837733995295,"$3,127.07","sacheu Eyeshadow STAY-N, buildable and long-lasting eye makeup, crease-proof smooth liquid eyeshadow, Tan eyeshadow palette",1731173975669838623,"$2,466.08"
tarynupmyheart__,Health,$485.30,Toys & Hobbies,$447.29,"Nello Supercalm Tub (2-Pack): Calming Drink Mix with KSM-66 Ashwagandha, Vitamin D3, Magnesium & L-Theanine – Supports Cortisol Balance, Mood & Sleep, Helps Manage Occasional Stress – Tub (30 Servings) Mental Clarity Relaxation",1730363479151776184,$485.30,"Tinyfunz Montessori Pre-Assembled Multi Activity Playset - Unisex Preschool Busy Board, Travel-Ready Book Kids Toys, Sensory Toy with Flash Cards, Animal Icons, Safe Plastic Stickers, 3-6 Years Gift",1729496900283568665,$447.29,,,,,,,,,
taxicabbbbbbb,Womenswear & Underwear,"$1,325.03",Beauty & Personal Care,$264.75,BraSculpt Strapless Bodysuit Thong,1730963087669432340,$260.20,"Dazzle Dry Professional 4-Step Mini Kit - 5-Piece Long-Wear Chip-Resistant Nail Polish, 0.93 fl oz Total Base Coat for Fingernails & Toenails, Manicure, Nail Art, Daily Use, Anti-Peeling High-Performance Formula",1731463241978843345,$227.35,"Women's Solid Color Ruched Tie-neck Halter Slip Dress, Sexy Deep V Neck Sleeveless Backless Lace-up Plain Slim Fit A-line Short Dress, Bodycon Dresses, Party Club Date Holiday Daily Casual Elegant Dresses For Ladies All Seasons Summer Fashion Clothes Wear",1732413972420923697,$198.50,Cider Knit High Neck Sleeve A-line Maxi Dress With Belt,1732071569560670295,$159.42,"CAKES Tape -  The Easy-to-Use, Better-for-You Boob Tape",1732269873025684031,$126.07
tayloradis,Textiles & Soft Furnishings,"$57,008.10",Womenswear & Underwear,"$39,438.61","Comfrt | The Dreamer Blanket | Oversized, Cozy, Soft Warm Throw",1729931833196778371,"$53,580.21",Comfrt | Signature Hoodie - Mega | Soft Comfy Roomy Everyday Essential Unisex Hoodie,1732546842579407747,"$12,191.62",Comfrt | Inflate Zip Hoodie | CloudTouch Fleece Zip-Up With Built-In Travel Pillow & Eye Mask,1732586599091770243,"$5,128.39",Comfrt | Lavender Ember Heated Blanket | Plush Faux Fur Blanket With 6 Heat Settings & Natural Lavender,1732687061090079619,"$3,408.89",Comfrt | Waffle Lounge Tee | Textured Waffle Knit Casual Fit Loungewear Top,1731425990041768835,"$3,109.12"
thatgirlkaty2,Beauty & Personal Care,"$20,202.82",Luggage & Bags,"$6,018.29","tarte BB blur tinted moisturizer SPF 30 - instantly brightens, hydrates & smooths your skin",1729584174847071164,"$6,255.52",The Lip Butter Balm Minis,1732656228199928566,"$3,003.50",Montana West Purses for Women Hobo Crossbody Bags Ladies Shoulder Handbags Tote Bags with Wallet,1731453742888161812,"$2,719.95",MAC Everyday Lip Trio - Lip Pencil + M·A·Cximal Silky Matte Lipstick + Squirt Plumping Gloss Stick,1731425651113300633,"$1,642.93","【Restocked】PUFFIT STM-TEX Waterproof Relaxed Fit Hoodie Coat Warm Half Zip Rain Jacket With Adjustable Waist,Hood & Cuffs,Large Kangaroo Pocket,Shell Jacket,Ski Jacket,Windbreaker,Fall&Winter Jacket ,Dog Walking,School Running,Womenswear,2026 Shopping",1731300408223895887,"$1,435.09"
thatmombeth,Womenswear & Underwear,"$9,206.53",Fashion Accessories,"$1,345.22","Pembrook Ankle Diabetic Socks for Men and Women - 6 Pairs, Neuropathy Relief, Comfortable, Mesh, Smooth Tops, Wide Toe Box, Breathable, Maximum Stretch, Fits Running, Walking, Selfcare, Vibrant Fade-Resist Multiple Colors",1732254022991253659,"$4,235.43","Tewiky 14K Gold Plated 39 inches Lariat Long Gold Necklace for Women Adjustable Snake Chain with Bead Dress Sweater Chain 14K Gold Plated Y-Shaped Drop Dangle Prom Jewelry Gold summer outfits Gifts, Jewelry For Women, Gold Jewelry,sohochic",1732422152422986545,$943.61,"INNERSY Women's High Waisted Cotton Panties 5-Pack, Soft & Breathable Underwear, Comfortable Full Coverage Briefs for Everyday Wear, Stretchy & Durable Bag Lingerie Fabric",1729500608420024700,$866.65,"BLOOMCHIC Plus Size Women Clothing Stylish Plaid Flannel Overalls - Smooth Fit Polyester Everyday Garment, Wide-Leg Sleeved Jumpsuit with Pockets, Simple Low Iron, [M-6X] for Swimweek Summerfinds，SohoChic",1732193623424602185,$599.45,"Pembrook Low Cut Diabetic Socks for Men and Women - Ankle Socks with High Stretch, Non Binding, Breathable Mesh, Smooth Fit, Cushion for Sitting, Moisture Wicking, Neuropathy Socks",1732254026447687835,$447.16
thatnordicblonde,Beauty & Personal Care,"$50,099.24",Womenswear & Underwear,$619.59,"[Dr.Melaxin Official] Zero-Fit Korean Pimple Patch Duo, 144 Patches (72 x 2) | S-ZINC Blemish Spot Patch + MELA-C·E Dark Spot Patch | Ultra-Thin Invisible Micro Patches, Pre-Makeup Fit | Korean Skincare",1732544791635398683,"$45,890.36",tarte Big Stick Energy duo – shape tape concealer stick & brush,1730956811325510588,"$2,391.53","Women's Vintage Geometric Flora Print Eco Satin Loungewear Bathrobe - Bagheera, Ink Color",1729412462863815558,$430.77,"ONE/SIZE | Secure The Sweat Sweat-Proof Aluminum-Free Primer - Waterproof, Sweat-Resitant, Makeup-Locking Primer | Perfect All-Day Matte Primer for Humidity",1729400094160622391,$330.70,"[Dr.Melaxin Official] S-ZINC ZERO-FIT Ultra Thin Blemish Spot Patch 72 Patches 0.013mm Invisible Pimple Stickers with Sulfur, Salicylic Acid, AHA & PHA, Acne Treatment Seamless Under Makeup Face Cover, 12mm x 72 Patches",1732621550482329627,$265.21
thattiktoklady3,Womenswear & Underwear,$89.05,,,Dokotoo Women's Casual Summer Short Sleeve V Neck Tops T-shirts - Loose Fit & Comfortable Shirring Top,1729440015233422325,$46.37,"EVALESS Women's Boho Paisley Print Polyester Blouse - Elegant V-Neck Long Sleeve Shirt with Button Closure, Lantern Sleeves, Elastic Details, Lightweight Loose Fit, Soft Women's Fashion Polyester Clothes for Office Layering, Casual Classy Elegant, Tops Fo",1729537306108792994,$26.37,"EVALESS Womens Graphic Solid V Neck T Shirts Tops Casual Ruffle Short Sleeve Blouses Boho Floral Lightweight Cute Tee 2026 Womenswear Summer Springtok Outfits  Deals For You Days summer outfits,back to school,back to school shopping Casual Chic Vneck",1729451017173110946,$16.31,,,,,,
theashleywill,Shoes,"$132,529.88",Womenswear & Underwear,"$39,100.89","EVELLYHOOTD Women's Sohochic Leopard Print Genuine Suede Leather Loafers - Mule Flats Clogs, Slip-On Casual Shoes with Arch Support for Casual Walks, Gifts for Women",1732171696888648231,"$42,829.71","Dr. Scholl's Women's Joplin Low Fashion Boot - Shoes for Women, Casual Minimalist Square Toe Design, Comfortable Block Heel, Leather & Smooth Faux Leather Construction, Footwear Fashion with Recycled Parts",1732469048422666600,"$30,374.69",Project Cloud Women's Suede Clogs Shoe | Walking Shoes Footwear | Plush Soft Insole Arch Support Lightweight Non-Slip – Foamy,1731581876213092920,"$16,532.62",Yimoon Womens Denim Shirt 100%LYOCELL Blue Button Down Jean Shirts Denim Tencel 3/4 Sleeve Tops,1732437391649313787,"$7,969.40",Halara UltraSculpt™ High Waisted Tummy Control Contrast Lace Shaping Training Leggings with Pockets,1731974392161079588,"$7,407.22"
theeverhopefulgardener,Home Improvement,$312.34,Tools and equipment,$34.37,"Vego Garden Heavy-Duty Frost Greenhouse Cover, No Frame Needed, with Zipper for All-Weather Plant Protection, Extends Growing Season Against Frost, Rain, Wind & Hail, Heavy Duty Greenhouse",1732022516686295900,$297.06,"SEESE 6-Inch Mini Chainsaw Cordless, Portable Cordless Electric Chain Saw for Wood Cutting, Pruning, Gardening & Camping, 2000mAh Battery Included, Suitable for Seniors & Women",1730525978798559895,$34.37,"1/2 Pcs Copper Disc for Bird Bath, 2mm Thick Water Purifier for Clean Water Year-Round, Three-Point Support Design, Stable, Compatible with Outdoor Bird Baths",1732288298124940274,$20.63,"BN-LINK 5-Pack Round 5-Gallon Heavy-Duty Aeration Nonwoven Fabric Above-Ground Garden Bags with Handles, Drainage Holes, Lightweight Design for Easy Movement, Ideal for Outdoor Vegetables, Flowers, Patio Planters, Outdoor Garden Planters",1729476753213199712,$15.28,TERRO Ant Killer Bait Stations T300 - Liquid Bait to Eliminate Ants - Bait System - 6 Count Stations for Effective Indoor Ant Control,1732388753953820977,$7.89
thejaydonwalker,Sports & Outdoor,$274.63,Shoes,$59.99,"JRing Unisex Full-Face Diving Mask, Functional Diving Gear with Detachable Action Camera Mount, 180° Panoramic View, Anti-Fog, Anti-Leak, Elastic Fit Adjustable Straps Snorkeling Set for Adults",1731483862721467037,$204.73,"【SohoChic】NORTIV 8 Men's Tactical Work & Safety Footwear - Plain Leather Upper, Breathable Fabric, Abrasion-Resistant, Non-Slip, Round Toe, Lace & Zipper Closure - Midnight Shoes for Work, Camping, Fishing (father, tiktokshopspringglowup, summerwins)",1730583533399347597,$59.99,Golf Pocket Mag Towel - Black & Golf Club Water Brush Pro Bundle,1731114266214568031,$47.98,"G GRADUAL Menswear Men's Classic Chino Pants - Polyester Fabric, Soft Stretchy, Quick-Dry, 4-Pockets, Belt Loops, Plain, 3D-Cut Sleek Tailored Casual Fit, Multi-Size with 30""/32""/34"" Inseams for Work, Travel",1731757375996728017,$34.99,"Arttodo Folding Butterfly Golf Divot Tool with Bottle Opener - Compact, Durable, Stylish Golf Gadget, Ideal Gift for Golfers, Golf Gadgets",1731078909335605313,$21.92
themagicalmillennial_,Womenswear & Underwear,"$16,856.95",Phones & Electronics,"$12,138.44","Pick Your Poison 2 Sides Comfort Colors Shirt, Retro Halloween Shirt, Vintage Oh Right That Poison, Llama Poison For Kuzco, Spooky Season Gift",1731753706520482549,"$14,397.34","MAGIC JOHN Screen Protector 2 Pack for iPhone, Samsung, Google Smartphones & Cellphones - Clear, Privacy Protective, Fingerprint Resistant, Dustproof, Bubble-Free Installation Design, Smartphone, Tempered,back to school,back to school haul",1731240700630176089,"$5,426.88","MINISO x Disney Mickey  French Square Bag - Women's Cute Mini Crossbody Shoulder Handbag for Daily Outfits, Travel, Back To School, Crossbody Bags For Women, Casual Wear, Messenger Bag Women",1732424487396020814,"$5,419.71","【Magnetic Power Bank】Anker 5,000mAh Magnetic Power Bank, Wireless Portable Charger with Foldable Stand & Side USB-C Port, Battery Pack for iPhone 17/16/15/14/13#DealsForYouDays",1729386204817625168,"$2,810.94","NEEWER NL48B Magnetic MagSafe Selfie LED Ring Light for iPhone/Android Smartphone & Cellphone, 0.3m Portable Vlogging Equipment with Mirror, Stand, USB Rechargeable, Adjustable, Camera-Compatible Phone Accessories for Content Creator",1731099434999845429,"$1,509.21"
thenursethattoks,Health,"$1,487.19",Beauty & Personal Care,"$1,012.49","Liposomal Glutathione Capsules – Skin Glow, Immune & Detox Support (60 Count) - Rosabella",1732307596354622214,$666.48,"Resonance Sound Healing Tuning Fork Set – 128Hz, 136.1Hz, 256Hz, 384Hz with Activator – Sound Therapy for Stress Relief, Deep Relaxation & Chakra Balancing",1730835799600697670,$597.42,"2 x Rosabella Moringa Capsules (800mg) for Immune Support, Gut Health & Vitamins",1729464033034539782,$588.55,"HAPPY CURVES Comfort Powder: Talc Free Anti Chafe Body & Foot Dusting Powder Deodorant to Control Inner Thigh Chafing, and Private Areas(Pack of 1)",1729662049108267787,$571.68,"FLYBIRD Series HA1 Compact Glutes Exercise Machine - Sturdy Steel Base Home Gym Lower Body Trainer, Hip Abductor & Adductor Exercise Equipment with 6 Adjustable Resistance Bands, Dual Foot Bar, Dual Modes, Up to 108LBS Resistance",1732311459558298397,$394.64
theraysfinds,Beauty & Personal Care,"$2,725.81",,,tarte colored clay CC undereye corrector,1729734769623929788,"$2,133.15",tarte baked & buttered duo - shape tape concealer & 2-in-1 cream & powder blush,1732204592239645628,$265.15,"M3 Naturals Gentle Anti-Cellulite & Skin Tightening Body Oil Set (8 fl oz) - Lightweight, Lemon/Eucalyptus Scent, Lymphatic Drainage Massager, Fascia Blaster, Detachable Roller, Flash Sale Beauty Product for Contoured Skin (Non-Sticky)",1731962083853505300,$241.84,tarte Big Stick Energy duo – shape tape concealer stick & brush,1730956811325510588,$26.00,tarte x @itsmaureenkelly lash cocktail - tartelette tubing mascara & primer,1730968659830019004,$23.68
therestadfam,Baby & Maternity,"$7,199.55",Luggage & Bags,"$4,995.33",Fashion Kids Girls Summer Clothes Sets Plaids Fly Sleeve Shirts Tops Cow Ruffles Denim Skirts Headband Outfits,1731302138323178276,"$6,841.06",Smart Luggage Tags (Navy 2-Pack) | Keeps Personal info Private With Durable Privacy QR Code | Use with Away GPS Bag Locator & Air Tag | Android or iOS,1729743237228630042,"$3,157.18",【Creator’s Pick】Halara UltraSculpt High Waisted Tummy Control Pocket Shaping Training Leggings,1729406821413261604,"$2,330.26",NFL Bi-Fold Wallet,1731080588508959687,"$1,809.37","Comfort Colors Gilmore Ghouls Shirt, Halloween Fall Vibes T-shirt, Autumn Festival Shirt, Spooky Gilmore Girls Fan Sweater, Halloween Gift",1731638151981535389,"$1,019.76"
thesleevedchick,Pet Supplies,$59.42,,,"Fresh Patch Real Grass Standard (24"" x 16"")",1729385806810747091,$59.42,,,,,,,,,,,,
thetonilacross,Beauty & Personal Care,"$41,509.41",Health,"$7,309.21","INIA GLOW FLEX 1064nm Deep-NIR Red Light Therapy System, From Full-Body Panel to Wearable Wellness, Cordless Body Strap for Relief, Sleep & Full-Body Glow,Summer Beauty Gift Ideas,back to school,back to school haul",1732295446335164690,"$18,403.57","INIA CURVIFY EMS Booty Lift Fitness Shorts - Female Sports Fitness Shapewear for Women, Multi-Mode EMS Microcurrent, Glutes Sculpting, Pelvic Floor Support, Visible Results in 2-4 Wks",1729479457563251986,"$15,232.00","BODYHEALTH PerfectAmino Fitness & Gym Powder - Essential Amino Acids for Muscle Recovery (6x Whey Protein Power), Vegan, Allergen-Free (Gluten, Dairy, Soy, MSG), Sugar-Free, Skin Care Collagen Supplement (6 Flavors Including Vanilla)",1731349100249977343,"$5,041.61","BODYHEALTH Perfect Amino Tablets - Essential Amino Acids & BCAAs Muscle Recovery Protein Without Caloric - Vegan, No Gluten, Dairy, Soy, Sugar Supplement, Optimum Protein Health & Fitness Healthcare Dietary, Protein Powder, Gym, Collagen",1731353675811295743,"$1,924.65","INIA TURBO All-in-One Wearable Body Sculpting Belt, 3-Engine Synergy: 1000+ RPM Vibration, Bipolar EMS, Red/NIR Light & Heat for Core Toning & Waistline Sculpting, Smart Wellness Gift for Women,back to school,back to school haul",1732374097092907282,"$1,516.66"
thisblondieee,Textiles & Soft Furnishings,"$9,737.54",Womenswear & Underwear,$210.28,"Bedsure 100% Rayon Derived from Bamboo Cooling Sheets 3-Piece Set, Breathable Weave Keeps Nights Airy, 16"" Deep Pocket, Silky Soft, Hotel Style Bedding, Tumble Dry Safe, 1-Step Set for Quick Bed Refresh",1731367134008480341,"$7,141.66","2-Pcs Decorative Soft Chenille Throw Pillow Covers, Solid Neutral Farmhouse Textured Cushion Covers for Couch, Sofa, Bedroom and Living Room",1732385776730870191,"$2,069.80",Comfrt | Luna Lounge PJ Set | Long Sleeve Soft Matching Pajamas,1731835362753483651,$120.99,"Bedsure Cooling Bamboo Waffle Cooling Bedding Blanket - Lightweight Breathable Rayon-from-Bamboo & Cotton Throw for Hot Sleepers, Moody Color, Oversized King, Comfy Couch & Bed, House Decor Cozy Setup, Elevates Any Bedroom",1729467012925854293,$102.82,"Bedsure 3 Pieces Cute Floral Bedding Reversible Comforter Set -Soft  Bed Set, 1 Soft Botanical Flowers Comforter and 2 Pillow Shams Gifts",1729496950140408405,$77.33
thrivewithlolita,Beauty & Personal Care,$731.15,Food & Beverages,$461.10,"4pcs Classic Coffee Mugs Set - 14oz Vintage Glass Coffee Cups Sets with Embossed Bamboo Lids & Spoons, Women's Gift, Kitchenware for Overnight Oats, Tea, Latte",1732507123636015335,$318.25,"Fly By Jing Chili Crisp Trio – Premium Chili Sauces – Original, Sweet + Spicy & Xtra Crunchy Flavors – Vegan & Non-GMO, 3-Pack",1729388738890601082,$281.83,INSTAFACIAL PLASMA BIOACTIVE GROWTH FACTOR SERUM - FULL SIZE,1730412379524207306,$200.00,"Wonderskin WONDER BLADING Lip Stain Masque – Long-Lasting, Waterproof, Transfer-Proof Lip Stain with Hydrating Vegan Formula for Soft, No-Fade Lips",1729407540442862434,$143.07,"Wonderskin Icons Set – Warm Rose (Whimsical, Charming, Lovely, XOXO) Long-Lasting No-Fade Color + FREE Top Gloss",1732217607023924066,$85.59
tikitytokexpress,Home Supplies,$254.78,Beauty & Personal Care,$252.31,"5oz Crystal Plastic Dessert Cups with Lids & Spoons - Disposable Square Parfait Cups for Mousse, Tiramisu, Pudding, Party & Catering eco-friendly Individual Dessert Cups Transparent Cups Plastic Cups Set Ice Cream Cups Disposable",1729492625946415307,$225.80,"Grandma Chocolate & Vanilla Snack Variety Pack - Pack of 24 Chocolate Chip, Brownie Chip and Mini Chocolate & Vanilla Sandwich Creams",1729598323506451290,$187.15,"Katie's Limited Edition Chrome Shimmer Silver Rose Mixed Cosmetic Set - 25 Beginner-Friendly Beauty Products, Glossy Eye Shadow Palette, Lip Glosses, Eyeliner Pens, Sensitive & Acne Prone Safe, Pink Gift Box, Black Friday Pick, Gifts for Mature Women",1732149394387538488,$146.23,"Katie Limited-Edition Chrome Shimmer Cosmetic Set - 25 Pieces Blind Box with Acne Prone Sensitive-Friendly Eye Shadow Palette (Soft Silver,Rose,Sweet Pink), Eyeliner, Lip Gloss, Color Correction - Ideal Black Friday, Valentine's Day Gifts for Women",1732160734452617784,$106.08,PowderPops Cotton Candy Gusher Bursts 6OZ - Sweet Viral Cotton Candy-Coated Fruit Snack Gummies,1729857671209915041,$38.29
tonya.wellness.np,Beauty & Personal Care,$529.71,Computers & Office Equipment,$291.64,15% Azelaic Acid Complex Advanced Clarifying Serum,1732684677744268246,$422.15,"Seagate IronWolf ST4000VN006 4TB 5400 RPM 256MB Cache SATA 6.0Gb/s 3.5"" Internal Hard Drive",1729387167628825302,$291.64,PRETTYGARDEN Women's Pink Hooded Sweatshirt Long Sleeve Half Zip Cropped Pullover with Zipper & Stitching Detail for Winter Fashion,1731127170601750895,$35.99,"10% Glycolic Acid Treatment Tonic - Gentle Anti-Acne Soothing Exfoliant for Adults' Dry Skin, Cleansing, Hydrating, Hyperpigmentation & Pore Improvement, Oil Control Skin Care Products with Vitamin C (Single Item) Skin Repair, 10% Aha Cell Turn, Retinol,",1729431788859658844,$28.50,REMEDY Copper Peptide Complex Advanced Firming Serum,1732482657895420886,$28.49
tonyasbeautyfinds,Beauty & Personal Care,$90.81,Health,$15.97,socialite smokeshow shadow & liner trio,1732532971199042492,$90.81,"Grüns Superfood Gummy Bears: Comprehensive nutrition supplement with 60+ ingredients: Vitamins and Minerals, Prebiotics for Digestive Health, Adaptogens, Chlorophyll, Chlorella, Fruits and Vegetables, Gluten Free, Vegan, Third Party Tested",1729457221611458715,$15.97,,,,,,,,,
tonyashomefinds,Computers & Office Equipment,$146.01,Toys & Hobbies,$38.78,"UGREEN DH2300 2-Bay Diskless Desktop Network Attached Storage (NAS) for Beginners, 4GB RAM On Board, Ethernet, AI Photo Album, Private Cloud-Remote Access, File/Phone/Multi-Device Backup, Screws & Screwdriver, Power Adapter, Plastic Construction",1731959555406008806,$146.01,"ALPHA GROUP 131PCS STEM Magnet Blocks Set - Magnetic Construction Set with 2 Transportation Cars, Colorful STEM Shape Learning Kids Toys, Safe Versatile Toy for Ages 3-8 (Stimulates Creativity, Enhances Spatial Awareness)",1730905386363687572,$38.78,,,,,,,,,
torineu04,Beauty & Personal Care,"$5,630.98",Pet Supplies,"$2,783.93","CATPICK Interactive cat toys for indoor cats—automatic feather toy that flutters like a bird, USB-rechargeable electric cat teaser with a suction cup base, 360° rotating cat toy, and smart, sensor-activated self-play puzzle toys designed for bored cats",1731871756732240238,"$2,704.97","TYMO ROVY COMPACT 1-Inch Deep Wave Hair Crimper & Curling Iron - Negative-Ionic Ceramic Hair Tool, Dual Voltage 100-240v, Lightweight Anti-Frizz Wavy Styling Tool for Hollywood Waves, Travel-Friendly Dorm Essential",1729442199827812830,"$2,381.71",PRAVANA Intense Therapy Leave-In 10oz: Hydrating Mist,1730059716675736327,"$1,045.28",Oil Sucker Liquid Blotting Paper Spray,1732372572393083703,$771.22,"I DEW CARE Korean Instant Volumizing Dry Shampoo Powder l Tap Secret | Benzene-free, Non-aerosol, Natural, Made with Black Ginseng and Biotin for Haircare,  Comfort, Cleansing, Cleanser, Voluminous",1729441786522341812,$569.56
torivofficial,Menswear & Underwear,$115.98,,,Big Bad Wolf Hoodie,1731272430086164647,$59.99,Looneez Hoodie,1730799033973444775,$55.99,,,,,,,,,
trinity.blair,Beauty & Personal Care,"$7,563.52",Womenswear & Underwear,"$1,060.25","LADYSPOT SpinDuo Women's 2-in-1 Electric Bikini Trimmer - 180° Rotating Head, SpotGlide Ceramic Blade, 3-Step Trim-Shave-Red Light, Light & Mirror, IPX7 Wet Dry Use, Built-In Batteries, USB-C Hair Removal Tool",1732436942825230936,"$1,207.37","Wavytalk Bare It IPL Hair Removal with Ice Cooling, 3 Modes & 24J Dual-Pulse for Salon-Level Results on Face, Body & Bikini, Painless & Precise",1729531973032121205,"$1,195.11","Dr.Leo Drying Lotion 20ml | Acne Treatment | Shrinks Pimples in 24H & Fades Marks in 7 Days | 1.8% Encapsulated Salicylic Acid, 4% Niacinamide & 10% Sulfur #SohoChic",1730976893467791979,"$1,090.04","Strapless Push Up Sticky Bra for Women - Seamless Adhesive Silicone Invisible Bra, Waterproof Sweat-Proof, Reusable, Derm-tested, Backless Cleavage Lift for Wedding Party Date Night Summer",1731141931395616870,"$1,060.25",The Balance Bundle - Feminine Hygiene Self Care Products,1729405553725182854,$704.00
trixietracks,Beauty & Personal Care,$750.11,Health,$250.86,"HooHa Bundle, Coochy Shave set,",1732153797233053812,$251.82,"Shark FlexStyle Marilyn Monroe Icon Collection Air Styling & Drying System, Frosted Diamond - HD442JW",1732479635802395552,$234.99,"Horbäach Liquid Chlorophyll Drops - 2 oz - Vegan, Non-GMO, and Gluten Free Formula - Natural Peppermint Flavor",1730928849486975148,$224.32,"The ""Big"" Fine Mist Can",1731018219702685802,$148.30,Salt.Xo pH-Balancing Intimate Wash - Gentle and Soothing Cleanser for Women - Mint,1729553361634365641,$66.32
ttsdani25,Household Appliances,"$1,198.26",Toys & Hobbies,$39.30,AquaTru Carafe Home Water Filter,1729560031752655812,"$1,198.26","JOYIN Slow Rising Butter Stick Squishies Toy - Oddly Satisfying Durable PU Pocket Stress Relief Sensory Stress Reliever, Hygienic Fidget Toy for Neurodivergent Individuals, 1/Regular/Jumbo Options, 8+ Years Birthday Gift",1732431670690288465,$39.30,"Ultrean Digital Kitchen Weight Scale - 11lb Capacity Food Scale with 6-Unit Conversion, Tare Function, Auto-Off, Backlit, 1g Precision, 4 High-Precision Sensors, Alkaline Batteries Included, for Baking, Meal Prep, Medium (7.4*5.5 in), Kitchen Accessories",1729409004822696061,$19.38,,,,,,
ugcwithbrii,Womenswear & Underwear,"$54,034.20",Beauty & Personal Care,"$50,959.79",Bur Bur Mermaid Brush - Essential Brush with Ethically Sourced Bristles & Natural Rubber Cushion for Medium to Thick Hair,1729964731527696782,"$26,470.93",CHICME Built-in Bra Tank Top Ribbed Racerback Tops Women Going Out Tops Everyday Basic Tanks Padded Tops,1729484235456352758,"$19,042.93",Bur Bur Mermaid Bundle Featuring Growing Season Hair & Scalp Treatment and Your Choice of Mermaid Brush - Essential Boar Bristle or Wet Detangling Brush,1729964781015241102,"$13,019.02","Topyangs 2-Pack Stainless Steel Cat Litter Box, Extra Large Non-Stick Rust-Proof Metal Tray with High Sides Splash Guard, Leak Proof, Easy Cleanup for Multi-Cat Households",1731999342311543122,"$11,952.83",LUCKMEEY Womens Strapless Front Closure Bra Push Up Lift Bra Padded Add Cup Non Slip  Anti-Slip Grip & Removable Straps Fit Outfits Wireless Supportive  Seamless Comfortable,1732282937141662165,"$9,020.49"
vanessaanaya30,Womenswear & Underwear,"$222,034.17",Sports & Outdoor,"$29,839.82",Unlined Plunge Scoop Bra Lace Trim Balconette Sexy Underwire Demi Bras Deep V,1731992992760893731,"$60,788.35","YEOREO Women's Fitted Halter V-Neck Longline Sports Bra - Buttery Soft Padded Workout Tank Top, Backless Strappy Yoga Cami, Going Out Travel Essentials (Summer Sports & Outdoor Wear)",1732405592203432921,"$16,499.86","Wandal Women’s 100% Cotton Cropped Short Denim Bomber Jacket - Oversized Light Wash Jean Jacket, Stand Collar, Front Zipper, Drop Shoulders, Casual Streetwear for Fall Winter Outerwear",1732585362814570744,"$15,431.28",SCUSTY Women’s Lightweight Fleece Pullover Jacket Cropped Fall Winter Fuzzy Sherpa Jacket Sweatshirt Coat with Pockets,1729630973397078259,"$12,202.92",Inbarely Soft Single-Layer Basic Long Sleeve Shirts See Through Breathable Wear Casual Sporty Shirt,1731641065545634032,"$11,259.88"
victoriaperciballi,Luggage & Bags,$190.40,Fashion Accessories,$69.00,"Women's Solid Color Credit Card Holder, Fashionable Small PU Leather Wallet, Casual All-Match Commuter Card Bag for Work & Daily Use, Great Gift for Girlfriend, Card Slot, Card Pouch",1729434155173187651,$190.40,"Cider [2 colors, size One Size-One Size] All Over Print Winter Warm Shawl",1729462576055619671,$69.00,Nellie Mini Dress Black Polka Dot,1729444126711321189,$65.98,"Miss Mouth's Messy Eater Stain Treater Spray - Fast Acting Greasy Cleaning Spray, Heavy Duty Cleaner, All-Purpose Stain Treat & Odor Eliminator, Home Cleaning Products for Newborn Essentials, Laundry, Underwear & Fabric",1732306344375128248,$20.10,,,
vitulls,Baby & Maternity,"$2,545.12",Pet Supplies,"$1,024.23","Baby wipes, Momcozy wipes - oversized, cleansing and moisturizing children's wipes, baby products, products for girls and boys, unscented baby wipes, portable maternal and child gifts, safe baby wipes",1729406715603031015,"$1,718.53",Comfrt | Signature Paw Hoodie | Durable Leash Opening Matching Pet Hoodie,1729541391824229251,$942.83,"Aowos Modern Fluted Sideboard, Sideboard Cabinet, Wooden Dresser for Bedroom with 2 Wide Drawers, Entryway Table, 55"" Buffet Cabinet with 2 Adjustable Shelves, Storage Cabinet for Dining Room, Entryway, Kitchen",1730708967161893218,$395.97,PAVOI 14K Gold Plated Graduated Simulated Diamonds Bezel Set Tennis Bracelets for Women - Cubic Zirconia Round Statement Bride Bracelet,1730908702761456136,$344.43,Persona Cosmetics 24HR Waterproof Eyeliner Sharpen-able Eye Pencil - Cruelty-Free Vegan Makeup Cosmetic,1729405889651904902,$259.74
wesleyrbarker,Womenswear & Underwear,"$47,364.31",Beauty & Personal Care,"$2,291.49",BOOMBA Demi Boost - Patented Sticky Inserts For demi-cup styled clothing - Outfit enhancer,1729451016473711531,"$11,990.93","Summerwins Women's Fitted Plain Ruffle Goth High-Low Side Tie Skirt - Hand Wash, Style, Lady, Halloween Clothes, Alt Clothing, Skirts for Women, Steampunk Victorian Pirate Costume Bottoms, Alt Formal Wear 6388-D1",1730895192270607226,"$5,611.04",CAKES Body Cleavage Bra™ - Seamless Sculpting Bra with Silicone Cups for Full Cleavage Reusable Matte Finish Ideal for Strapless & Backless Tops Womenswear Basic,1732022163491426879,"$5,167.78",BOOMBA Micro Lift Adhesive Inserts - Patented Sticky Inserts,1729451071793173419,"$2,381.80",BOOMBA Invisible Lift - Patented Sticky Fashion Bra Inserts Prevents Nipple Slips No Sewing Required Low Cut Tops Womenswear,1729451034361697195,"$2,282.71"
whatlololikes,Womenswear & Underwear,"$515,897.17",Shoes,"$73,683.55",PrettyGarden Women's Oversized Cardigan Sweater Fall Long Lantern Sleeve Knit Open Front Lightweight Sweater Knitwear Tops,1731208195967717743,"$87,810.17","Sidefeel Women's Open Front Herringbone Cardigan Sweaters | Soft Chunky Knit, Long Sleeve Colorblock Cardigans, Oversized Sweater Coat with Pockets, 2026 Fall Outfits, Casual Daily Wear",1731722440011059468,"$53,720.57","UTCOCO 2026 New Women's Fluffy Basic Rainbow Striped Long-Sleeve Crew Neck Button-Down Nylon Knit Cardigan, Casual Loose Soft Outerwear for Beach, Pairable with Leggings",1732517558282916321,"$28,524.78",Imily Bela Womens Warm Puffer Down Jacket Hooded Winter Casual Lightweight Mid Quilted Coat with Pockets,1732606165957710638,"$24,834.32","Women's COSY ISLAND CharmElle Minimalist Fashion High Heel Stilettos - Sparkle Pointed Toe, Elastane Ankle Strap, Classy Plain Footwear, Elegant Formal Wear Pumps",1732185662925279671,"$14,203.35"
withlove.willo,Food & Beverages,"$2,523.52",,,"Farmer Hydrate - Electrolytes Made From Real Fruit, French Salt, & Organic Coconut Water",1731884296251281946,"$2,226.32",Farmer Protein Powder - Third Party Tested,1730763996470809114,$101.45,Farmer Hydrate Single Serve Variety Pack,1732413914727354906,$86.26,Farmer Hydrate Stick Pack Bag,1732413885355561498,$77.99,Farmer Protein Powder Variety Pack - 4 Flavor and 3 Flavor Option,1731206203283247642,$31.50
yourpassportpal,Shoes,"$28,006.88",Jewelry Accessories & Derivatives,"$18,752.22",The Barb Wire Choker Danielle Guizio X The M Jewelers,1732377057880544126,"$10,579.97",CEFIRO Uluh Bag with Guard - Mediem - Stylish Handbag with Gold Hardware and Adjustable Strap for Everyday Use,1732354352924102675,"$9,047.06",Cushionaire Maki Tabi Flats for Women | Classic Split‑Toe Ballet Flat Design with Breathable Upper and Soft Flexible Sole | Cushioned Footbed for All‑Day Comfort,1732484781402592124,"$8,948.02",Lug Classic Zip Accessory Stand & Storage - Slumber,1732476764390724551,"$7,001.69",Aelfric Eden Hotfix Rhinestone Star Zip Up Hoodie Vintage Washed Hoodies Streetwear Hooded Sweatshirts Jackets Unisex zip up hoodie,1731332436521488994,"$6,028.24"